    5  307   54
  26.981  28.085   1.000  12.011  16.000
   98    1  0.0150  0.0000  0.0000
  0.000000000000   0.000000000000   0.000000000000
  0.000000000000   0.000000000000   0.000000000000
  0.000000000000   0.000000000000   0.000000000000
  0.000000000000   0.000000000000   0.000000000000
  0.000000000000   0.000000000000   0.000000000000
  0.000000000000   0.000000000000   0.000000000000
  0.000000000000   0.000000000000   0.000000000000
  0.000000000000   0.000000000000   0.000000000000
  0.000000000000   0.000000000000   0.000000000000
  0.000000000000   0.000000000000   0.000000000000
  0.000000000000   0.000000000000   0.000000000000
  0.000000000000   0.000000000000   0.000000000000
  0.000000000000   0.000000000000   0.000000000000
  0.000000000000   0.000000000000   0.000000000000
  0.000000000000   0.000000000000   0.000000000000
  0.000000000000   0.000000000000   0.000000000000
  0.000000000000   0.000000000000   0.000000000000
  0.000000000000   0.000000000000   0.000000000000
  0.000000000000   0.000000000000   0.000000000000
  0.000000000000   0.000000000000   0.000000000000
  0.000000000000   0.000000000000   0.000000000000
  0.000000000000   0.000000000000   0.000000000000
  0.000000000000   0.000000000000   0.000000000000
  0.000000000000   0.000000000000   0.000000000000
  0.000000000000   0.000000000000   0.000000000000
  0.000000000000   0.000000000000   0.000000000000
  0.000000000000   0.000000000000   0.000000000000
  0.000000000000   0.000000000000   0.000000000000
  0.000000000000   0.000000000000   0.000000000000
  0.000000000000   0.000000000000   0.000000000000
  0.000000000000   0.000000000000   0.000000000000
  0.000000000000   0.000000000000   0.000000000000
  0.000000000000   0.000000000000   0.000000000000
  0.000000000000   0.000000000000   0.000000000000
  0.000000000000   0.000000000000   0.000000000000
  0.000000000000   0.000000000000   0.000000000000
  0.000000000000   0.000000000000   0.000000000000
  0.000000000000   0.000000000000   0.000000000000
  0.000000000000   0.000000000000   0.000000000000
  0.000000000000   0.000000000000   0.000000000000
  0.000000000000   0.000000000000   0.000000000000
  0.000000000000   0.000000000000   0.000000000000
  0.000000000000   0.000000000000   0.000000000000
  0.000000000000   0.000000000000   0.000000000000
  0.000000000000   0.000000000000   0.000000000000
  0.000000000000   0.000000000000   0.000000000000
  0.000000000000   0.000000000000   0.000000000000
  0.000000000000   0.000000000000   0.000000000000
  0.000000000000   0.000000000000   0.000000000000
  0.000000000000   0.000000000000   0.000000000000
  0.000000000000   0.000000000000   0.000000000000
  0.000000000000   0.000000000000   0.000000000000
  0.000000000000   0.000000000000   0.000000000000
  0.000000000000   0.000000000000   0.000000000000
  0.000000000000   0.000000000000   0.000000000000
  0.000000000000   0.000000000000   0.000000000000
  0.000000000000   0.000000000000   0.000000000000
  0.000000000000   0.000000000000   0.000000000000
  0.000000000000   0.000000000000   0.000000000000
  0.000000000000   0.000000000000   0.000000000000
  0.000000000000   0.000000000000   0.000000000000
  0.000000000000   0.000000000000   0.000000000000
  0.000000000000   0.000000000000   0.000000000000
  0.000000000000   0.000000000000   0.000000000000
  0.000000000000   0.000000000000   0.000000000000
  0.000000000000   0.000000000000   0.000000000000
  0.000000000000   0.000000000000   0.000000000000
  0.000000000000   0.000000000000   0.000000000000
  0.000000000000   0.000000000000   0.000000000000
  0.000000000000   0.000000000000   0.000000000000
  0.000000000000   0.000000000000   0.000000000000
  0.000000000000   0.000000000000   0.000000000000
  0.000000000000   0.000000000000   0.000000000000
  0.000000000000   0.000000000000   0.000000000000
  0.000000000000   0.000000000000   0.000000000000
  0.000000000000   0.000000000000   0.000000000000
  0.000000000000   0.000000000000   0.000000000000
  0.000000000000   0.000000000000   0.000000000000
  0.000000000000   0.000000000000   0.000000000000
  0.000000000000   0.000000000000   0.000000000000
  0.000000000000   0.000000000000   0.000000000000
  0.000000000000   0.000000000000   0.000000000000
  0.000000000000   0.000000000000   0.000000000000
  0.000000000000   0.000000000000   0.000000000000
  0.000000000000   0.000000000000   0.000000000000
  0.000000000000   0.000000000000   0.000000000000
  0.000000000000   0.000000000000   0.000000000000
  0.000000000000   0.000000000000   0.000000000000
  0.000000000000   0.000000000000   0.000000000000
  0.000000000000   0.000000000000   0.000000000000
  0.000000000000   0.000000000000   0.000000000000
  0.000000000000   0.000000000000   0.000000000000
  0.000000000000   0.000000000000   0.000000000000
  0.000000000000   0.000000000000   0.000000000000
  0.000000000000   0.000000000000   0.000000000000
  0.000000000000   0.000000000000   0.000000000000
  0.000000000000   0.000000000000   0.000000000000
 -0.062534650571  -0.014910964797   0.010905193659
  0.001659511072   0.020613380978  -0.022156409512
 -0.002468139022  -0.027645733037   0.029160314432
  0.000255703073  -0.000102789357   0.000693330919
  0.000016397469  -0.000033065017   0.000013430714
  0.000045326078   0.000045063499   0.000002539487
 -0.000002465941   0.000029180463   0.000048758527
 -0.000019251086   0.000085864046   0.000031273468
 -0.000016176733   0.000078796039   0.000042898379
 -0.000157884750   0.000431334432  -0.000282004235
  0.061686699545   0.013596266548  -0.008493879622
  0.002041734967   0.006031302084  -0.009879417168
 -0.001067997068   0.001531518899  -0.000082145837
  0.000085433376  -0.000383012751  -0.000345266432
  0.000030203904   0.000243272840  -0.000154716408
 -0.000001522880   0.000020552986   0.000080705851
 -0.000342670726  -0.000081783540  -0.000029668547
  0.000001627475   0.000831537056   0.001196940276
  0.000000000000   0.000000000000   0.000000000000
  0.000000000000   0.000000000000   0.000000000000
  0.000000000000   0.000000000000   0.000000000000
  0.000000000000   0.000000000000   0.000000000000
  0.000000000000   0.000000000000   0.000000000000
  0.000000000000   0.000000000000   0.000000000000
  0.000000000000   0.000000000000   0.000000000000
  0.000000000000   0.000000000000   0.000000000000
  0.000000000000   0.000000000000   0.000000000000
  0.000000000000   0.000000000000   0.000000000000
  0.000000000000   0.000000000000   0.000000000000
  0.000000000000   0.000000000000   0.000000000000
  0.000000000000   0.000000000000   0.000000000000
  0.000000000000   0.000000000000   0.000000000000
  0.000000000000   0.000000000000   0.000000000000
  0.000000000000   0.000000000000   0.000000000000
  0.000000000000   0.000000000000   0.000000000000
  0.000000000000   0.000000000000   0.000000000000
  0.000000000000   0.000000000000   0.000000000000
  0.000000000000   0.000000000000   0.000000000000
  0.000000000000   0.000000000000   0.000000000000
  0.000000000000   0.000000000000   0.000000000000
  0.000000000000   0.000000000000   0.000000000000
  0.000000000000   0.000000000000   0.000000000000
  0.000000000000   0.000000000000   0.000000000000
  0.000000000000   0.000000000000   0.000000000000
  0.000000000000   0.000000000000   0.000000000000
  0.000000000000   0.000000000000   0.000000000000
  0.000000000000   0.000000000000   0.000000000000
  0.000000000000   0.000000000000   0.000000000000
  0.000000000000   0.000000000000   0.000000000000
  0.000000000000   0.000000000000   0.000000000000
  0.000000000000   0.000000000000   0.000000000000
  0.000000000000   0.000000000000   0.000000000000
  0.000000000000   0.000000000000   0.000000000000
  0.000000000000   0.000000000000   0.000000000000
  0.000000000000   0.000000000000   0.000000000000
  0.000000000000   0.000000000000   0.000000000000
  0.000000000000   0.000000000000   0.000000000000
  0.000000000000   0.000000000000   0.000000000000
  0.000000000000   0.000000000000   0.000000000000
  0.000000000000   0.000000000000   0.000000000000
  0.000000000000   0.000000000000   0.000000000000
  0.000000000000   0.000000000000   0.000000000000
  0.000000000000   0.000000000000   0.000000000000
  0.000000000000   0.000000000000   0.000000000000
  0.000000000000   0.000000000000   0.000000000000
  0.000000000000   0.000000000000   0.000000000000
  0.000000000000   0.000000000000   0.000000000000
  0.000000000000   0.000000000000   0.000000000000
  0.000000000000   0.000000000000   0.000000000000
  0.000000000000   0.000000000000   0.000000000000
  0.000000000000   0.000000000000   0.000000000000
  0.000000000000   0.000000000000   0.000000000000
  0.000000000000   0.000000000000   0.000000000000
  0.000000000000   0.000000000000   0.000000000000
  0.000000000000   0.000000000000   0.000000000000
  0.000000000000   0.000000000000   0.000000000000
  0.000000000000   0.000000000000   0.000000000000
  0.000000000000   0.000000000000   0.000000000000
  0.000000000000   0.000000000000   0.000000000000
  0.000000000000   0.000000000000   0.000000000000
  0.000000000000   0.000000000000   0.000000000000
  0.000000000000   0.000000000000   0.000000000000
  0.000000000000   0.000000000000   0.000000000000
  0.000000000000   0.000000000000   0.000000000000
  0.000000000000   0.000000000000   0.000000000000
  0.000000000000   0.000000000000   0.000000000000
  0.000000000000   0.000000000000   0.000000000000
  0.000000000000   0.000000000000   0.000000000000
  0.000000000000   0.000000000000   0.000000000000
  0.000000000000   0.000000000000   0.000000000000
  0.000000000000   0.000000000000   0.000000000000
  0.000000000000   0.000000000000   0.000000000000
  0.000000000000   0.000000000000   0.000000000000
  0.000000000000   0.000000000000   0.000000000000
  0.000000000000   0.000000000000   0.000000000000
  0.000000000000   0.000000000000   0.000000000000
  0.000000000000   0.000000000000   0.000000000000
  0.000000000000   0.000000000000   0.000000000000
  0.000000000000   0.000000000000   0.000000000000
  0.000000000000   0.000000000000   0.000000000000
  0.000000000000   0.000000000000   0.000000000000
  0.000000000000   0.000000000000   0.000000000000
  0.000000000000   0.000000000000   0.000000000000
  0.000000000000   0.000000000000   0.000000000000
  0.000000000000   0.000000000000   0.000000000000
  0.000000000000   0.000000000000   0.000000000000
  0.000000000000   0.000000000000   0.000000000000
  0.000000000000   0.000000000000   0.000000000000
  0.000000000000   0.000000000000   0.000000000000
  0.000000000000   0.000000000000   0.000000000000
  0.000000000000   0.000000000000   0.000000000000
  0.000000000000   0.000000000000   0.000000000000
  0.000000000000   0.000000000000   0.000000000000
  0.000000000000   0.000000000000   0.000000000000
  0.000000000000   0.000000000000   0.000000000000
  0.000000000000   0.000000000000   0.000000000000
  0.000000000000   0.000000000000   0.000000000000
  0.000000000000   0.000000000000   0.000000000000
  0.000000000000   0.000000000000   0.000000000000
  0.000000000000   0.000000000000   0.000000000000
  0.000000000000   0.000000000000   0.000000000000
  0.000000000000   0.000000000000   0.000000000000
  0.000000000000   0.000000000000   0.000000000000
  0.000000000000   0.000000000000   0.000000000000
  0.000000000000   0.000000000000   0.000000000000
  0.000000000000   0.000000000000   0.000000000000
  0.000000000000   0.000000000000   0.000000000000
  0.000000000000   0.000000000000   0.000000000000
  0.000000000000   0.000000000000   0.000000000000
  0.000000000000   0.000000000000   0.000000000000
  0.000000000000   0.000000000000   0.000000000000
  0.000000000000   0.000000000000   0.000000000000
  0.000000000000   0.000000000000   0.000000000000
  0.000000000000   0.000000000000   0.000000000000
  0.000000000000   0.000000000000   0.000000000000
  0.000000000000   0.000000000000   0.000000000000
  0.000000000000   0.000000000000   0.000000000000
  0.000000000000   0.000000000000   0.000000000000
  0.000000000000   0.000000000000   0.000000000000
  0.000000000000   0.000000000000   0.000000000000
  0.000000000000   0.000000000000   0.000000000000
  0.000000000000   0.000000000000   0.000000000000
  0.000000000000   0.000000000000   0.000000000000
  0.000000000000   0.000000000000   0.000000000000
  0.000000000000   0.000000000000   0.000000000000
  0.000000000000   0.000000000000   0.000000000000
  0.000000000000   0.000000000000   0.000000000000
  0.000000000000   0.000000000000   0.000000000000
  0.000000000000   0.000000000000   0.000000000000
  0.000000000000   0.000000000000   0.000000000000
  0.000000000000   0.000000000000   0.000000000000
  0.000000000000   0.000000000000   0.000000000000
  0.000000000000   0.000000000000   0.000000000000
  0.000000000000   0.000000000000   0.000000000000
  0.000000000000   0.000000000000   0.000000000000
  0.000000000000   0.000000000000   0.000000000000
  0.000000000000   0.000000000000   0.000000000000
  0.000000000000   0.000000000000   0.000000000000
  0.000000000000   0.000000000000   0.000000000000
  0.000000000000   0.000000000000   0.000000000000
  0.000000000000   0.000000000000   0.000000000000
  0.000000000000   0.000000000000   0.000000000000
  0.000000000000   0.000000000000   0.000000000000
  0.000000000000   0.000000000000   0.000000000000
  0.000000000000   0.000000000000   0.000000000000
  0.000000000000   0.000000000000   0.000000000000
  0.000000000000   0.000000000000   0.000000000000
  0.000000000000   0.000000000000   0.000000000000
  0.000000000000   0.000000000000   0.000000000000
  0.000000000000   0.000000000000   0.000000000000
  0.000000000000   0.000000000000   0.000000000000
  0.000000000000   0.000000000000   0.000000000000
  0.000000000000   0.000000000000   0.000000000000
  0.000000000000   0.000000000000   0.000000000000
  0.000000000000   0.000000000000   0.000000000000
  0.000000000000   0.000000000000   0.000000000000
  0.000000000000   0.000000000000   0.000000000000
  0.000000000000   0.000000000000   0.000000000000
  0.000000000000   0.000000000000   0.000000000000
  0.000000000000   0.000000000000   0.000000000000
  0.000000000000   0.000000000000   0.000000000000
  0.000000000000   0.000000000000   0.000000000000
  0.000000000000   0.000000000000   0.000000000000
  0.000000000000   0.000000000000   0.000000000000
  0.000000000000   0.000000000000   0.000000000000
  0.000000000000   0.000000000000   0.000000000000
  0.000000000000   0.000000000000   0.000000000000
  0.000000000000   0.000000000000   0.000000000000
  0.000000000000   0.000000000000   0.000000000000
  0.000000000000   0.000000000000   0.000000000000
  0.000000000000   0.000000000000   0.000000000000
  0.000000000000   0.000000000000   0.000000000000
  0.000000000000   0.000000000000   0.000000000000
  0.000000000000   0.000000000000   0.000000000000
  0.000000000000   0.000000000000   0.000000000000
  0.000000000000   0.000000000000   0.000000000000
  0.000000000000   0.000000000000   0.000000000000
  0.000000000000   0.000000000000   0.000000000000
  0.000000000000   0.000000000000   0.000000000000
  0.000000000000   0.000000000000   0.000000000000
  0.000000000000   0.000000000000   0.000000000000
  0.000000000000   0.000000000000   0.000000000000
  0.000000000000   0.000000000000   0.000000000000
  0.000000000000   0.000000000000   0.000000000000
  0.000000000000   0.000000000000   0.000000000000
  0.000000000000   0.000000000000   0.000000000000
  0.000000000000   0.000000000000   0.000000000000
  0.000000000000   0.000000000000   0.000000000000
  0.000000000000   0.000000000000   0.000000000000
  0.000000000000   0.000000000000   0.000000000000
   98    2  0.0000  0.0150  0.0000
  0.000000000000   0.000000000000   0.000000000000
  0.000000000000   0.000000000000   0.000000000000
  0.000000000000   0.000000000000   0.000000000000
  0.000000000000   0.000000000000   0.000000000000
  0.000000000000   0.000000000000   0.000000000000
  0.000000000000   0.000000000000   0.000000000000
  0.000000000000   0.000000000000   0.000000000000
  0.000000000000   0.000000000000   0.000000000000
  0.000000000000   0.000000000000   0.000000000000
  0.000000000000   0.000000000000   0.000000000000
  0.000000000000   0.000000000000   0.000000000000
  0.000000000000   0.000000000000   0.000000000000
  0.000000000000   0.000000000000   0.000000000000
  0.000000000000   0.000000000000   0.000000000000
  0.000000000000   0.000000000000   0.000000000000
  0.000000000000   0.000000000000   0.000000000000
  0.000000000000   0.000000000000   0.000000000000
  0.000000000000   0.000000000000   0.000000000000
  0.000000000000   0.000000000000   0.000000000000
  0.000000000000   0.000000000000   0.000000000000
  0.000000000000   0.000000000000   0.000000000000
  0.000000000000   0.000000000000   0.000000000000
  0.000000000000   0.000000000000   0.000000000000
  0.000000000000   0.000000000000   0.000000000000
  0.000000000000   0.000000000000   0.000000000000
  0.000000000000   0.000000000000   0.000000000000
  0.000000000000   0.000000000000   0.000000000000
  0.000000000000   0.000000000000   0.000000000000
  0.000000000000   0.000000000000   0.000000000000
  0.000000000000   0.000000000000   0.000000000000
  0.000000000000   0.000000000000   0.000000000000
  0.000000000000   0.000000000000   0.000000000000
  0.000000000000   0.000000000000   0.000000000000
  0.000000000000   0.000000000000   0.000000000000
  0.000000000000   0.000000000000   0.000000000000
  0.000000000000   0.000000000000   0.000000000000
  0.000000000000   0.000000000000   0.000000000000
  0.000000000000   0.000000000000   0.000000000000
  0.000000000000   0.000000000000   0.000000000000
  0.000000000000   0.000000000000   0.000000000000
  0.000000000000   0.000000000000   0.000000000000
  0.000000000000   0.000000000000   0.000000000000
  0.000000000000   0.000000000000   0.000000000000
  0.000000000000   0.000000000000   0.000000000000
  0.000000000000   0.000000000000   0.000000000000
  0.000000000000   0.000000000000   0.000000000000
  0.000000000000   0.000000000000   0.000000000000
  0.000000000000   0.000000000000   0.000000000000
  0.000000000000   0.000000000000   0.000000000000
  0.000000000000   0.000000000000   0.000000000000
  0.000000000000   0.000000000000   0.000000000000
  0.000000000000   0.000000000000   0.000000000000
  0.000000000000   0.000000000000   0.000000000000
  0.000000000000   0.000000000000   0.000000000000
  0.000000000000   0.000000000000   0.000000000000
  0.000000000000   0.000000000000   0.000000000000
  0.000000000000   0.000000000000   0.000000000000
  0.000000000000   0.000000000000   0.000000000000
  0.000000000000   0.000000000000   0.000000000000
  0.000000000000   0.000000000000   0.000000000000
  0.000000000000   0.000000000000   0.000000000000
  0.000000000000   0.000000000000   0.000000000000
  0.000000000000   0.000000000000   0.000000000000
  0.000000000000   0.000000000000   0.000000000000
  0.000000000000   0.000000000000   0.000000000000
  0.000000000000   0.000000000000   0.000000000000
  0.000000000000   0.000000000000   0.000000000000
  0.000000000000   0.000000000000   0.000000000000
  0.000000000000   0.000000000000   0.000000000000
  0.000000000000   0.000000000000   0.000000000000
  0.000000000000   0.000000000000   0.000000000000
  0.000000000000   0.000000000000   0.000000000000
  0.000000000000   0.000000000000   0.000000000000
  0.000000000000   0.000000000000   0.000000000000
  0.000000000000   0.000000000000   0.000000000000
  0.000000000000   0.000000000000   0.000000000000
  0.000000000000   0.000000000000   0.000000000000
  0.000000000000   0.000000000000   0.000000000000
  0.000000000000   0.000000000000   0.000000000000
  0.000000000000   0.000000000000   0.000000000000
  0.000000000000   0.000000000000   0.000000000000
  0.000000000000   0.000000000000   0.000000000000
  0.000000000000   0.000000000000   0.000000000000
  0.000000000000   0.000000000000   0.000000000000
  0.000000000000   0.000000000000   0.000000000000
  0.000000000000   0.000000000000   0.000000000000
  0.000000000000   0.000000000000   0.000000000000
  0.000000000000   0.000000000000   0.000000000000
  0.000000000000   0.000000000000   0.000000000000
  0.000000000000   0.000000000000   0.000000000000
  0.000000000000   0.000000000000   0.000000000000
  0.000000000000   0.000000000000   0.000000000000
  0.000000000000   0.000000000000   0.000000000000
  0.000000000000   0.000000000000   0.000000000000
  0.000000000000   0.000000000000   0.000000000000
  0.000000000000   0.000000000000   0.000000000000
  0.000000000000   0.000000000000   0.000000000000
 -0.015068466253  -0.258459338002   0.200866903416
 -0.000068362095  -0.009628033754   0.010534029209
  0.000088157304   0.002397394913  -0.000873360384
  0.001445148007  -0.000501806825   0.000234463395
  0.000020374444  -0.000013313667  -0.000030345647
  0.000030018863   0.000095077893   0.000034906940
 -0.000003034805  -0.000026766368   0.000022897569
 -0.000011838357   0.000070936219   0.000002431062
  0.000056721457   0.000534385622   0.000271638645
  0.000415019695  -0.000217764449  -0.000151792965
  0.011918711237   0.230274631256  -0.185106023698
  0.000434636159   0.031244668995  -0.027802821110
 -0.003460230303  -0.002106912280  -0.001946906429
 -0.000571455796   0.000667870639   0.000809009198
  0.000114795654  -0.000382665745  -0.000101771672
  0.000327723320   0.000067447677  -0.000037104905
 -0.001653638265   0.001138656573   0.000017798833
  0.004304214691   0.004289392998   0.003200599879
  0.000000000000   0.000000000000   0.000000000000
  0.000000000000   0.000000000000   0.000000000000
  0.000000000000   0.000000000000   0.000000000000
  0.000000000000   0.000000000000   0.000000000000
  0.000000000000   0.000000000000   0.000000000000
  0.000000000000   0.000000000000   0.000000000000
  0.000000000000   0.000000000000   0.000000000000
  0.000000000000   0.000000000000   0.000000000000
  0.000000000000   0.000000000000   0.000000000000
  0.000000000000   0.000000000000   0.000000000000
  0.000000000000   0.000000000000   0.000000000000
  0.000000000000   0.000000000000   0.000000000000
  0.000000000000   0.000000000000   0.000000000000
  0.000000000000   0.000000000000   0.000000000000
  0.000000000000   0.000000000000   0.000000000000
  0.000000000000   0.000000000000   0.000000000000
  0.000000000000   0.000000000000   0.000000000000
  0.000000000000   0.000000000000   0.000000000000
  0.000000000000   0.000000000000   0.000000000000
  0.000000000000   0.000000000000   0.000000000000
  0.000000000000   0.000000000000   0.000000000000
  0.000000000000   0.000000000000   0.000000000000
  0.000000000000   0.000000000000   0.000000000000
  0.000000000000   0.000000000000   0.000000000000
  0.000000000000   0.000000000000   0.000000000000
  0.000000000000   0.000000000000   0.000000000000
  0.000000000000   0.000000000000   0.000000000000
  0.000000000000   0.000000000000   0.000000000000
  0.000000000000   0.000000000000   0.000000000000
  0.000000000000   0.000000000000   0.000000000000
  0.000000000000   0.000000000000   0.000000000000
  0.000000000000   0.000000000000   0.000000000000
  0.000000000000   0.000000000000   0.000000000000
  0.000000000000   0.000000000000   0.000000000000
  0.000000000000   0.000000000000   0.000000000000
  0.000000000000   0.000000000000   0.000000000000
  0.000000000000   0.000000000000   0.000000000000
  0.000000000000   0.000000000000   0.000000000000
  0.000000000000   0.000000000000   0.000000000000
  0.000000000000   0.000000000000   0.000000000000
  0.000000000000   0.000000000000   0.000000000000
  0.000000000000   0.000000000000   0.000000000000
  0.000000000000   0.000000000000   0.000000000000
  0.000000000000   0.000000000000   0.000000000000
  0.000000000000   0.000000000000   0.000000000000
  0.000000000000   0.000000000000   0.000000000000
  0.000000000000   0.000000000000   0.000000000000
  0.000000000000   0.000000000000   0.000000000000
  0.000000000000   0.000000000000   0.000000000000
  0.000000000000   0.000000000000   0.000000000000
  0.000000000000   0.000000000000   0.000000000000
  0.000000000000   0.000000000000   0.000000000000
  0.000000000000   0.000000000000   0.000000000000
  0.000000000000   0.000000000000   0.000000000000
  0.000000000000   0.000000000000   0.000000000000
  0.000000000000   0.000000000000   0.000000000000
  0.000000000000   0.000000000000   0.000000000000
  0.000000000000   0.000000000000   0.000000000000
  0.000000000000   0.000000000000   0.000000000000
  0.000000000000   0.000000000000   0.000000000000
  0.000000000000   0.000000000000   0.000000000000
  0.000000000000   0.000000000000   0.000000000000
  0.000000000000   0.000000000000   0.000000000000
  0.000000000000   0.000000000000   0.000000000000
  0.000000000000   0.000000000000   0.000000000000
  0.000000000000   0.000000000000   0.000000000000
  0.000000000000   0.000000000000   0.000000000000
  0.000000000000   0.000000000000   0.000000000000
  0.000000000000   0.000000000000   0.000000000000
  0.000000000000   0.000000000000   0.000000000000
  0.000000000000   0.000000000000   0.000000000000
  0.000000000000   0.000000000000   0.000000000000
  0.000000000000   0.000000000000   0.000000000000
  0.000000000000   0.000000000000   0.000000000000
  0.000000000000   0.000000000000   0.000000000000
  0.000000000000   0.000000000000   0.000000000000
  0.000000000000   0.000000000000   0.000000000000
  0.000000000000   0.000000000000   0.000000000000
  0.000000000000   0.000000000000   0.000000000000
  0.000000000000   0.000000000000   0.000000000000
  0.000000000000   0.000000000000   0.000000000000
  0.000000000000   0.000000000000   0.000000000000
  0.000000000000   0.000000000000   0.000000000000
  0.000000000000   0.000000000000   0.000000000000
  0.000000000000   0.000000000000   0.000000000000
  0.000000000000   0.000000000000   0.000000000000
  0.000000000000   0.000000000000   0.000000000000
  0.000000000000   0.000000000000   0.000000000000
  0.000000000000   0.000000000000   0.000000000000
  0.000000000000   0.000000000000   0.000000000000
  0.000000000000   0.000000000000   0.000000000000
  0.000000000000   0.000000000000   0.000000000000
  0.000000000000   0.000000000000   0.000000000000
  0.000000000000   0.000000000000   0.000000000000
  0.000000000000   0.000000000000   0.000000000000
  0.000000000000   0.000000000000   0.000000000000
  0.000000000000   0.000000000000   0.000000000000
  0.000000000000   0.000000000000   0.000000000000
  0.000000000000   0.000000000000   0.000000000000
  0.000000000000   0.000000000000   0.000000000000
  0.000000000000   0.000000000000   0.000000000000
  0.000000000000   0.000000000000   0.000000000000
  0.000000000000   0.000000000000   0.000000000000
  0.000000000000   0.000000000000   0.000000000000
  0.000000000000   0.000000000000   0.000000000000
  0.000000000000   0.000000000000   0.000000000000
  0.000000000000   0.000000000000   0.000000000000
  0.000000000000   0.000000000000   0.000000000000
  0.000000000000   0.000000000000   0.000000000000
  0.000000000000   0.000000000000   0.000000000000
  0.000000000000   0.000000000000   0.000000000000
  0.000000000000   0.000000000000   0.000000000000
  0.000000000000   0.000000000000   0.000000000000
  0.000000000000   0.000000000000   0.000000000000
  0.000000000000   0.000000000000   0.000000000000
  0.000000000000   0.000000000000   0.000000000000
  0.000000000000   0.000000000000   0.000000000000
  0.000000000000   0.000000000000   0.000000000000
  0.000000000000   0.000000000000   0.000000000000
  0.000000000000   0.000000000000   0.000000000000
  0.000000000000   0.000000000000   0.000000000000
  0.000000000000   0.000000000000   0.000000000000
  0.000000000000   0.000000000000   0.000000000000
  0.000000000000   0.000000000000   0.000000000000
  0.000000000000   0.000000000000   0.000000000000
  0.000000000000   0.000000000000   0.000000000000
  0.000000000000   0.000000000000   0.000000000000
  0.000000000000   0.000000000000   0.000000000000
  0.000000000000   0.000000000000   0.000000000000
  0.000000000000   0.000000000000   0.000000000000
  0.000000000000   0.000000000000   0.000000000000
  0.000000000000   0.000000000000   0.000000000000
  0.000000000000   0.000000000000   0.000000000000
  0.000000000000   0.000000000000   0.000000000000
  0.000000000000   0.000000000000   0.000000000000
  0.000000000000   0.000000000000   0.000000000000
  0.000000000000   0.000000000000   0.000000000000
  0.000000000000   0.000000000000   0.000000000000
  0.000000000000   0.000000000000   0.000000000000
  0.000000000000   0.000000000000   0.000000000000
  0.000000000000   0.000000000000   0.000000000000
  0.000000000000   0.000000000000   0.000000000000
  0.000000000000   0.000000000000   0.000000000000
  0.000000000000   0.000000000000   0.000000000000
  0.000000000000   0.000000000000   0.000000000000
  0.000000000000   0.000000000000   0.000000000000
  0.000000000000   0.000000000000   0.000000000000
  0.000000000000   0.000000000000   0.000000000000
  0.000000000000   0.000000000000   0.000000000000
  0.000000000000   0.000000000000   0.000000000000
  0.000000000000   0.000000000000   0.000000000000
  0.000000000000   0.000000000000   0.000000000000
  0.000000000000   0.000000000000   0.000000000000
  0.000000000000   0.000000000000   0.000000000000
  0.000000000000   0.000000000000   0.000000000000
  0.000000000000   0.000000000000   0.000000000000
  0.000000000000   0.000000000000   0.000000000000
  0.000000000000   0.000000000000   0.000000000000
  0.000000000000   0.000000000000   0.000000000000
  0.000000000000   0.000000000000   0.000000000000
  0.000000000000   0.000000000000   0.000000000000
  0.000000000000   0.000000000000   0.000000000000
  0.000000000000   0.000000000000   0.000000000000
  0.000000000000   0.000000000000   0.000000000000
  0.000000000000   0.000000000000   0.000000000000
  0.000000000000   0.000000000000   0.000000000000
  0.000000000000   0.000000000000   0.000000000000
  0.000000000000   0.000000000000   0.000000000000
  0.000000000000   0.000000000000   0.000000000000
  0.000000000000   0.000000000000   0.000000000000
  0.000000000000   0.000000000000   0.000000000000
  0.000000000000   0.000000000000   0.000000000000
  0.000000000000   0.000000000000   0.000000000000
  0.000000000000   0.000000000000   0.000000000000
  0.000000000000   0.000000000000   0.000000000000
  0.000000000000   0.000000000000   0.000000000000
  0.000000000000   0.000000000000   0.000000000000
  0.000000000000   0.000000000000   0.000000000000
  0.000000000000   0.000000000000   0.000000000000
  0.000000000000   0.000000000000   0.000000000000
  0.000000000000   0.000000000000   0.000000000000
  0.000000000000   0.000000000000   0.000000000000
  0.000000000000   0.000000000000   0.000000000000
  0.000000000000   0.000000000000   0.000000000000
  0.000000000000   0.000000000000   0.000000000000
  0.000000000000   0.000000000000   0.000000000000
  0.000000000000   0.000000000000   0.000000000000
  0.000000000000   0.000000000000   0.000000000000
  0.000000000000   0.000000000000   0.000000000000
  0.000000000000   0.000000000000   0.000000000000
  0.000000000000   0.000000000000   0.000000000000
  0.000000000000   0.000000000000   0.000000000000
   98    3  0.0000  0.0000  0.0150
  0.000000000000   0.000000000000   0.000000000000
  0.000000000000   0.000000000000   0.000000000000
  0.000000000000   0.000000000000   0.000000000000
  0.000000000000   0.000000000000   0.000000000000
  0.000000000000   0.000000000000   0.000000000000
  0.000000000000   0.000000000000   0.000000000000
  0.000000000000   0.000000000000   0.000000000000
  0.000000000000   0.000000000000   0.000000000000
  0.000000000000   0.000000000000   0.000000000000
  0.000000000000   0.000000000000   0.000000000000
  0.000000000000   0.000000000000   0.000000000000
  0.000000000000   0.000000000000   0.000000000000
  0.000000000000   0.000000000000   0.000000000000
  0.000000000000   0.000000000000   0.000000000000
  0.000000000000   0.000000000000   0.000000000000
  0.000000000000   0.000000000000   0.000000000000
  0.000000000000   0.000000000000   0.000000000000
  0.000000000000   0.000000000000   0.000000000000
  0.000000000000   0.000000000000   0.000000000000
  0.000000000000   0.000000000000   0.000000000000
  0.000000000000   0.000000000000   0.000000000000
  0.000000000000   0.000000000000   0.000000000000
  0.000000000000   0.000000000000   0.000000000000
  0.000000000000   0.000000000000   0.000000000000
  0.000000000000   0.000000000000   0.000000000000
  0.000000000000   0.000000000000   0.000000000000
  0.000000000000   0.000000000000   0.000000000000
  0.000000000000   0.000000000000   0.000000000000
  0.000000000000   0.000000000000   0.000000000000
  0.000000000000   0.000000000000   0.000000000000
  0.000000000000   0.000000000000   0.000000000000
  0.000000000000   0.000000000000   0.000000000000
  0.000000000000   0.000000000000   0.000000000000
  0.000000000000   0.000000000000   0.000000000000
  0.000000000000   0.000000000000   0.000000000000
  0.000000000000   0.000000000000   0.000000000000
  0.000000000000   0.000000000000   0.000000000000
  0.000000000000   0.000000000000   0.000000000000
  0.000000000000   0.000000000000   0.000000000000
  0.000000000000   0.000000000000   0.000000000000
  0.000000000000   0.000000000000   0.000000000000
  0.000000000000   0.000000000000   0.000000000000
  0.000000000000   0.000000000000   0.000000000000
  0.000000000000   0.000000000000   0.000000000000
  0.000000000000   0.000000000000   0.000000000000
  0.000000000000   0.000000000000   0.000000000000
  0.000000000000   0.000000000000   0.000000000000
  0.000000000000   0.000000000000   0.000000000000
  0.000000000000   0.000000000000   0.000000000000
  0.000000000000   0.000000000000   0.000000000000
  0.000000000000   0.000000000000   0.000000000000
  0.000000000000   0.000000000000   0.000000000000
  0.000000000000   0.000000000000   0.000000000000
  0.000000000000   0.000000000000   0.000000000000
  0.000000000000   0.000000000000   0.000000000000
  0.000000000000   0.000000000000   0.000000000000
  0.000000000000   0.000000000000   0.000000000000
  0.000000000000   0.000000000000   0.000000000000
  0.000000000000   0.000000000000   0.000000000000
  0.000000000000   0.000000000000   0.000000000000
  0.000000000000   0.000000000000   0.000000000000
  0.000000000000   0.000000000000   0.000000000000
  0.000000000000   0.000000000000   0.000000000000
  0.000000000000   0.000000000000   0.000000000000
  0.000000000000   0.000000000000   0.000000000000
  0.000000000000   0.000000000000   0.000000000000
  0.000000000000   0.000000000000   0.000000000000
  0.000000000000   0.000000000000   0.000000000000
  0.000000000000   0.000000000000   0.000000000000
  0.000000000000   0.000000000000   0.000000000000
  0.000000000000   0.000000000000   0.000000000000
  0.000000000000   0.000000000000   0.000000000000
  0.000000000000   0.000000000000   0.000000000000
  0.000000000000   0.000000000000   0.000000000000
  0.000000000000   0.000000000000   0.000000000000
  0.000000000000   0.000000000000   0.000000000000
  0.000000000000   0.000000000000   0.000000000000
  0.000000000000   0.000000000000   0.000000000000
  0.000000000000   0.000000000000   0.000000000000
  0.000000000000   0.000000000000   0.000000000000
  0.000000000000   0.000000000000   0.000000000000
  0.000000000000   0.000000000000   0.000000000000
  0.000000000000   0.000000000000   0.000000000000
  0.000000000000   0.000000000000   0.000000000000
  0.000000000000   0.000000000000   0.000000000000
  0.000000000000   0.000000000000   0.000000000000
  0.000000000000   0.000000000000   0.000000000000
  0.000000000000   0.000000000000   0.000000000000
  0.000000000000   0.000000000000   0.000000000000
  0.000000000000   0.000000000000   0.000000000000
  0.000000000000   0.000000000000   0.000000000000
  0.000000000000   0.000000000000   0.000000000000
  0.000000000000   0.000000000000   0.000000000000
  0.000000000000   0.000000000000   0.000000000000
  0.000000000000   0.000000000000   0.000000000000
  0.000000000000   0.000000000000   0.000000000000
  0.000000000000   0.000000000000   0.000000000000
  0.010982302177   0.200746669704  -0.282519312309
 -0.000113989118  -0.020385908819   0.022895708056
 -0.002494775613  -0.010678111106   0.013477156478
 -0.000459773477  -0.000520003613   0.000050604375
 -0.000039126022  -0.000074097187   0.000048273004
  0.000018379567  -0.000039729592  -0.000002243117
  0.000029671348   0.000001096549   0.000032721008
 -0.000000306075   0.000035231556  -0.000004197598
 -0.000033485827   0.000189578886   0.000113673047
 -0.000005294848   0.000285687318  -0.000168944743
 -0.008173700059  -0.188572304462   0.260298348278
  0.001110513054   0.014491509351  -0.013634779475
  0.000470553291   0.001585341337  -0.000629736100
 -0.000108009261  -0.000747502072  -0.000502302283
 -0.000327742857   0.000518651437  -0.000594100131
 -0.000124929038   0.000049380115   0.000083950693
 -0.000243384092   0.001105740493   0.000370366563
  0.000779466858   0.001851964904   0.000923194634
  0.000000000000   0.000000000000   0.000000000000
  0.000000000000   0.000000000000   0.000000000000
  0.000000000000   0.000000000000   0.000000000000
  0.000000000000   0.000000000000   0.000000000000
  0.000000000000   0.000000000000   0.000000000000
  0.000000000000   0.000000000000   0.000000000000
  0.000000000000   0.000000000000   0.000000000000
  0.000000000000   0.000000000000   0.000000000000
  0.000000000000   0.000000000000   0.000000000000
  0.000000000000   0.000000000000   0.000000000000
  0.000000000000   0.000000000000   0.000000000000
  0.000000000000   0.000000000000   0.000000000000
  0.000000000000   0.000000000000   0.000000000000
  0.000000000000   0.000000000000   0.000000000000
  0.000000000000   0.000000000000   0.000000000000
  0.000000000000   0.000000000000   0.000000000000
  0.000000000000   0.000000000000   0.000000000000
  0.000000000000   0.000000000000   0.000000000000
  0.000000000000   0.000000000000   0.000000000000
  0.000000000000   0.000000000000   0.000000000000
  0.000000000000   0.000000000000   0.000000000000
  0.000000000000   0.000000000000   0.000000000000
  0.000000000000   0.000000000000   0.000000000000
  0.000000000000   0.000000000000   0.000000000000
  0.000000000000   0.000000000000   0.000000000000
  0.000000000000   0.000000000000   0.000000000000
  0.000000000000   0.000000000000   0.000000000000
  0.000000000000   0.000000000000   0.000000000000
  0.000000000000   0.000000000000   0.000000000000
  0.000000000000   0.000000000000   0.000000000000
  0.000000000000   0.000000000000   0.000000000000
  0.000000000000   0.000000000000   0.000000000000
  0.000000000000   0.000000000000   0.000000000000
  0.000000000000   0.000000000000   0.000000000000
  0.000000000000   0.000000000000   0.000000000000
  0.000000000000   0.000000000000   0.000000000000
  0.000000000000   0.000000000000   0.000000000000
  0.000000000000   0.000000000000   0.000000000000
  0.000000000000   0.000000000000   0.000000000000
  0.000000000000   0.000000000000   0.000000000000
  0.000000000000   0.000000000000   0.000000000000
  0.000000000000   0.000000000000   0.000000000000
  0.000000000000   0.000000000000   0.000000000000
  0.000000000000   0.000000000000   0.000000000000
  0.000000000000   0.000000000000   0.000000000000
  0.000000000000   0.000000000000   0.000000000000
  0.000000000000   0.000000000000   0.000000000000
  0.000000000000   0.000000000000   0.000000000000
  0.000000000000   0.000000000000   0.000000000000
  0.000000000000   0.000000000000   0.000000000000
  0.000000000000   0.000000000000   0.000000000000
  0.000000000000   0.000000000000   0.000000000000
  0.000000000000   0.000000000000   0.000000000000
  0.000000000000   0.000000000000   0.000000000000
  0.000000000000   0.000000000000   0.000000000000
  0.000000000000   0.000000000000   0.000000000000
  0.000000000000   0.000000000000   0.000000000000
  0.000000000000   0.000000000000   0.000000000000
  0.000000000000   0.000000000000   0.000000000000
  0.000000000000   0.000000000000   0.000000000000
  0.000000000000   0.000000000000   0.000000000000
  0.000000000000   0.000000000000   0.000000000000
  0.000000000000   0.000000000000   0.000000000000
  0.000000000000   0.000000000000   0.000000000000
  0.000000000000   0.000000000000   0.000000000000
  0.000000000000   0.000000000000   0.000000000000
  0.000000000000   0.000000000000   0.000000000000
  0.000000000000   0.000000000000   0.000000000000
  0.000000000000   0.000000000000   0.000000000000
  0.000000000000   0.000000000000   0.000000000000
  0.000000000000   0.000000000000   0.000000000000
  0.000000000000   0.000000000000   0.000000000000
  0.000000000000   0.000000000000   0.000000000000
  0.000000000000   0.000000000000   0.000000000000
  0.000000000000   0.000000000000   0.000000000000
  0.000000000000   0.000000000000   0.000000000000
  0.000000000000   0.000000000000   0.000000000000
  0.000000000000   0.000000000000   0.000000000000
  0.000000000000   0.000000000000   0.000000000000
  0.000000000000   0.000000000000   0.000000000000
  0.000000000000   0.000000000000   0.000000000000
  0.000000000000   0.000000000000   0.000000000000
  0.000000000000   0.000000000000   0.000000000000
  0.000000000000   0.000000000000   0.000000000000
  0.000000000000   0.000000000000   0.000000000000
  0.000000000000   0.000000000000   0.000000000000
  0.000000000000   0.000000000000   0.000000000000
  0.000000000000   0.000000000000   0.000000000000
  0.000000000000   0.000000000000   0.000000000000
  0.000000000000   0.000000000000   0.000000000000
  0.000000000000   0.000000000000   0.000000000000
  0.000000000000   0.000000000000   0.000000000000
  0.000000000000   0.000000000000   0.000000000000
  0.000000000000   0.000000000000   0.000000000000
  0.000000000000   0.000000000000   0.000000000000
  0.000000000000   0.000000000000   0.000000000000
  0.000000000000   0.000000000000   0.000000000000
  0.000000000000   0.000000000000   0.000000000000
  0.000000000000   0.000000000000   0.000000000000
  0.000000000000   0.000000000000   0.000000000000
  0.000000000000   0.000000000000   0.000000000000
  0.000000000000   0.000000000000   0.000000000000
  0.000000000000   0.000000000000   0.000000000000
  0.000000000000   0.000000000000   0.000000000000
  0.000000000000   0.000000000000   0.000000000000
  0.000000000000   0.000000000000   0.000000000000
  0.000000000000   0.000000000000   0.000000000000
  0.000000000000   0.000000000000   0.000000000000
  0.000000000000   0.000000000000   0.000000000000
  0.000000000000   0.000000000000   0.000000000000
  0.000000000000   0.000000000000   0.000000000000
  0.000000000000   0.000000000000   0.000000000000
  0.000000000000   0.000000000000   0.000000000000
  0.000000000000   0.000000000000   0.000000000000
  0.000000000000   0.000000000000   0.000000000000
  0.000000000000   0.000000000000   0.000000000000
  0.000000000000   0.000000000000   0.000000000000
  0.000000000000   0.000000000000   0.000000000000
  0.000000000000   0.000000000000   0.000000000000
  0.000000000000   0.000000000000   0.000000000000
  0.000000000000   0.000000000000   0.000000000000
  0.000000000000   0.000000000000   0.000000000000
  0.000000000000   0.000000000000   0.000000000000
  0.000000000000   0.000000000000   0.000000000000
  0.000000000000   0.000000000000   0.000000000000
  0.000000000000   0.000000000000   0.000000000000
  0.000000000000   0.000000000000   0.000000000000
  0.000000000000   0.000000000000   0.000000000000
  0.000000000000   0.000000000000   0.000000000000
  0.000000000000   0.000000000000   0.000000000000
  0.000000000000   0.000000000000   0.000000000000
  0.000000000000   0.000000000000   0.000000000000
  0.000000000000   0.000000000000   0.000000000000
  0.000000000000   0.000000000000   0.000000000000
  0.000000000000   0.000000000000   0.000000000000
  0.000000000000   0.000000000000   0.000000000000
  0.000000000000   0.000000000000   0.000000000000
  0.000000000000   0.000000000000   0.000000000000
  0.000000000000   0.000000000000   0.000000000000
  0.000000000000   0.000000000000   0.000000000000
  0.000000000000   0.000000000000   0.000000000000
  0.000000000000   0.000000000000   0.000000000000
  0.000000000000   0.000000000000   0.000000000000
  0.000000000000   0.000000000000   0.000000000000
  0.000000000000   0.000000000000   0.000000000000
  0.000000000000   0.000000000000   0.000000000000
  0.000000000000   0.000000000000   0.000000000000
  0.000000000000   0.000000000000   0.000000000000
  0.000000000000   0.000000000000   0.000000000000
  0.000000000000   0.000000000000   0.000000000000
  0.000000000000   0.000000000000   0.000000000000
  0.000000000000   0.000000000000   0.000000000000
  0.000000000000   0.000000000000   0.000000000000
  0.000000000000   0.000000000000   0.000000000000
  0.000000000000   0.000000000000   0.000000000000
  0.000000000000   0.000000000000   0.000000000000
  0.000000000000   0.000000000000   0.000000000000
  0.000000000000   0.000000000000   0.000000000000
  0.000000000000   0.000000000000   0.000000000000
  0.000000000000   0.000000000000   0.000000000000
  0.000000000000   0.000000000000   0.000000000000
  0.000000000000   0.000000000000   0.000000000000
  0.000000000000   0.000000000000   0.000000000000
  0.000000000000   0.000000000000   0.000000000000
  0.000000000000   0.000000000000   0.000000000000
  0.000000000000   0.000000000000   0.000000000000
  0.000000000000   0.000000000000   0.000000000000
  0.000000000000   0.000000000000   0.000000000000
  0.000000000000   0.000000000000   0.000000000000
  0.000000000000   0.000000000000   0.000000000000
  0.000000000000   0.000000000000   0.000000000000
  0.000000000000   0.000000000000   0.000000000000
  0.000000000000   0.000000000000   0.000000000000
  0.000000000000   0.000000000000   0.000000000000
  0.000000000000   0.000000000000   0.000000000000
  0.000000000000   0.000000000000   0.000000000000
  0.000000000000   0.000000000000   0.000000000000
  0.000000000000   0.000000000000   0.000000000000
  0.000000000000   0.000000000000   0.000000000000
  0.000000000000   0.000000000000   0.000000000000
  0.000000000000   0.000000000000   0.000000000000
  0.000000000000   0.000000000000   0.000000000000
  0.000000000000   0.000000000000   0.000000000000
  0.000000000000   0.000000000000   0.000000000000
  0.000000000000   0.000000000000   0.000000000000
  0.000000000000   0.000000000000   0.000000000000
  0.000000000000   0.000000000000   0.000000000000
  0.000000000000   0.000000000000   0.000000000000
  0.000000000000   0.000000000000   0.000000000000
  0.000000000000   0.000000000000   0.000000000000
  0.000000000000   0.000000000000   0.000000000000
  0.000000000000   0.000000000000   0.000000000000
   99    1  0.0150  0.0000  0.0000
  0.000000000000   0.000000000000   0.000000000000
  0.000000000000   0.000000000000   0.000000000000
  0.000000000000   0.000000000000   0.000000000000
  0.000000000000   0.000000000000   0.000000000000
  0.000000000000   0.000000000000   0.000000000000
  0.000000000000   0.000000000000   0.000000000000
  0.000000000000   0.000000000000   0.000000000000
  0.000000000000   0.000000000000   0.000000000000
  0.000000000000   0.000000000000   0.000000000000
  0.000000000000   0.000000000000   0.000000000000
  0.000000000000   0.000000000000   0.000000000000
  0.000000000000   0.000000000000   0.000000000000
  0.000000000000   0.000000000000   0.000000000000
  0.000000000000   0.000000000000   0.000000000000
  0.000000000000   0.000000000000   0.000000000000
  0.000000000000   0.000000000000   0.000000000000
  0.000000000000   0.000000000000   0.000000000000
  0.000000000000   0.000000000000   0.000000000000
  0.000000000000   0.000000000000   0.000000000000
  0.000000000000   0.000000000000   0.000000000000
  0.000000000000   0.000000000000   0.000000000000
  0.000000000000   0.000000000000   0.000000000000
  0.000000000000   0.000000000000   0.000000000000
  0.000000000000   0.000000000000   0.000000000000
  0.000000000000   0.000000000000   0.000000000000
  0.000000000000   0.000000000000   0.000000000000
  0.000000000000   0.000000000000   0.000000000000
  0.000000000000   0.000000000000   0.000000000000
  0.000000000000   0.000000000000   0.000000000000
  0.000000000000   0.000000000000   0.000000000000
  0.000000000000   0.000000000000   0.000000000000
  0.000000000000   0.000000000000   0.000000000000
  0.000000000000   0.000000000000   0.000000000000
  0.000000000000   0.000000000000   0.000000000000
  0.000000000000   0.000000000000   0.000000000000
  0.000000000000   0.000000000000   0.000000000000
  0.000000000000   0.000000000000   0.000000000000
  0.000000000000   0.000000000000   0.000000000000
  0.000000000000   0.000000000000   0.000000000000
  0.000000000000   0.000000000000   0.000000000000
  0.000000000000   0.000000000000   0.000000000000
  0.000000000000   0.000000000000   0.000000000000
  0.000000000000   0.000000000000   0.000000000000
  0.000000000000   0.000000000000   0.000000000000
  0.000000000000   0.000000000000   0.000000000000
  0.000000000000   0.000000000000   0.000000000000
  0.000000000000   0.000000000000   0.000000000000
  0.000000000000   0.000000000000   0.000000000000
  0.000000000000   0.000000000000   0.000000000000
  0.000000000000   0.000000000000   0.000000000000
  0.000000000000   0.000000000000   0.000000000000
  0.000000000000   0.000000000000   0.000000000000
  0.000000000000   0.000000000000   0.000000000000
  0.000000000000   0.000000000000   0.000000000000
  0.000000000000   0.000000000000   0.000000000000
  0.000000000000   0.000000000000   0.000000000000
  0.000000000000   0.000000000000   0.000000000000
  0.000000000000   0.000000000000   0.000000000000
  0.000000000000   0.000000000000   0.000000000000
  0.000000000000   0.000000000000   0.000000000000
  0.000000000000   0.000000000000   0.000000000000
  0.000000000000   0.000000000000   0.000000000000
  0.000000000000   0.000000000000   0.000000000000
  0.000000000000   0.000000000000   0.000000000000
  0.000000000000   0.000000000000   0.000000000000
  0.000000000000   0.000000000000   0.000000000000
  0.000000000000   0.000000000000   0.000000000000
  0.000000000000   0.000000000000   0.000000000000
  0.000000000000   0.000000000000   0.000000000000
  0.000000000000   0.000000000000   0.000000000000
  0.000000000000   0.000000000000   0.000000000000
  0.000000000000   0.000000000000   0.000000000000
  0.000000000000   0.000000000000   0.000000000000
  0.000000000000   0.000000000000   0.000000000000
  0.000000000000   0.000000000000   0.000000000000
  0.000000000000   0.000000000000   0.000000000000
  0.000000000000   0.000000000000   0.000000000000
  0.000000000000   0.000000000000   0.000000000000
  0.000000000000   0.000000000000   0.000000000000
  0.000000000000   0.000000000000   0.000000000000
  0.000000000000   0.000000000000   0.000000000000
  0.000000000000   0.000000000000   0.000000000000
  0.000000000000   0.000000000000   0.000000000000
  0.000000000000   0.000000000000   0.000000000000
  0.000000000000   0.000000000000   0.000000000000
  0.000000000000   0.000000000000   0.000000000000
  0.000000000000   0.000000000000   0.000000000000
  0.000000000000   0.000000000000   0.000000000000
  0.000000000000   0.000000000000   0.000000000000
  0.000000000000   0.000000000000   0.000000000000
  0.000000000000   0.000000000000   0.000000000000
  0.000000000000   0.000000000000   0.000000000000
  0.000000000000   0.000000000000   0.000000000000
  0.000000000000   0.000000000000   0.000000000000
  0.000000000000   0.000000000000   0.000000000000
  0.000000000000   0.000000000000   0.000000000000
  0.000000000000   0.000000000000   0.000000000000
  0.001777291596   0.000131425013  -0.000416617508
 -0.232787424083   0.082316866255   0.179028677429
  0.025591006049  -0.011804863411  -0.028080347007
  0.000074326714  -0.000164303605   0.000261905450
 -0.000035399542  -0.000004734753   0.000091259450
  0.000030405552   0.000092167738   0.000041385885
 -0.000013695309   0.000013666448  -0.000015814436
  0.000008181054  -0.000000014853   0.000045534134
  0.000059377475   0.000037845586  -0.000033490280
  0.000049444038   0.000015926849  -0.000249300688
  0.215388262008  -0.074965431694  -0.161927029665
 -0.011208855968   0.003809066498   0.011287143778
  0.001236331091   0.001841924207   0.001373927466
  0.000377103902  -0.001597882058  -0.000672195967
 -0.000806718973   0.000969130830  -0.000541445414
  0.000109387778  -0.000061279800  -0.000114609213
  0.000763373615   0.000501005806   0.000358770665
 -0.000858894608  -0.000460270939   0.000038283293
  0.000000000000   0.000000000000   0.000000000000
  0.000000000000   0.000000000000   0.000000000000
  0.000000000000   0.000000000000   0.000000000000
  0.000000000000   0.000000000000   0.000000000000
  0.000000000000   0.000000000000   0.000000000000
  0.000000000000   0.000000000000   0.000000000000
  0.000000000000   0.000000000000   0.000000000000
  0.000000000000   0.000000000000   0.000000000000
  0.000000000000   0.000000000000   0.000000000000
  0.000000000000   0.000000000000   0.000000000000
  0.000000000000   0.000000000000   0.000000000000
  0.000000000000   0.000000000000   0.000000000000
  0.000000000000   0.000000000000   0.000000000000
  0.000000000000   0.000000000000   0.000000000000
  0.000000000000   0.000000000000   0.000000000000
  0.000000000000   0.000000000000   0.000000000000
  0.000000000000   0.000000000000   0.000000000000
  0.000000000000   0.000000000000   0.000000000000
  0.000000000000   0.000000000000   0.000000000000
  0.000000000000   0.000000000000   0.000000000000
  0.000000000000   0.000000000000   0.000000000000
  0.000000000000   0.000000000000   0.000000000000
  0.000000000000   0.000000000000   0.000000000000
  0.000000000000   0.000000000000   0.000000000000
  0.000000000000   0.000000000000   0.000000000000
  0.000000000000   0.000000000000   0.000000000000
  0.000000000000   0.000000000000   0.000000000000
  0.000000000000   0.000000000000   0.000000000000
  0.000000000000   0.000000000000   0.000000000000
  0.000000000000   0.000000000000   0.000000000000
  0.000000000000   0.000000000000   0.000000000000
  0.000000000000   0.000000000000   0.000000000000
  0.000000000000   0.000000000000   0.000000000000
  0.000000000000   0.000000000000   0.000000000000
  0.000000000000   0.000000000000   0.000000000000
  0.000000000000   0.000000000000   0.000000000000
  0.000000000000   0.000000000000   0.000000000000
  0.000000000000   0.000000000000   0.000000000000
  0.000000000000   0.000000000000   0.000000000000
  0.000000000000   0.000000000000   0.000000000000
  0.000000000000   0.000000000000   0.000000000000
  0.000000000000   0.000000000000   0.000000000000
  0.000000000000   0.000000000000   0.000000000000
  0.000000000000   0.000000000000   0.000000000000
  0.000000000000   0.000000000000   0.000000000000
  0.000000000000   0.000000000000   0.000000000000
  0.000000000000   0.000000000000   0.000000000000
  0.000000000000   0.000000000000   0.000000000000
  0.000000000000   0.000000000000   0.000000000000
  0.000000000000   0.000000000000   0.000000000000
  0.000000000000   0.000000000000   0.000000000000
  0.000000000000   0.000000000000   0.000000000000
  0.000000000000   0.000000000000   0.000000000000
  0.000000000000   0.000000000000   0.000000000000
  0.000000000000   0.000000000000   0.000000000000
  0.000000000000   0.000000000000   0.000000000000
  0.000000000000   0.000000000000   0.000000000000
  0.000000000000   0.000000000000   0.000000000000
  0.000000000000   0.000000000000   0.000000000000
  0.000000000000   0.000000000000   0.000000000000
  0.000000000000   0.000000000000   0.000000000000
  0.000000000000   0.000000000000   0.000000000000
  0.000000000000   0.000000000000   0.000000000000
  0.000000000000   0.000000000000   0.000000000000
  0.000000000000   0.000000000000   0.000000000000
  0.000000000000   0.000000000000   0.000000000000
  0.000000000000   0.000000000000   0.000000000000
  0.000000000000   0.000000000000   0.000000000000
  0.000000000000   0.000000000000   0.000000000000
  0.000000000000   0.000000000000   0.000000000000
  0.000000000000   0.000000000000   0.000000000000
  0.000000000000   0.000000000000   0.000000000000
  0.000000000000   0.000000000000   0.000000000000
  0.000000000000   0.000000000000   0.000000000000
  0.000000000000   0.000000000000   0.000000000000
  0.000000000000   0.000000000000   0.000000000000
  0.000000000000   0.000000000000   0.000000000000
  0.000000000000   0.000000000000   0.000000000000
  0.000000000000   0.000000000000   0.000000000000
  0.000000000000   0.000000000000   0.000000000000
  0.000000000000   0.000000000000   0.000000000000
  0.000000000000   0.000000000000   0.000000000000
  0.000000000000   0.000000000000   0.000000000000
  0.000000000000   0.000000000000   0.000000000000
  0.000000000000   0.000000000000   0.000000000000
  0.000000000000   0.000000000000   0.000000000000
  0.000000000000   0.000000000000   0.000000000000
  0.000000000000   0.000000000000   0.000000000000
  0.000000000000   0.000000000000   0.000000000000
  0.000000000000   0.000000000000   0.000000000000
  0.000000000000   0.000000000000   0.000000000000
  0.000000000000   0.000000000000   0.000000000000
  0.000000000000   0.000000000000   0.000000000000
  0.000000000000   0.000000000000   0.000000000000
  0.000000000000   0.000000000000   0.000000000000
  0.000000000000   0.000000000000   0.000000000000
  0.000000000000   0.000000000000   0.000000000000
  0.000000000000   0.000000000000   0.000000000000
  0.000000000000   0.000000000000   0.000000000000
  0.000000000000   0.000000000000   0.000000000000
  0.000000000000   0.000000000000   0.000000000000
  0.000000000000   0.000000000000   0.000000000000
  0.000000000000   0.000000000000   0.000000000000
  0.000000000000   0.000000000000   0.000000000000
  0.000000000000   0.000000000000   0.000000000000
  0.000000000000   0.000000000000   0.000000000000
  0.000000000000   0.000000000000   0.000000000000
  0.000000000000   0.000000000000   0.000000000000
  0.000000000000   0.000000000000   0.000000000000
  0.000000000000   0.000000000000   0.000000000000
  0.000000000000   0.000000000000   0.000000000000
  0.000000000000   0.000000000000   0.000000000000
  0.000000000000   0.000000000000   0.000000000000
  0.000000000000   0.000000000000   0.000000000000
  0.000000000000   0.000000000000   0.000000000000
  0.000000000000   0.000000000000   0.000000000000
  0.000000000000   0.000000000000   0.000000000000
  0.000000000000   0.000000000000   0.000000000000
  0.000000000000   0.000000000000   0.000000000000
  0.000000000000   0.000000000000   0.000000000000
  0.000000000000   0.000000000000   0.000000000000
  0.000000000000   0.000000000000   0.000000000000
  0.000000000000   0.000000000000   0.000000000000
  0.000000000000   0.000000000000   0.000000000000
  0.000000000000   0.000000000000   0.000000000000
  0.000000000000   0.000000000000   0.000000000000
  0.000000000000   0.000000000000   0.000000000000
  0.000000000000   0.000000000000   0.000000000000
  0.000000000000   0.000000000000   0.000000000000
  0.000000000000   0.000000000000   0.000000000000
  0.000000000000   0.000000000000   0.000000000000
  0.000000000000   0.000000000000   0.000000000000
  0.000000000000   0.000000000000   0.000000000000
  0.000000000000   0.000000000000   0.000000000000
  0.000000000000   0.000000000000   0.000000000000
  0.000000000000   0.000000000000   0.000000000000
  0.000000000000   0.000000000000   0.000000000000
  0.000000000000   0.000000000000   0.000000000000
  0.000000000000   0.000000000000   0.000000000000
  0.000000000000   0.000000000000   0.000000000000
  0.000000000000   0.000000000000   0.000000000000
  0.000000000000   0.000000000000   0.000000000000
  0.000000000000   0.000000000000   0.000000000000
  0.000000000000   0.000000000000   0.000000000000
  0.000000000000   0.000000000000   0.000000000000
  0.000000000000   0.000000000000   0.000000000000
  0.000000000000   0.000000000000   0.000000000000
  0.000000000000   0.000000000000   0.000000000000
  0.000000000000   0.000000000000   0.000000000000
  0.000000000000   0.000000000000   0.000000000000
  0.000000000000   0.000000000000   0.000000000000
  0.000000000000   0.000000000000   0.000000000000
  0.000000000000   0.000000000000   0.000000000000
  0.000000000000   0.000000000000   0.000000000000
  0.000000000000   0.000000000000   0.000000000000
  0.000000000000   0.000000000000   0.000000000000
  0.000000000000   0.000000000000   0.000000000000
  0.000000000000   0.000000000000   0.000000000000
  0.000000000000   0.000000000000   0.000000000000
  0.000000000000   0.000000000000   0.000000000000
  0.000000000000   0.000000000000   0.000000000000
  0.000000000000   0.000000000000   0.000000000000
  0.000000000000   0.000000000000   0.000000000000
  0.000000000000   0.000000000000   0.000000000000
  0.000000000000   0.000000000000   0.000000000000
  0.000000000000   0.000000000000   0.000000000000
  0.000000000000   0.000000000000   0.000000000000
  0.000000000000   0.000000000000   0.000000000000
  0.000000000000   0.000000000000   0.000000000000
  0.000000000000   0.000000000000   0.000000000000
  0.000000000000   0.000000000000   0.000000000000
  0.000000000000   0.000000000000   0.000000000000
  0.000000000000   0.000000000000   0.000000000000
  0.000000000000   0.000000000000   0.000000000000
  0.000000000000   0.000000000000   0.000000000000
  0.000000000000   0.000000000000   0.000000000000
  0.000000000000   0.000000000000   0.000000000000
  0.000000000000   0.000000000000   0.000000000000
  0.000000000000   0.000000000000   0.000000000000
  0.000000000000   0.000000000000   0.000000000000
  0.000000000000   0.000000000000   0.000000000000
  0.000000000000   0.000000000000   0.000000000000
  0.000000000000   0.000000000000   0.000000000000
  0.000000000000   0.000000000000   0.000000000000
  0.000000000000   0.000000000000   0.000000000000
  0.000000000000   0.000000000000   0.000000000000
  0.000000000000   0.000000000000   0.000000000000
  0.000000000000   0.000000000000   0.000000000000
  0.000000000000   0.000000000000   0.000000000000
  0.000000000000   0.000000000000   0.000000000000
  0.000000000000   0.000000000000   0.000000000000
  0.000000000000   0.000000000000   0.000000000000
   99    2  0.0000  0.0150  0.0000
  0.000000000000   0.000000000000   0.000000000000
  0.000000000000   0.000000000000   0.000000000000
  0.000000000000   0.000000000000   0.000000000000
  0.000000000000   0.000000000000   0.000000000000
  0.000000000000   0.000000000000   0.000000000000
  0.000000000000   0.000000000000   0.000000000000
  0.000000000000   0.000000000000   0.000000000000
  0.000000000000   0.000000000000   0.000000000000
  0.000000000000   0.000000000000   0.000000000000
  0.000000000000   0.000000000000   0.000000000000
  0.000000000000   0.000000000000   0.000000000000
  0.000000000000   0.000000000000   0.000000000000
  0.000000000000   0.000000000000   0.000000000000
  0.000000000000   0.000000000000   0.000000000000
  0.000000000000   0.000000000000   0.000000000000
  0.000000000000   0.000000000000   0.000000000000
  0.000000000000   0.000000000000   0.000000000000
  0.000000000000   0.000000000000   0.000000000000
  0.000000000000   0.000000000000   0.000000000000
  0.000000000000   0.000000000000   0.000000000000
  0.000000000000   0.000000000000   0.000000000000
  0.000000000000   0.000000000000   0.000000000000
  0.000000000000   0.000000000000   0.000000000000
  0.000000000000   0.000000000000   0.000000000000
  0.000000000000   0.000000000000   0.000000000000
  0.000000000000   0.000000000000   0.000000000000
  0.000000000000   0.000000000000   0.000000000000
  0.000000000000   0.000000000000   0.000000000000
  0.000000000000   0.000000000000   0.000000000000
  0.000000000000   0.000000000000   0.000000000000
  0.000000000000   0.000000000000   0.000000000000
  0.000000000000   0.000000000000   0.000000000000
  0.000000000000   0.000000000000   0.000000000000
  0.000000000000   0.000000000000   0.000000000000
  0.000000000000   0.000000000000   0.000000000000
  0.000000000000   0.000000000000   0.000000000000
  0.000000000000   0.000000000000   0.000000000000
  0.000000000000   0.000000000000   0.000000000000
  0.000000000000   0.000000000000   0.000000000000
  0.000000000000   0.000000000000   0.000000000000
  0.000000000000   0.000000000000   0.000000000000
  0.000000000000   0.000000000000   0.000000000000
  0.000000000000   0.000000000000   0.000000000000
  0.000000000000   0.000000000000   0.000000000000
  0.000000000000   0.000000000000   0.000000000000
  0.000000000000   0.000000000000   0.000000000000
  0.000000000000   0.000000000000   0.000000000000
  0.000000000000   0.000000000000   0.000000000000
  0.000000000000   0.000000000000   0.000000000000
  0.000000000000   0.000000000000   0.000000000000
  0.000000000000   0.000000000000   0.000000000000
  0.000000000000   0.000000000000   0.000000000000
  0.000000000000   0.000000000000   0.000000000000
  0.000000000000   0.000000000000   0.000000000000
  0.000000000000   0.000000000000   0.000000000000
  0.000000000000   0.000000000000   0.000000000000
  0.000000000000   0.000000000000   0.000000000000
  0.000000000000   0.000000000000   0.000000000000
  0.000000000000   0.000000000000   0.000000000000
  0.000000000000   0.000000000000   0.000000000000
  0.000000000000   0.000000000000   0.000000000000
  0.000000000000   0.000000000000   0.000000000000
  0.000000000000   0.000000000000   0.000000000000
  0.000000000000   0.000000000000   0.000000000000
  0.000000000000   0.000000000000   0.000000000000
  0.000000000000   0.000000000000   0.000000000000
  0.000000000000   0.000000000000   0.000000000000
  0.000000000000   0.000000000000   0.000000000000
  0.000000000000   0.000000000000   0.000000000000
  0.000000000000   0.000000000000   0.000000000000
  0.000000000000   0.000000000000   0.000000000000
  0.000000000000   0.000000000000   0.000000000000
  0.000000000000   0.000000000000   0.000000000000
  0.000000000000   0.000000000000   0.000000000000
  0.000000000000   0.000000000000   0.000000000000
  0.000000000000   0.000000000000   0.000000000000
  0.000000000000   0.000000000000   0.000000000000
  0.000000000000   0.000000000000   0.000000000000
  0.000000000000   0.000000000000   0.000000000000
  0.000000000000   0.000000000000   0.000000000000
  0.000000000000   0.000000000000   0.000000000000
  0.000000000000   0.000000000000   0.000000000000
  0.000000000000   0.000000000000   0.000000000000
  0.000000000000   0.000000000000   0.000000000000
  0.000000000000   0.000000000000   0.000000000000
  0.000000000000   0.000000000000   0.000000000000
  0.000000000000   0.000000000000   0.000000000000
  0.000000000000   0.000000000000   0.000000000000
  0.000000000000   0.000000000000   0.000000000000
  0.000000000000   0.000000000000   0.000000000000
  0.000000000000   0.000000000000   0.000000000000
  0.000000000000   0.000000000000   0.000000000000
  0.000000000000   0.000000000000   0.000000000000
  0.000000000000   0.000000000000   0.000000000000
  0.000000000000   0.000000000000   0.000000000000
  0.000000000000   0.000000000000   0.000000000000
  0.000000000000   0.000000000000   0.000000000000
  0.020563352330  -0.009706682253  -0.020291350702
  0.082109978752  -0.108351637669  -0.091990829861
 -0.002160121102   0.002147949615   0.001798288726
 -0.000344780960  -0.000241266870   0.000627887762
  0.000009241463   0.000050546002   0.000054899029
 -0.000049033085   0.000102043532   0.000012043764
 -0.000032221603   0.000061030850  -0.000000577413
  0.000013414812   0.000075830990   0.000043971412
  0.000113134328   0.000230652886   0.000006023067
 -0.000958573477   0.000201915574   0.000525664471
 -0.079339342895   0.093150567862   0.081979982209
 -0.023508778007   0.019955101279   0.029075028215
 -0.001393889636  -0.000439387456  -0.001879143565
  0.001081604208   0.001451121420  -0.000989363433
 -0.000171057788  -0.000363396595   0.000403854877
  0.000089886807   0.000065516313   0.000161621440
  0.001708371074   0.000499094699  -0.001450280556
  0.001779436456   0.000949204345   0.001577244931
  0.000000000000   0.000000000000   0.000000000000
  0.000000000000   0.000000000000   0.000000000000
  0.000000000000   0.000000000000   0.000000000000
  0.000000000000   0.000000000000   0.000000000000
  0.000000000000   0.000000000000   0.000000000000
  0.000000000000   0.000000000000   0.000000000000
  0.000000000000   0.000000000000   0.000000000000
  0.000000000000   0.000000000000   0.000000000000
  0.000000000000   0.000000000000   0.000000000000
  0.000000000000   0.000000000000   0.000000000000
  0.000000000000   0.000000000000   0.000000000000
  0.000000000000   0.000000000000   0.000000000000
  0.000000000000   0.000000000000   0.000000000000
  0.000000000000   0.000000000000   0.000000000000
  0.000000000000   0.000000000000   0.000000000000
  0.000000000000   0.000000000000   0.000000000000
  0.000000000000   0.000000000000   0.000000000000
  0.000000000000   0.000000000000   0.000000000000
  0.000000000000   0.000000000000   0.000000000000
  0.000000000000   0.000000000000   0.000000000000
  0.000000000000   0.000000000000   0.000000000000
  0.000000000000   0.000000000000   0.000000000000
  0.000000000000   0.000000000000   0.000000000000
  0.000000000000   0.000000000000   0.000000000000
  0.000000000000   0.000000000000   0.000000000000
  0.000000000000   0.000000000000   0.000000000000
  0.000000000000   0.000000000000   0.000000000000
  0.000000000000   0.000000000000   0.000000000000
  0.000000000000   0.000000000000   0.000000000000
  0.000000000000   0.000000000000   0.000000000000
  0.000000000000   0.000000000000   0.000000000000
  0.000000000000   0.000000000000   0.000000000000
  0.000000000000   0.000000000000   0.000000000000
  0.000000000000   0.000000000000   0.000000000000
  0.000000000000   0.000000000000   0.000000000000
  0.000000000000   0.000000000000   0.000000000000
  0.000000000000   0.000000000000   0.000000000000
  0.000000000000   0.000000000000   0.000000000000
  0.000000000000   0.000000000000   0.000000000000
  0.000000000000   0.000000000000   0.000000000000
  0.000000000000   0.000000000000   0.000000000000
  0.000000000000   0.000000000000   0.000000000000
  0.000000000000   0.000000000000   0.000000000000
  0.000000000000   0.000000000000   0.000000000000
  0.000000000000   0.000000000000   0.000000000000
  0.000000000000   0.000000000000   0.000000000000
  0.000000000000   0.000000000000   0.000000000000
  0.000000000000   0.000000000000   0.000000000000
  0.000000000000   0.000000000000   0.000000000000
  0.000000000000   0.000000000000   0.000000000000
  0.000000000000   0.000000000000   0.000000000000
  0.000000000000   0.000000000000   0.000000000000
  0.000000000000   0.000000000000   0.000000000000
  0.000000000000   0.000000000000   0.000000000000
  0.000000000000   0.000000000000   0.000000000000
  0.000000000000   0.000000000000   0.000000000000
  0.000000000000   0.000000000000   0.000000000000
  0.000000000000   0.000000000000   0.000000000000
  0.000000000000   0.000000000000   0.000000000000
  0.000000000000   0.000000000000   0.000000000000
  0.000000000000   0.000000000000   0.000000000000
  0.000000000000   0.000000000000   0.000000000000
  0.000000000000   0.000000000000   0.000000000000
  0.000000000000   0.000000000000   0.000000000000
  0.000000000000   0.000000000000   0.000000000000
  0.000000000000   0.000000000000   0.000000000000
  0.000000000000   0.000000000000   0.000000000000
  0.000000000000   0.000000000000   0.000000000000
  0.000000000000   0.000000000000   0.000000000000
  0.000000000000   0.000000000000   0.000000000000
  0.000000000000   0.000000000000   0.000000000000
  0.000000000000   0.000000000000   0.000000000000
  0.000000000000   0.000000000000   0.000000000000
  0.000000000000   0.000000000000   0.000000000000
  0.000000000000   0.000000000000   0.000000000000
  0.000000000000   0.000000000000   0.000000000000
  0.000000000000   0.000000000000   0.000000000000
  0.000000000000   0.000000000000   0.000000000000
  0.000000000000   0.000000000000   0.000000000000
  0.000000000000   0.000000000000   0.000000000000
  0.000000000000   0.000000000000   0.000000000000
  0.000000000000   0.000000000000   0.000000000000
  0.000000000000   0.000000000000   0.000000000000
  0.000000000000   0.000000000000   0.000000000000
  0.000000000000   0.000000000000   0.000000000000
  0.000000000000   0.000000000000   0.000000000000
  0.000000000000   0.000000000000   0.000000000000
  0.000000000000   0.000000000000   0.000000000000
  0.000000000000   0.000000000000   0.000000000000
  0.000000000000   0.000000000000   0.000000000000
  0.000000000000   0.000000000000   0.000000000000
  0.000000000000   0.000000000000   0.000000000000
  0.000000000000   0.000000000000   0.000000000000
  0.000000000000   0.000000000000   0.000000000000
  0.000000000000   0.000000000000   0.000000000000
  0.000000000000   0.000000000000   0.000000000000
  0.000000000000   0.000000000000   0.000000000000
  0.000000000000   0.000000000000   0.000000000000
  0.000000000000   0.000000000000   0.000000000000
  0.000000000000   0.000000000000   0.000000000000
  0.000000000000   0.000000000000   0.000000000000
  0.000000000000   0.000000000000   0.000000000000
  0.000000000000   0.000000000000   0.000000000000
  0.000000000000   0.000000000000   0.000000000000
  0.000000000000   0.000000000000   0.000000000000
  0.000000000000   0.000000000000   0.000000000000
  0.000000000000   0.000000000000   0.000000000000
  0.000000000000   0.000000000000   0.000000000000
  0.000000000000   0.000000000000   0.000000000000
  0.000000000000   0.000000000000   0.000000000000
  0.000000000000   0.000000000000   0.000000000000
  0.000000000000   0.000000000000   0.000000000000
  0.000000000000   0.000000000000   0.000000000000
  0.000000000000   0.000000000000   0.000000000000
  0.000000000000   0.000000000000   0.000000000000
  0.000000000000   0.000000000000   0.000000000000
  0.000000000000   0.000000000000   0.000000000000
  0.000000000000   0.000000000000   0.000000000000
  0.000000000000   0.000000000000   0.000000000000
  0.000000000000   0.000000000000   0.000000000000
  0.000000000000   0.000000000000   0.000000000000
  0.000000000000   0.000000000000   0.000000000000
  0.000000000000   0.000000000000   0.000000000000
  0.000000000000   0.000000000000   0.000000000000
  0.000000000000   0.000000000000   0.000000000000
  0.000000000000   0.000000000000   0.000000000000
  0.000000000000   0.000000000000   0.000000000000
  0.000000000000   0.000000000000   0.000000000000
  0.000000000000   0.000000000000   0.000000000000
  0.000000000000   0.000000000000   0.000000000000
  0.000000000000   0.000000000000   0.000000000000
  0.000000000000   0.000000000000   0.000000000000
  0.000000000000   0.000000000000   0.000000000000
  0.000000000000   0.000000000000   0.000000000000
  0.000000000000   0.000000000000   0.000000000000
  0.000000000000   0.000000000000   0.000000000000
  0.000000000000   0.000000000000   0.000000000000
  0.000000000000   0.000000000000   0.000000000000
  0.000000000000   0.000000000000   0.000000000000
  0.000000000000   0.000000000000   0.000000000000
  0.000000000000   0.000000000000   0.000000000000
  0.000000000000   0.000000000000   0.000000000000
  0.000000000000   0.000000000000   0.000000000000
  0.000000000000   0.000000000000   0.000000000000
  0.000000000000   0.000000000000   0.000000000000
  0.000000000000   0.000000000000   0.000000000000
  0.000000000000   0.000000000000   0.000000000000
  0.000000000000   0.000000000000   0.000000000000
  0.000000000000   0.000000000000   0.000000000000
  0.000000000000   0.000000000000   0.000000000000
  0.000000000000   0.000000000000   0.000000000000
  0.000000000000   0.000000000000   0.000000000000
  0.000000000000   0.000000000000   0.000000000000
  0.000000000000   0.000000000000   0.000000000000
  0.000000000000   0.000000000000   0.000000000000
  0.000000000000   0.000000000000   0.000000000000
  0.000000000000   0.000000000000   0.000000000000
  0.000000000000   0.000000000000   0.000000000000
  0.000000000000   0.000000000000   0.000000000000
  0.000000000000   0.000000000000   0.000000000000
  0.000000000000   0.000000000000   0.000000000000
  0.000000000000   0.000000000000   0.000000000000
  0.000000000000   0.000000000000   0.000000000000
  0.000000000000   0.000000000000   0.000000000000
  0.000000000000   0.000000000000   0.000000000000
  0.000000000000   0.000000000000   0.000000000000
  0.000000000000   0.000000000000   0.000000000000
  0.000000000000   0.000000000000   0.000000000000
  0.000000000000   0.000000000000   0.000000000000
  0.000000000000   0.000000000000   0.000000000000
  0.000000000000   0.000000000000   0.000000000000
  0.000000000000   0.000000000000   0.000000000000
  0.000000000000   0.000000000000   0.000000000000
  0.000000000000   0.000000000000   0.000000000000
  0.000000000000   0.000000000000   0.000000000000
  0.000000000000   0.000000000000   0.000000000000
  0.000000000000   0.000000000000   0.000000000000
  0.000000000000   0.000000000000   0.000000000000
  0.000000000000   0.000000000000   0.000000000000
  0.000000000000   0.000000000000   0.000000000000
  0.000000000000   0.000000000000   0.000000000000
  0.000000000000   0.000000000000   0.000000000000
  0.000000000000   0.000000000000   0.000000000000
  0.000000000000   0.000000000000   0.000000000000
  0.000000000000   0.000000000000   0.000000000000
  0.000000000000   0.000000000000   0.000000000000
  0.000000000000   0.000000000000   0.000000000000
  0.000000000000   0.000000000000   0.000000000000
  0.000000000000   0.000000000000   0.000000000000
  0.000000000000   0.000000000000   0.000000000000
  0.000000000000   0.000000000000   0.000000000000
  0.000000000000   0.000000000000   0.000000000000
   99    3  0.0000  0.0000  0.0150
  0.000000000000   0.000000000000   0.000000000000
  0.000000000000   0.000000000000   0.000000000000
  0.000000000000   0.000000000000   0.000000000000
  0.000000000000   0.000000000000   0.000000000000
  0.000000000000   0.000000000000   0.000000000000
  0.000000000000   0.000000000000   0.000000000000
  0.000000000000   0.000000000000   0.000000000000
  0.000000000000   0.000000000000   0.000000000000
  0.000000000000   0.000000000000   0.000000000000
  0.000000000000   0.000000000000   0.000000000000
  0.000000000000   0.000000000000   0.000000000000
  0.000000000000   0.000000000000   0.000000000000
  0.000000000000   0.000000000000   0.000000000000
  0.000000000000   0.000000000000   0.000000000000
  0.000000000000   0.000000000000   0.000000000000
  0.000000000000   0.000000000000   0.000000000000
  0.000000000000   0.000000000000   0.000000000000
  0.000000000000   0.000000000000   0.000000000000
  0.000000000000   0.000000000000   0.000000000000
  0.000000000000   0.000000000000   0.000000000000
  0.000000000000   0.000000000000   0.000000000000
  0.000000000000   0.000000000000   0.000000000000
  0.000000000000   0.000000000000   0.000000000000
  0.000000000000   0.000000000000   0.000000000000
  0.000000000000   0.000000000000   0.000000000000
  0.000000000000   0.000000000000   0.000000000000
  0.000000000000   0.000000000000   0.000000000000
  0.000000000000   0.000000000000   0.000000000000
  0.000000000000   0.000000000000   0.000000000000
  0.000000000000   0.000000000000   0.000000000000
  0.000000000000   0.000000000000   0.000000000000
  0.000000000000   0.000000000000   0.000000000000
  0.000000000000   0.000000000000   0.000000000000
  0.000000000000   0.000000000000   0.000000000000
  0.000000000000   0.000000000000   0.000000000000
  0.000000000000   0.000000000000   0.000000000000
  0.000000000000   0.000000000000   0.000000000000
  0.000000000000   0.000000000000   0.000000000000
  0.000000000000   0.000000000000   0.000000000000
  0.000000000000   0.000000000000   0.000000000000
  0.000000000000   0.000000000000   0.000000000000
  0.000000000000   0.000000000000   0.000000000000
  0.000000000000   0.000000000000   0.000000000000
  0.000000000000   0.000000000000   0.000000000000
  0.000000000000   0.000000000000   0.000000000000
  0.000000000000   0.000000000000   0.000000000000
  0.000000000000   0.000000000000   0.000000000000
  0.000000000000   0.000000000000   0.000000000000
  0.000000000000   0.000000000000   0.000000000000
  0.000000000000   0.000000000000   0.000000000000
  0.000000000000   0.000000000000   0.000000000000
  0.000000000000   0.000000000000   0.000000000000
  0.000000000000   0.000000000000   0.000000000000
  0.000000000000   0.000000000000   0.000000000000
  0.000000000000   0.000000000000   0.000000000000
  0.000000000000   0.000000000000   0.000000000000
  0.000000000000   0.000000000000   0.000000000000
  0.000000000000   0.000000000000   0.000000000000
  0.000000000000   0.000000000000   0.000000000000
  0.000000000000   0.000000000000   0.000000000000
  0.000000000000   0.000000000000   0.000000000000
  0.000000000000   0.000000000000   0.000000000000
  0.000000000000   0.000000000000   0.000000000000
  0.000000000000   0.000000000000   0.000000000000
  0.000000000000   0.000000000000   0.000000000000
  0.000000000000   0.000000000000   0.000000000000
  0.000000000000   0.000000000000   0.000000000000
  0.000000000000   0.000000000000   0.000000000000
  0.000000000000   0.000000000000   0.000000000000
  0.000000000000   0.000000000000   0.000000000000
  0.000000000000   0.000000000000   0.000000000000
  0.000000000000   0.000000000000   0.000000000000
  0.000000000000   0.000000000000   0.000000000000
  0.000000000000   0.000000000000   0.000000000000
  0.000000000000   0.000000000000   0.000000000000
  0.000000000000   0.000000000000   0.000000000000
  0.000000000000   0.000000000000   0.000000000000
  0.000000000000   0.000000000000   0.000000000000
  0.000000000000   0.000000000000   0.000000000000
  0.000000000000   0.000000000000   0.000000000000
  0.000000000000   0.000000000000   0.000000000000
  0.000000000000   0.000000000000   0.000000000000
  0.000000000000   0.000000000000   0.000000000000
  0.000000000000   0.000000000000   0.000000000000
  0.000000000000   0.000000000000   0.000000000000
  0.000000000000   0.000000000000   0.000000000000
  0.000000000000   0.000000000000   0.000000000000
  0.000000000000   0.000000000000   0.000000000000
  0.000000000000   0.000000000000   0.000000000000
  0.000000000000   0.000000000000   0.000000000000
  0.000000000000   0.000000000000   0.000000000000
  0.000000000000   0.000000000000   0.000000000000
  0.000000000000   0.000000000000   0.000000000000
  0.000000000000   0.000000000000   0.000000000000
  0.000000000000   0.000000000000   0.000000000000
  0.000000000000   0.000000000000   0.000000000000
  0.000000000000   0.000000000000   0.000000000000
 -0.022234974302   0.010272695123   0.023193709442
  0.179124117296  -0.092220728493  -0.250013474731
  0.012517292995  -0.006984780737  -0.014059176575
 -0.000303488633   0.000019883170   0.000798334795
 -0.000018751117   0.000040043507   0.000052414658
 -0.000001197236   0.000019638935   0.000014823951
 -0.000010212695   0.000021344461   0.000011700944
 -0.000006140409   0.000028140643   0.000027422516
  0.000123542323   0.000050003718  -0.000033319299
 -0.000106466251  -0.000029021541   0.000072938155
 -0.164329132574   0.078613148950   0.228455734555
 -0.006558502506   0.008700096837   0.011004102372
  0.000473730685   0.001680521660  -0.001290147577
  0.000871035741  -0.000435561263  -0.000621977356
 -0.000904833569   0.000181002824  -0.000619490868
  0.000040598563   0.000071188985   0.000078126912
  0.000932364780   0.001035505741   0.000786363947
  0.000373524688  -0.002564376948   0.000752882283
  0.000000000000   0.000000000000   0.000000000000
  0.000000000000   0.000000000000   0.000000000000
  0.000000000000   0.000000000000   0.000000000000
  0.000000000000   0.000000000000   0.000000000000
  0.000000000000   0.000000000000   0.000000000000
  0.000000000000   0.000000000000   0.000000000000
  0.000000000000   0.000000000000   0.000000000000
  0.000000000000   0.000000000000   0.000000000000
  0.000000000000   0.000000000000   0.000000000000
  0.000000000000   0.000000000000   0.000000000000
  0.000000000000   0.000000000000   0.000000000000
  0.000000000000   0.000000000000   0.000000000000
  0.000000000000   0.000000000000   0.000000000000
  0.000000000000   0.000000000000   0.000000000000
  0.000000000000   0.000000000000   0.000000000000
  0.000000000000   0.000000000000   0.000000000000
  0.000000000000   0.000000000000   0.000000000000
  0.000000000000   0.000000000000   0.000000000000
  0.000000000000   0.000000000000   0.000000000000
  0.000000000000   0.000000000000   0.000000000000
  0.000000000000   0.000000000000   0.000000000000
  0.000000000000   0.000000000000   0.000000000000
  0.000000000000   0.000000000000   0.000000000000
  0.000000000000   0.000000000000   0.000000000000
  0.000000000000   0.000000000000   0.000000000000
  0.000000000000   0.000000000000   0.000000000000
  0.000000000000   0.000000000000   0.000000000000
  0.000000000000   0.000000000000   0.000000000000
  0.000000000000   0.000000000000   0.000000000000
  0.000000000000   0.000000000000   0.000000000000
  0.000000000000   0.000000000000   0.000000000000
  0.000000000000   0.000000000000   0.000000000000
  0.000000000000   0.000000000000   0.000000000000
  0.000000000000   0.000000000000   0.000000000000
  0.000000000000   0.000000000000   0.000000000000
  0.000000000000   0.000000000000   0.000000000000
  0.000000000000   0.000000000000   0.000000000000
  0.000000000000   0.000000000000   0.000000000000
  0.000000000000   0.000000000000   0.000000000000
  0.000000000000   0.000000000000   0.000000000000
  0.000000000000   0.000000000000   0.000000000000
  0.000000000000   0.000000000000   0.000000000000
  0.000000000000   0.000000000000   0.000000000000
  0.000000000000   0.000000000000   0.000000000000
  0.000000000000   0.000000000000   0.000000000000
  0.000000000000   0.000000000000   0.000000000000
  0.000000000000   0.000000000000   0.000000000000
  0.000000000000   0.000000000000   0.000000000000
  0.000000000000   0.000000000000   0.000000000000
  0.000000000000   0.000000000000   0.000000000000
  0.000000000000   0.000000000000   0.000000000000
  0.000000000000   0.000000000000   0.000000000000
  0.000000000000   0.000000000000   0.000000000000
  0.000000000000   0.000000000000   0.000000000000
  0.000000000000   0.000000000000   0.000000000000
  0.000000000000   0.000000000000   0.000000000000
  0.000000000000   0.000000000000   0.000000000000
  0.000000000000   0.000000000000   0.000000000000
  0.000000000000   0.000000000000   0.000000000000
  0.000000000000   0.000000000000   0.000000000000
  0.000000000000   0.000000000000   0.000000000000
  0.000000000000   0.000000000000   0.000000000000
  0.000000000000   0.000000000000   0.000000000000
  0.000000000000   0.000000000000   0.000000000000
  0.000000000000   0.000000000000   0.000000000000
  0.000000000000   0.000000000000   0.000000000000
  0.000000000000   0.000000000000   0.000000000000
  0.000000000000   0.000000000000   0.000000000000
  0.000000000000   0.000000000000   0.000000000000
  0.000000000000   0.000000000000   0.000000000000
  0.000000000000   0.000000000000   0.000000000000
  0.000000000000   0.000000000000   0.000000000000
  0.000000000000   0.000000000000   0.000000000000
  0.000000000000   0.000000000000   0.000000000000
  0.000000000000   0.000000000000   0.000000000000
  0.000000000000   0.000000000000   0.000000000000
  0.000000000000   0.000000000000   0.000000000000
  0.000000000000   0.000000000000   0.000000000000
  0.000000000000   0.000000000000   0.000000000000
  0.000000000000   0.000000000000   0.000000000000
  0.000000000000   0.000000000000   0.000000000000
  0.000000000000   0.000000000000   0.000000000000
  0.000000000000   0.000000000000   0.000000000000
  0.000000000000   0.000000000000   0.000000000000
  0.000000000000   0.000000000000   0.000000000000
  0.000000000000   0.000000000000   0.000000000000
  0.000000000000   0.000000000000   0.000000000000
  0.000000000000   0.000000000000   0.000000000000
  0.000000000000   0.000000000000   0.000000000000
  0.000000000000   0.000000000000   0.000000000000
  0.000000000000   0.000000000000   0.000000000000
  0.000000000000   0.000000000000   0.000000000000
  0.000000000000   0.000000000000   0.000000000000
  0.000000000000   0.000000000000   0.000000000000
  0.000000000000   0.000000000000   0.000000000000
  0.000000000000   0.000000000000   0.000000000000
  0.000000000000   0.000000000000   0.000000000000
  0.000000000000   0.000000000000   0.000000000000
  0.000000000000   0.000000000000   0.000000000000
  0.000000000000   0.000000000000   0.000000000000
  0.000000000000   0.000000000000   0.000000000000
  0.000000000000   0.000000000000   0.000000000000
  0.000000000000   0.000000000000   0.000000000000
  0.000000000000   0.000000000000   0.000000000000
  0.000000000000   0.000000000000   0.000000000000
  0.000000000000   0.000000000000   0.000000000000
  0.000000000000   0.000000000000   0.000000000000
  0.000000000000   0.000000000000   0.000000000000
  0.000000000000   0.000000000000   0.000000000000
  0.000000000000   0.000000000000   0.000000000000
  0.000000000000   0.000000000000   0.000000000000
  0.000000000000   0.000000000000   0.000000000000
  0.000000000000   0.000000000000   0.000000000000
  0.000000000000   0.000000000000   0.000000000000
  0.000000000000   0.000000000000   0.000000000000
  0.000000000000   0.000000000000   0.000000000000
  0.000000000000   0.000000000000   0.000000000000
  0.000000000000   0.000000000000   0.000000000000
  0.000000000000   0.000000000000   0.000000000000
  0.000000000000   0.000000000000   0.000000000000
  0.000000000000   0.000000000000   0.000000000000
  0.000000000000   0.000000000000   0.000000000000
  0.000000000000   0.000000000000   0.000000000000
  0.000000000000   0.000000000000   0.000000000000
  0.000000000000   0.000000000000   0.000000000000
  0.000000000000   0.000000000000   0.000000000000
  0.000000000000   0.000000000000   0.000000000000
  0.000000000000   0.000000000000   0.000000000000
  0.000000000000   0.000000000000   0.000000000000
  0.000000000000   0.000000000000   0.000000000000
  0.000000000000   0.000000000000   0.000000000000
  0.000000000000   0.000000000000   0.000000000000
  0.000000000000   0.000000000000   0.000000000000
  0.000000000000   0.000000000000   0.000000000000
  0.000000000000   0.000000000000   0.000000000000
  0.000000000000   0.000000000000   0.000000000000
  0.000000000000   0.000000000000   0.000000000000
  0.000000000000   0.000000000000   0.000000000000
  0.000000000000   0.000000000000   0.000000000000
  0.000000000000   0.000000000000   0.000000000000
  0.000000000000   0.000000000000   0.000000000000
  0.000000000000   0.000000000000   0.000000000000
  0.000000000000   0.000000000000   0.000000000000
  0.000000000000   0.000000000000   0.000000000000
  0.000000000000   0.000000000000   0.000000000000
  0.000000000000   0.000000000000   0.000000000000
  0.000000000000   0.000000000000   0.000000000000
  0.000000000000   0.000000000000   0.000000000000
  0.000000000000   0.000000000000   0.000000000000
  0.000000000000   0.000000000000   0.000000000000
  0.000000000000   0.000000000000   0.000000000000
  0.000000000000   0.000000000000   0.000000000000
  0.000000000000   0.000000000000   0.000000000000
  0.000000000000   0.000000000000   0.000000000000
  0.000000000000   0.000000000000   0.000000000000
  0.000000000000   0.000000000000   0.000000000000
  0.000000000000   0.000000000000   0.000000000000
  0.000000000000   0.000000000000   0.000000000000
  0.000000000000   0.000000000000   0.000000000000
  0.000000000000   0.000000000000   0.000000000000
  0.000000000000   0.000000000000   0.000000000000
  0.000000000000   0.000000000000   0.000000000000
  0.000000000000   0.000000000000   0.000000000000
  0.000000000000   0.000000000000   0.000000000000
  0.000000000000   0.000000000000   0.000000000000
  0.000000000000   0.000000000000   0.000000000000
  0.000000000000   0.000000000000   0.000000000000
  0.000000000000   0.000000000000   0.000000000000
  0.000000000000   0.000000000000   0.000000000000
  0.000000000000   0.000000000000   0.000000000000
  0.000000000000   0.000000000000   0.000000000000
  0.000000000000   0.000000000000   0.000000000000
  0.000000000000   0.000000000000   0.000000000000
  0.000000000000   0.000000000000   0.000000000000
  0.000000000000   0.000000000000   0.000000000000
  0.000000000000   0.000000000000   0.000000000000
  0.000000000000   0.000000000000   0.000000000000
  0.000000000000   0.000000000000   0.000000000000
  0.000000000000   0.000000000000   0.000000000000
  0.000000000000   0.000000000000   0.000000000000
  0.000000000000   0.000000000000   0.000000000000
  0.000000000000   0.000000000000   0.000000000000
  0.000000000000   0.000000000000   0.000000000000
  0.000000000000   0.000000000000   0.000000000000
  0.000000000000   0.000000000000   0.000000000000
  0.000000000000   0.000000000000   0.000000000000
  0.000000000000   0.000000000000   0.000000000000
  0.000000000000   0.000000000000   0.000000000000
  0.000000000000   0.000000000000   0.000000000000
  0.000000000000   0.000000000000   0.000000000000
  0.000000000000   0.000000000000   0.000000000000
  0.000000000000   0.000000000000   0.000000000000
  100    1  0.0150  0.0000  0.0000
  0.000000000000   0.000000000000   0.000000000000
  0.000000000000   0.000000000000   0.000000000000
  0.000000000000   0.000000000000   0.000000000000
  0.000000000000   0.000000000000   0.000000000000
  0.000000000000   0.000000000000   0.000000000000
  0.000000000000   0.000000000000   0.000000000000
  0.000000000000   0.000000000000   0.000000000000
  0.000000000000   0.000000000000   0.000000000000
  0.000000000000   0.000000000000   0.000000000000
  0.000000000000   0.000000000000   0.000000000000
  0.000000000000   0.000000000000   0.000000000000
  0.000000000000   0.000000000000   0.000000000000
  0.000000000000   0.000000000000   0.000000000000
  0.000000000000   0.000000000000   0.000000000000
  0.000000000000   0.000000000000   0.000000000000
  0.000000000000   0.000000000000   0.000000000000
  0.000000000000   0.000000000000   0.000000000000
  0.000000000000   0.000000000000   0.000000000000
  0.000000000000   0.000000000000   0.000000000000
  0.000000000000   0.000000000000   0.000000000000
  0.000000000000   0.000000000000   0.000000000000
  0.000000000000   0.000000000000   0.000000000000
  0.000000000000   0.000000000000   0.000000000000
  0.000000000000   0.000000000000   0.000000000000
  0.000000000000   0.000000000000   0.000000000000
  0.000000000000   0.000000000000   0.000000000000
  0.000000000000   0.000000000000   0.000000000000
  0.000000000000   0.000000000000   0.000000000000
  0.000000000000   0.000000000000   0.000000000000
  0.000000000000   0.000000000000   0.000000000000
  0.000000000000   0.000000000000   0.000000000000
  0.000000000000   0.000000000000   0.000000000000
  0.000000000000   0.000000000000   0.000000000000
  0.000000000000   0.000000000000   0.000000000000
  0.000000000000   0.000000000000   0.000000000000
  0.000000000000   0.000000000000   0.000000000000
  0.000000000000   0.000000000000   0.000000000000
  0.000000000000   0.000000000000   0.000000000000
  0.000000000000   0.000000000000   0.000000000000
  0.000000000000   0.000000000000   0.000000000000
  0.000000000000   0.000000000000   0.000000000000
  0.000000000000   0.000000000000   0.000000000000
  0.000000000000   0.000000000000   0.000000000000
  0.000000000000   0.000000000000   0.000000000000
  0.000000000000   0.000000000000   0.000000000000
  0.000000000000   0.000000000000   0.000000000000
  0.000000000000   0.000000000000   0.000000000000
  0.000000000000   0.000000000000   0.000000000000
  0.000000000000   0.000000000000   0.000000000000
  0.000000000000   0.000000000000   0.000000000000
  0.000000000000   0.000000000000   0.000000000000
  0.000000000000   0.000000000000   0.000000000000
  0.000000000000   0.000000000000   0.000000000000
  0.000000000000   0.000000000000   0.000000000000
  0.000000000000   0.000000000000   0.000000000000
  0.000000000000   0.000000000000   0.000000000000
  0.000000000000   0.000000000000   0.000000000000
  0.000000000000   0.000000000000   0.000000000000
  0.000000000000   0.000000000000   0.000000000000
  0.000000000000   0.000000000000   0.000000000000
  0.000000000000   0.000000000000   0.000000000000
  0.000000000000   0.000000000000   0.000000000000
  0.000000000000   0.000000000000   0.000000000000
  0.000000000000   0.000000000000   0.000000000000
  0.000000000000   0.000000000000   0.000000000000
  0.000000000000   0.000000000000   0.000000000000
  0.000000000000   0.000000000000   0.000000000000
  0.000000000000   0.000000000000   0.000000000000
  0.000000000000   0.000000000000   0.000000000000
  0.000000000000   0.000000000000   0.000000000000
  0.000000000000   0.000000000000   0.000000000000
  0.000000000000   0.000000000000   0.000000000000
  0.000000000000   0.000000000000   0.000000000000
  0.000000000000   0.000000000000   0.000000000000
  0.000000000000   0.000000000000   0.000000000000
  0.000000000000   0.000000000000   0.000000000000
  0.000000000000   0.000000000000   0.000000000000
  0.000000000000   0.000000000000   0.000000000000
  0.000000000000   0.000000000000   0.000000000000
  0.000000000000   0.000000000000   0.000000000000
  0.000000000000   0.000000000000   0.000000000000
  0.000000000000   0.000000000000   0.000000000000
  0.000000000000   0.000000000000   0.000000000000
  0.000000000000   0.000000000000   0.000000000000
  0.000000000000   0.000000000000   0.000000000000
  0.000000000000   0.000000000000   0.000000000000
  0.000000000000   0.000000000000   0.000000000000
  0.000000000000   0.000000000000   0.000000000000
  0.000000000000   0.000000000000   0.000000000000
  0.000000000000   0.000000000000   0.000000000000
  0.000000000000   0.000000000000   0.000000000000
  0.000000000000   0.000000000000   0.000000000000
  0.000000000000   0.000000000000   0.000000000000
  0.000000000000   0.000000000000   0.000000000000
  0.000000000000   0.000000000000   0.000000000000
  0.000000000000   0.000000000000   0.000000000000
  0.000000000000   0.000000000000   0.000000000000
 -0.002664385513  -0.000239197807  -0.002238931214
  0.025563296082  -0.002222764550   0.012713836491
 -0.400815604082   0.022142507031  -0.161896184811
 -0.000019696237  -0.000044044813  -0.000300233081
  0.000119572378   0.000153647899  -0.000046743910
  0.000035622471   0.000055277623   0.000024145476
 -0.000009888966   0.000045956750   0.000008093231
 -0.000018488095  -0.000004674114   0.000012128880
  0.000110989398  -0.000000886816  -0.000037737610
 -0.000007877142   0.001089276231  -0.000700468420
  0.368769819684  -0.021573943444   0.147776268693
  0.009536616094  -0.001571439753   0.004037260539
 -0.000380189328   0.002860769618   0.000130711243
 -0.000183756838  -0.001297982901   0.000439575219
 -0.000611967834   0.000226751282  -0.000491562260
  0.000076613035   0.000061825352  -0.000139793530
 -0.000141645634   0.000743431899   0.000507243036
 -0.001155523904  -0.002848601788   0.000233216549
  0.000000000000   0.000000000000   0.000000000000
  0.000000000000   0.000000000000   0.000000000000
  0.000000000000   0.000000000000   0.000000000000
  0.000000000000   0.000000000000   0.000000000000
  0.000000000000   0.000000000000   0.000000000000
  0.000000000000   0.000000000000   0.000000000000
  0.000000000000   0.000000000000   0.000000000000
  0.000000000000   0.000000000000   0.000000000000
  0.000000000000   0.000000000000   0.000000000000
  0.000000000000   0.000000000000   0.000000000000
  0.000000000000   0.000000000000   0.000000000000
  0.000000000000   0.000000000000   0.000000000000
  0.000000000000   0.000000000000   0.000000000000
  0.000000000000   0.000000000000   0.000000000000
  0.000000000000   0.000000000000   0.000000000000
  0.000000000000   0.000000000000   0.000000000000
  0.000000000000   0.000000000000   0.000000000000
  0.000000000000   0.000000000000   0.000000000000
  0.000000000000   0.000000000000   0.000000000000
  0.000000000000   0.000000000000   0.000000000000
  0.000000000000   0.000000000000   0.000000000000
  0.000000000000   0.000000000000   0.000000000000
  0.000000000000   0.000000000000   0.000000000000
  0.000000000000   0.000000000000   0.000000000000
  0.000000000000   0.000000000000   0.000000000000
  0.000000000000   0.000000000000   0.000000000000
  0.000000000000   0.000000000000   0.000000000000
  0.000000000000   0.000000000000   0.000000000000
  0.000000000000   0.000000000000   0.000000000000
  0.000000000000   0.000000000000   0.000000000000
  0.000000000000   0.000000000000   0.000000000000
  0.000000000000   0.000000000000   0.000000000000
  0.000000000000   0.000000000000   0.000000000000
  0.000000000000   0.000000000000   0.000000000000
  0.000000000000   0.000000000000   0.000000000000
  0.000000000000   0.000000000000   0.000000000000
  0.000000000000   0.000000000000   0.000000000000
  0.000000000000   0.000000000000   0.000000000000
  0.000000000000   0.000000000000   0.000000000000
  0.000000000000   0.000000000000   0.000000000000
  0.000000000000   0.000000000000   0.000000000000
  0.000000000000   0.000000000000   0.000000000000
  0.000000000000   0.000000000000   0.000000000000
  0.000000000000   0.000000000000   0.000000000000
  0.000000000000   0.000000000000   0.000000000000
  0.000000000000   0.000000000000   0.000000000000
  0.000000000000   0.000000000000   0.000000000000
  0.000000000000   0.000000000000   0.000000000000
  0.000000000000   0.000000000000   0.000000000000
  0.000000000000   0.000000000000   0.000000000000
  0.000000000000   0.000000000000   0.000000000000
  0.000000000000   0.000000000000   0.000000000000
  0.000000000000   0.000000000000   0.000000000000
  0.000000000000   0.000000000000   0.000000000000
  0.000000000000   0.000000000000   0.000000000000
  0.000000000000   0.000000000000   0.000000000000
  0.000000000000   0.000000000000   0.000000000000
  0.000000000000   0.000000000000   0.000000000000
  0.000000000000   0.000000000000   0.000000000000
  0.000000000000   0.000000000000   0.000000000000
  0.000000000000   0.000000000000   0.000000000000
  0.000000000000   0.000000000000   0.000000000000
  0.000000000000   0.000000000000   0.000000000000
  0.000000000000   0.000000000000   0.000000000000
  0.000000000000   0.000000000000   0.000000000000
  0.000000000000   0.000000000000   0.000000000000
  0.000000000000   0.000000000000   0.000000000000
  0.000000000000   0.000000000000   0.000000000000
  0.000000000000   0.000000000000   0.000000000000
  0.000000000000   0.000000000000   0.000000000000
  0.000000000000   0.000000000000   0.000000000000
  0.000000000000   0.000000000000   0.000000000000
  0.000000000000   0.000000000000   0.000000000000
  0.000000000000   0.000000000000   0.000000000000
  0.000000000000   0.000000000000   0.000000000000
  0.000000000000   0.000000000000   0.000000000000
  0.000000000000   0.000000000000   0.000000000000
  0.000000000000   0.000000000000   0.000000000000
  0.000000000000   0.000000000000   0.000000000000
  0.000000000000   0.000000000000   0.000000000000
  0.000000000000   0.000000000000   0.000000000000
  0.000000000000   0.000000000000   0.000000000000
  0.000000000000   0.000000000000   0.000000000000
  0.000000000000   0.000000000000   0.000000000000
  0.000000000000   0.000000000000   0.000000000000
  0.000000000000   0.000000000000   0.000000000000
  0.000000000000   0.000000000000   0.000000000000
  0.000000000000   0.000000000000   0.000000000000
  0.000000000000   0.000000000000   0.000000000000
  0.000000000000   0.000000000000   0.000000000000
  0.000000000000   0.000000000000   0.000000000000
  0.000000000000   0.000000000000   0.000000000000
  0.000000000000   0.000000000000   0.000000000000
  0.000000000000   0.000000000000   0.000000000000
  0.000000000000   0.000000000000   0.000000000000
  0.000000000000   0.000000000000   0.000000000000
  0.000000000000   0.000000000000   0.000000000000
  0.000000000000   0.000000000000   0.000000000000
  0.000000000000   0.000000000000   0.000000000000
  0.000000000000   0.000000000000   0.000000000000
  0.000000000000   0.000000000000   0.000000000000
  0.000000000000   0.000000000000   0.000000000000
  0.000000000000   0.000000000000   0.000000000000
  0.000000000000   0.000000000000   0.000000000000
  0.000000000000   0.000000000000   0.000000000000
  0.000000000000   0.000000000000   0.000000000000
  0.000000000000   0.000000000000   0.000000000000
  0.000000000000   0.000000000000   0.000000000000
  0.000000000000   0.000000000000   0.000000000000
  0.000000000000   0.000000000000   0.000000000000
  0.000000000000   0.000000000000   0.000000000000
  0.000000000000   0.000000000000   0.000000000000
  0.000000000000   0.000000000000   0.000000000000
  0.000000000000   0.000000000000   0.000000000000
  0.000000000000   0.000000000000   0.000000000000
  0.000000000000   0.000000000000   0.000000000000
  0.000000000000   0.000000000000   0.000000000000
  0.000000000000   0.000000000000   0.000000000000
  0.000000000000   0.000000000000   0.000000000000
  0.000000000000   0.000000000000   0.000000000000
  0.000000000000   0.000000000000   0.000000000000
  0.000000000000   0.000000000000   0.000000000000
  0.000000000000   0.000000000000   0.000000000000
  0.000000000000   0.000000000000   0.000000000000
  0.000000000000   0.000000000000   0.000000000000
  0.000000000000   0.000000000000   0.000000000000
  0.000000000000   0.000000000000   0.000000000000
  0.000000000000   0.000000000000   0.000000000000
  0.000000000000   0.000000000000   0.000000000000
  0.000000000000   0.000000000000   0.000000000000
  0.000000000000   0.000000000000   0.000000000000
  0.000000000000   0.000000000000   0.000000000000
  0.000000000000   0.000000000000   0.000000000000
  0.000000000000   0.000000000000   0.000000000000
  0.000000000000   0.000000000000   0.000000000000
  0.000000000000   0.000000000000   0.000000000000
  0.000000000000   0.000000000000   0.000000000000
  0.000000000000   0.000000000000   0.000000000000
  0.000000000000   0.000000000000   0.000000000000
  0.000000000000   0.000000000000   0.000000000000
  0.000000000000   0.000000000000   0.000000000000
  0.000000000000   0.000000000000   0.000000000000
  0.000000000000   0.000000000000   0.000000000000
  0.000000000000   0.000000000000   0.000000000000
  0.000000000000   0.000000000000   0.000000000000
  0.000000000000   0.000000000000   0.000000000000
  0.000000000000   0.000000000000   0.000000000000
  0.000000000000   0.000000000000   0.000000000000
  0.000000000000   0.000000000000   0.000000000000
  0.000000000000   0.000000000000   0.000000000000
  0.000000000000   0.000000000000   0.000000000000
  0.000000000000   0.000000000000   0.000000000000
  0.000000000000   0.000000000000   0.000000000000
  0.000000000000   0.000000000000   0.000000000000
  0.000000000000   0.000000000000   0.000000000000
  0.000000000000   0.000000000000   0.000000000000
  0.000000000000   0.000000000000   0.000000000000
  0.000000000000   0.000000000000   0.000000000000
  0.000000000000   0.000000000000   0.000000000000
  0.000000000000   0.000000000000   0.000000000000
  0.000000000000   0.000000000000   0.000000000000
  0.000000000000   0.000000000000   0.000000000000
  0.000000000000   0.000000000000   0.000000000000
  0.000000000000   0.000000000000   0.000000000000
  0.000000000000   0.000000000000   0.000000000000
  0.000000000000   0.000000000000   0.000000000000
  0.000000000000   0.000000000000   0.000000000000
  0.000000000000   0.000000000000   0.000000000000
  0.000000000000   0.000000000000   0.000000000000
  0.000000000000   0.000000000000   0.000000000000
  0.000000000000   0.000000000000   0.000000000000
  0.000000000000   0.000000000000   0.000000000000
  0.000000000000   0.000000000000   0.000000000000
  0.000000000000   0.000000000000   0.000000000000
  0.000000000000   0.000000000000   0.000000000000
  0.000000000000   0.000000000000   0.000000000000
  0.000000000000   0.000000000000   0.000000000000
  0.000000000000   0.000000000000   0.000000000000
  0.000000000000   0.000000000000   0.000000000000
  0.000000000000   0.000000000000   0.000000000000
  0.000000000000   0.000000000000   0.000000000000
  0.000000000000   0.000000000000   0.000000000000
  0.000000000000   0.000000000000   0.000000000000
  0.000000000000   0.000000000000   0.000000000000
  0.000000000000   0.000000000000   0.000000000000
  0.000000000000   0.000000000000   0.000000000000
  0.000000000000   0.000000000000   0.000000000000
  0.000000000000   0.000000000000   0.000000000000
  0.000000000000   0.000000000000   0.000000000000
  0.000000000000   0.000000000000   0.000000000000
  0.000000000000   0.000000000000   0.000000000000
  0.000000000000   0.000000000000   0.000000000000
  100    2  0.0000  0.0150  0.0000
  0.000000000000   0.000000000000   0.000000000000
  0.000000000000   0.000000000000   0.000000000000
  0.000000000000   0.000000000000   0.000000000000
  0.000000000000   0.000000000000   0.000000000000
  0.000000000000   0.000000000000   0.000000000000
  0.000000000000   0.000000000000   0.000000000000
  0.000000000000   0.000000000000   0.000000000000
  0.000000000000   0.000000000000   0.000000000000
  0.000000000000   0.000000000000   0.000000000000
  0.000000000000   0.000000000000   0.000000000000
  0.000000000000   0.000000000000   0.000000000000
  0.000000000000   0.000000000000   0.000000000000
  0.000000000000   0.000000000000   0.000000000000
  0.000000000000   0.000000000000   0.000000000000
  0.000000000000   0.000000000000   0.000000000000
  0.000000000000   0.000000000000   0.000000000000
  0.000000000000   0.000000000000   0.000000000000
  0.000000000000   0.000000000000   0.000000000000
  0.000000000000   0.000000000000   0.000000000000
  0.000000000000   0.000000000000   0.000000000000
  0.000000000000   0.000000000000   0.000000000000
  0.000000000000   0.000000000000   0.000000000000
  0.000000000000   0.000000000000   0.000000000000
  0.000000000000   0.000000000000   0.000000000000
  0.000000000000   0.000000000000   0.000000000000
  0.000000000000   0.000000000000   0.000000000000
  0.000000000000   0.000000000000   0.000000000000
  0.000000000000   0.000000000000   0.000000000000
  0.000000000000   0.000000000000   0.000000000000
  0.000000000000   0.000000000000   0.000000000000
  0.000000000000   0.000000000000   0.000000000000
  0.000000000000   0.000000000000   0.000000000000
  0.000000000000   0.000000000000   0.000000000000
  0.000000000000   0.000000000000   0.000000000000
  0.000000000000   0.000000000000   0.000000000000
  0.000000000000   0.000000000000   0.000000000000
  0.000000000000   0.000000000000   0.000000000000
  0.000000000000   0.000000000000   0.000000000000
  0.000000000000   0.000000000000   0.000000000000
  0.000000000000   0.000000000000   0.000000000000
  0.000000000000   0.000000000000   0.000000000000
  0.000000000000   0.000000000000   0.000000000000
  0.000000000000   0.000000000000   0.000000000000
  0.000000000000   0.000000000000   0.000000000000
  0.000000000000   0.000000000000   0.000000000000
  0.000000000000   0.000000000000   0.000000000000
  0.000000000000   0.000000000000   0.000000000000
  0.000000000000   0.000000000000   0.000000000000
  0.000000000000   0.000000000000   0.000000000000
  0.000000000000   0.000000000000   0.000000000000
  0.000000000000   0.000000000000   0.000000000000
  0.000000000000   0.000000000000   0.000000000000
  0.000000000000   0.000000000000   0.000000000000
  0.000000000000   0.000000000000   0.000000000000
  0.000000000000   0.000000000000   0.000000000000
  0.000000000000   0.000000000000   0.000000000000
  0.000000000000   0.000000000000   0.000000000000
  0.000000000000   0.000000000000   0.000000000000
  0.000000000000   0.000000000000   0.000000000000
  0.000000000000   0.000000000000   0.000000000000
  0.000000000000   0.000000000000   0.000000000000
  0.000000000000   0.000000000000   0.000000000000
  0.000000000000   0.000000000000   0.000000000000
  0.000000000000   0.000000000000   0.000000000000
  0.000000000000   0.000000000000   0.000000000000
  0.000000000000   0.000000000000   0.000000000000
  0.000000000000   0.000000000000   0.000000000000
  0.000000000000   0.000000000000   0.000000000000
  0.000000000000   0.000000000000   0.000000000000
  0.000000000000   0.000000000000   0.000000000000
  0.000000000000   0.000000000000   0.000000000000
  0.000000000000   0.000000000000   0.000000000000
  0.000000000000   0.000000000000   0.000000000000
  0.000000000000   0.000000000000   0.000000000000
  0.000000000000   0.000000000000   0.000000000000
  0.000000000000   0.000000000000   0.000000000000
  0.000000000000   0.000000000000   0.000000000000
  0.000000000000   0.000000000000   0.000000000000
  0.000000000000   0.000000000000   0.000000000000
  0.000000000000   0.000000000000   0.000000000000
  0.000000000000   0.000000000000   0.000000000000
  0.000000000000   0.000000000000   0.000000000000
  0.000000000000   0.000000000000   0.000000000000
  0.000000000000   0.000000000000   0.000000000000
  0.000000000000   0.000000000000   0.000000000000
  0.000000000000   0.000000000000   0.000000000000
  0.000000000000   0.000000000000   0.000000000000
  0.000000000000   0.000000000000   0.000000000000
  0.000000000000   0.000000000000   0.000000000000
  0.000000000000   0.000000000000   0.000000000000
  0.000000000000   0.000000000000   0.000000000000
  0.000000000000   0.000000000000   0.000000000000
  0.000000000000   0.000000000000   0.000000000000
  0.000000000000   0.000000000000   0.000000000000
  0.000000000000   0.000000000000   0.000000000000
  0.000000000000   0.000000000000   0.000000000000
  0.000000000000   0.000000000000   0.000000000000
 -0.027681782671   0.002188440017  -0.010567629440
 -0.011633647983   0.002059247063  -0.007161700299
  0.021798883502  -0.072842160921   0.007739431525
  0.000397330194   0.000042824181   0.000083715239
  0.000186781608   0.000444721857   0.000184206228
  0.000025593879   0.000012775946  -0.000007147287
  0.000005398210   0.000042793486   0.000017824829
 -0.000029008943   0.000056044059  -0.000012616371
 -0.000075710388  -0.000067513938  -0.000009629902
 -0.000703032287   0.000296968327  -0.000959141604
 -0.023523365843   0.064585125752  -0.012792928925
  0.037968349639  -0.001474434259   0.018273600099
  0.000999741804   0.007001865069   0.001057553604
  0.000595888621  -0.000764387137   0.001897029868
 -0.000010416326  -0.000041899259  -0.000297652755
 -0.000042250846   0.000078383424   0.000028188464
  0.000128606918   0.000027225643   0.000246511958
  0.001061279180  -0.002811756620   0.001940033627
  0.000000000000   0.000000000000   0.000000000000
  0.000000000000   0.000000000000   0.000000000000
  0.000000000000   0.000000000000   0.000000000000
  0.000000000000   0.000000000000   0.000000000000
  0.000000000000   0.000000000000   0.000000000000
  0.000000000000   0.000000000000   0.000000000000
  0.000000000000   0.000000000000   0.000000000000
  0.000000000000   0.000000000000   0.000000000000
  0.000000000000   0.000000000000   0.000000000000
  0.000000000000   0.000000000000   0.000000000000
  0.000000000000   0.000000000000   0.000000000000
  0.000000000000   0.000000000000   0.000000000000
  0.000000000000   0.000000000000   0.000000000000
  0.000000000000   0.000000000000   0.000000000000
  0.000000000000   0.000000000000   0.000000000000
  0.000000000000   0.000000000000   0.000000000000
  0.000000000000   0.000000000000   0.000000000000
  0.000000000000   0.000000000000   0.000000000000
  0.000000000000   0.000000000000   0.000000000000
  0.000000000000   0.000000000000   0.000000000000
  0.000000000000   0.000000000000   0.000000000000
  0.000000000000   0.000000000000   0.000000000000
  0.000000000000   0.000000000000   0.000000000000
  0.000000000000   0.000000000000   0.000000000000
  0.000000000000   0.000000000000   0.000000000000
  0.000000000000   0.000000000000   0.000000000000
  0.000000000000   0.000000000000   0.000000000000
  0.000000000000   0.000000000000   0.000000000000
  0.000000000000   0.000000000000   0.000000000000
  0.000000000000   0.000000000000   0.000000000000
  0.000000000000   0.000000000000   0.000000000000
  0.000000000000   0.000000000000   0.000000000000
  0.000000000000   0.000000000000   0.000000000000
  0.000000000000   0.000000000000   0.000000000000
  0.000000000000   0.000000000000   0.000000000000
  0.000000000000   0.000000000000   0.000000000000
  0.000000000000   0.000000000000   0.000000000000
  0.000000000000   0.000000000000   0.000000000000
  0.000000000000   0.000000000000   0.000000000000
  0.000000000000   0.000000000000   0.000000000000
  0.000000000000   0.000000000000   0.000000000000
  0.000000000000   0.000000000000   0.000000000000
  0.000000000000   0.000000000000   0.000000000000
  0.000000000000   0.000000000000   0.000000000000
  0.000000000000   0.000000000000   0.000000000000
  0.000000000000   0.000000000000   0.000000000000
  0.000000000000   0.000000000000   0.000000000000
  0.000000000000   0.000000000000   0.000000000000
  0.000000000000   0.000000000000   0.000000000000
  0.000000000000   0.000000000000   0.000000000000
  0.000000000000   0.000000000000   0.000000000000
  0.000000000000   0.000000000000   0.000000000000
  0.000000000000   0.000000000000   0.000000000000
  0.000000000000   0.000000000000   0.000000000000
  0.000000000000   0.000000000000   0.000000000000
  0.000000000000   0.000000000000   0.000000000000
  0.000000000000   0.000000000000   0.000000000000
  0.000000000000   0.000000000000   0.000000000000
  0.000000000000   0.000000000000   0.000000000000
  0.000000000000   0.000000000000   0.000000000000
  0.000000000000   0.000000000000   0.000000000000
  0.000000000000   0.000000000000   0.000000000000
  0.000000000000   0.000000000000   0.000000000000
  0.000000000000   0.000000000000   0.000000000000
  0.000000000000   0.000000000000   0.000000000000
  0.000000000000   0.000000000000   0.000000000000
  0.000000000000   0.000000000000   0.000000000000
  0.000000000000   0.000000000000   0.000000000000
  0.000000000000   0.000000000000   0.000000000000
  0.000000000000   0.000000000000   0.000000000000
  0.000000000000   0.000000000000   0.000000000000
  0.000000000000   0.000000000000   0.000000000000
  0.000000000000   0.000000000000   0.000000000000
  0.000000000000   0.000000000000   0.000000000000
  0.000000000000   0.000000000000   0.000000000000
  0.000000000000   0.000000000000   0.000000000000
  0.000000000000   0.000000000000   0.000000000000
  0.000000000000   0.000000000000   0.000000000000
  0.000000000000   0.000000000000   0.000000000000
  0.000000000000   0.000000000000   0.000000000000
  0.000000000000   0.000000000000   0.000000000000
  0.000000000000   0.000000000000   0.000000000000
  0.000000000000   0.000000000000   0.000000000000
  0.000000000000   0.000000000000   0.000000000000
  0.000000000000   0.000000000000   0.000000000000
  0.000000000000   0.000000000000   0.000000000000
  0.000000000000   0.000000000000   0.000000000000
  0.000000000000   0.000000000000   0.000000000000
  0.000000000000   0.000000000000   0.000000000000
  0.000000000000   0.000000000000   0.000000000000
  0.000000000000   0.000000000000   0.000000000000
  0.000000000000   0.000000000000   0.000000000000
  0.000000000000   0.000000000000   0.000000000000
  0.000000000000   0.000000000000   0.000000000000
  0.000000000000   0.000000000000   0.000000000000
  0.000000000000   0.000000000000   0.000000000000
  0.000000000000   0.000000000000   0.000000000000
  0.000000000000   0.000000000000   0.000000000000
  0.000000000000   0.000000000000   0.000000000000
  0.000000000000   0.000000000000   0.000000000000
  0.000000000000   0.000000000000   0.000000000000
  0.000000000000   0.000000000000   0.000000000000
  0.000000000000   0.000000000000   0.000000000000
  0.000000000000   0.000000000000   0.000000000000
  0.000000000000   0.000000000000   0.000000000000
  0.000000000000   0.000000000000   0.000000000000
  0.000000000000   0.000000000000   0.000000000000
  0.000000000000   0.000000000000   0.000000000000
  0.000000000000   0.000000000000   0.000000000000
  0.000000000000   0.000000000000   0.000000000000
  0.000000000000   0.000000000000   0.000000000000
  0.000000000000   0.000000000000   0.000000000000
  0.000000000000   0.000000000000   0.000000000000
  0.000000000000   0.000000000000   0.000000000000
  0.000000000000   0.000000000000   0.000000000000
  0.000000000000   0.000000000000   0.000000000000
  0.000000000000   0.000000000000   0.000000000000
  0.000000000000   0.000000000000   0.000000000000
  0.000000000000   0.000000000000   0.000000000000
  0.000000000000   0.000000000000   0.000000000000
  0.000000000000   0.000000000000   0.000000000000
  0.000000000000   0.000000000000   0.000000000000
  0.000000000000   0.000000000000   0.000000000000
  0.000000000000   0.000000000000   0.000000000000
  0.000000000000   0.000000000000   0.000000000000
  0.000000000000   0.000000000000   0.000000000000
  0.000000000000   0.000000000000   0.000000000000
  0.000000000000   0.000000000000   0.000000000000
  0.000000000000   0.000000000000   0.000000000000
  0.000000000000   0.000000000000   0.000000000000
  0.000000000000   0.000000000000   0.000000000000
  0.000000000000   0.000000000000   0.000000000000
  0.000000000000   0.000000000000   0.000000000000
  0.000000000000   0.000000000000   0.000000000000
  0.000000000000   0.000000000000   0.000000000000
  0.000000000000   0.000000000000   0.000000000000
  0.000000000000   0.000000000000   0.000000000000
  0.000000000000   0.000000000000   0.000000000000
  0.000000000000   0.000000000000   0.000000000000
  0.000000000000   0.000000000000   0.000000000000
  0.000000000000   0.000000000000   0.000000000000
  0.000000000000   0.000000000000   0.000000000000
  0.000000000000   0.000000000000   0.000000000000
  0.000000000000   0.000000000000   0.000000000000
  0.000000000000   0.000000000000   0.000000000000
  0.000000000000   0.000000000000   0.000000000000
  0.000000000000   0.000000000000   0.000000000000
  0.000000000000   0.000000000000   0.000000000000
  0.000000000000   0.000000000000   0.000000000000
  0.000000000000   0.000000000000   0.000000000000
  0.000000000000   0.000000000000   0.000000000000
  0.000000000000   0.000000000000   0.000000000000
  0.000000000000   0.000000000000   0.000000000000
  0.000000000000   0.000000000000   0.000000000000
  0.000000000000   0.000000000000   0.000000000000
  0.000000000000   0.000000000000   0.000000000000
  0.000000000000   0.000000000000   0.000000000000
  0.000000000000   0.000000000000   0.000000000000
  0.000000000000   0.000000000000   0.000000000000
  0.000000000000   0.000000000000   0.000000000000
  0.000000000000   0.000000000000   0.000000000000
  0.000000000000   0.000000000000   0.000000000000
  0.000000000000   0.000000000000   0.000000000000
  0.000000000000   0.000000000000   0.000000000000
  0.000000000000   0.000000000000   0.000000000000
  0.000000000000   0.000000000000   0.000000000000
  0.000000000000   0.000000000000   0.000000000000
  0.000000000000   0.000000000000   0.000000000000
  0.000000000000   0.000000000000   0.000000000000
  0.000000000000   0.000000000000   0.000000000000
  0.000000000000   0.000000000000   0.000000000000
  0.000000000000   0.000000000000   0.000000000000
  0.000000000000   0.000000000000   0.000000000000
  0.000000000000   0.000000000000   0.000000000000
  0.000000000000   0.000000000000   0.000000000000
  0.000000000000   0.000000000000   0.000000000000
  0.000000000000   0.000000000000   0.000000000000
  0.000000000000   0.000000000000   0.000000000000
  0.000000000000   0.000000000000   0.000000000000
  0.000000000000   0.000000000000   0.000000000000
  0.000000000000   0.000000000000   0.000000000000
  0.000000000000   0.000000000000   0.000000000000
  0.000000000000   0.000000000000   0.000000000000
  0.000000000000   0.000000000000   0.000000000000
  0.000000000000   0.000000000000   0.000000000000
  0.000000000000   0.000000000000   0.000000000000
  0.000000000000   0.000000000000   0.000000000000
  0.000000000000   0.000000000000   0.000000000000
  0.000000000000   0.000000000000   0.000000000000
  0.000000000000   0.000000000000   0.000000000000
  0.000000000000   0.000000000000   0.000000000000
  0.000000000000   0.000000000000   0.000000000000
  100    3  0.0000  0.0000  0.0150
  0.000000000000   0.000000000000   0.000000000000
  0.000000000000   0.000000000000   0.000000000000
  0.000000000000   0.000000000000   0.000000000000
  0.000000000000   0.000000000000   0.000000000000
  0.000000000000   0.000000000000   0.000000000000
  0.000000000000   0.000000000000   0.000000000000
  0.000000000000   0.000000000000   0.000000000000
  0.000000000000   0.000000000000   0.000000000000
  0.000000000000   0.000000000000   0.000000000000
  0.000000000000   0.000000000000   0.000000000000
  0.000000000000   0.000000000000   0.000000000000
  0.000000000000   0.000000000000   0.000000000000
  0.000000000000   0.000000000000   0.000000000000
  0.000000000000   0.000000000000   0.000000000000
  0.000000000000   0.000000000000   0.000000000000
  0.000000000000   0.000000000000   0.000000000000
  0.000000000000   0.000000000000   0.000000000000
  0.000000000000   0.000000000000   0.000000000000
  0.000000000000   0.000000000000   0.000000000000
  0.000000000000   0.000000000000   0.000000000000
  0.000000000000   0.000000000000   0.000000000000
  0.000000000000   0.000000000000   0.000000000000
  0.000000000000   0.000000000000   0.000000000000
  0.000000000000   0.000000000000   0.000000000000
  0.000000000000   0.000000000000   0.000000000000
  0.000000000000   0.000000000000   0.000000000000
  0.000000000000   0.000000000000   0.000000000000
  0.000000000000   0.000000000000   0.000000000000
  0.000000000000   0.000000000000   0.000000000000
  0.000000000000   0.000000000000   0.000000000000
  0.000000000000   0.000000000000   0.000000000000
  0.000000000000   0.000000000000   0.000000000000
  0.000000000000   0.000000000000   0.000000000000
  0.000000000000   0.000000000000   0.000000000000
  0.000000000000   0.000000000000   0.000000000000
  0.000000000000   0.000000000000   0.000000000000
  0.000000000000   0.000000000000   0.000000000000
  0.000000000000   0.000000000000   0.000000000000
  0.000000000000   0.000000000000   0.000000000000
  0.000000000000   0.000000000000   0.000000000000
  0.000000000000   0.000000000000   0.000000000000
  0.000000000000   0.000000000000   0.000000000000
  0.000000000000   0.000000000000   0.000000000000
  0.000000000000   0.000000000000   0.000000000000
  0.000000000000   0.000000000000   0.000000000000
  0.000000000000   0.000000000000   0.000000000000
  0.000000000000   0.000000000000   0.000000000000
  0.000000000000   0.000000000000   0.000000000000
  0.000000000000   0.000000000000   0.000000000000
  0.000000000000   0.000000000000   0.000000000000
  0.000000000000   0.000000000000   0.000000000000
  0.000000000000   0.000000000000   0.000000000000
  0.000000000000   0.000000000000   0.000000000000
  0.000000000000   0.000000000000   0.000000000000
  0.000000000000   0.000000000000   0.000000000000
  0.000000000000   0.000000000000   0.000000000000
  0.000000000000   0.000000000000   0.000000000000
  0.000000000000   0.000000000000   0.000000000000
  0.000000000000   0.000000000000   0.000000000000
  0.000000000000   0.000000000000   0.000000000000
  0.000000000000   0.000000000000   0.000000000000
  0.000000000000   0.000000000000   0.000000000000
  0.000000000000   0.000000000000   0.000000000000
  0.000000000000   0.000000000000   0.000000000000
  0.000000000000   0.000000000000   0.000000000000
  0.000000000000   0.000000000000   0.000000000000
  0.000000000000   0.000000000000   0.000000000000
  0.000000000000   0.000000000000   0.000000000000
  0.000000000000   0.000000000000   0.000000000000
  0.000000000000   0.000000000000   0.000000000000
  0.000000000000   0.000000000000   0.000000000000
  0.000000000000   0.000000000000   0.000000000000
  0.000000000000   0.000000000000   0.000000000000
  0.000000000000   0.000000000000   0.000000000000
  0.000000000000   0.000000000000   0.000000000000
  0.000000000000   0.000000000000   0.000000000000
  0.000000000000   0.000000000000   0.000000000000
  0.000000000000   0.000000000000   0.000000000000
  0.000000000000   0.000000000000   0.000000000000
  0.000000000000   0.000000000000   0.000000000000
  0.000000000000   0.000000000000   0.000000000000
  0.000000000000   0.000000000000   0.000000000000
  0.000000000000   0.000000000000   0.000000000000
  0.000000000000   0.000000000000   0.000000000000
  0.000000000000   0.000000000000   0.000000000000
  0.000000000000   0.000000000000   0.000000000000
  0.000000000000   0.000000000000   0.000000000000
  0.000000000000   0.000000000000   0.000000000000
  0.000000000000   0.000000000000   0.000000000000
  0.000000000000   0.000000000000   0.000000000000
  0.000000000000   0.000000000000   0.000000000000
  0.000000000000   0.000000000000   0.000000000000
  0.000000000000   0.000000000000   0.000000000000
  0.000000000000   0.000000000000   0.000000000000
  0.000000000000   0.000000000000   0.000000000000
  0.000000000000   0.000000000000   0.000000000000
  0.000000000000   0.000000000000   0.000000000000
  0.029011297325  -0.001018357032   0.013612122134
 -0.027949804523   0.001707699695  -0.014015472264
 -0.161617105566   0.007738074171  -0.137947610201
 -0.000374248092   0.000038416112  -0.000385039382
 -0.000004756100   0.000274092510   0.000183437171
  0.000002641952   0.000023312900   0.000016377553
  0.000003717211   0.000035037936  -0.000001859713
 -0.000007624756  -0.000048975236  -0.000016201112
 -0.000002976151   0.000002952489  -0.000003049245
  0.000210859448   0.000338830446  -0.000746940079
  0.144294871746  -0.012522689982   0.127649412910
  0.014876778032   0.000160505247   0.011231519478
  0.001249315033   0.003483740981  -0.000989395408
  0.000614812518   0.000136331852   0.000730421761
  0.000041834117  -0.000306330208   0.000052144618
  0.000060325820   0.000106633441  -0.000140851440
 -0.000663931843   0.000342057568   0.000501971067
 -0.000645670915  -0.002564805153  -0.000459090105
  0.000000000000   0.000000000000   0.000000000000
  0.000000000000   0.000000000000   0.000000000000
  0.000000000000   0.000000000000   0.000000000000
  0.000000000000   0.000000000000   0.000000000000
  0.000000000000   0.000000000000   0.000000000000
  0.000000000000   0.000000000000   0.000000000000
  0.000000000000   0.000000000000   0.000000000000
  0.000000000000   0.000000000000   0.000000000000
  0.000000000000   0.000000000000   0.000000000000
  0.000000000000   0.000000000000   0.000000000000
  0.000000000000   0.000000000000   0.000000000000
  0.000000000000   0.000000000000   0.000000000000
  0.000000000000   0.000000000000   0.000000000000
  0.000000000000   0.000000000000   0.000000000000
  0.000000000000   0.000000000000   0.000000000000
  0.000000000000   0.000000000000   0.000000000000
  0.000000000000   0.000000000000   0.000000000000
  0.000000000000   0.000000000000   0.000000000000
  0.000000000000   0.000000000000   0.000000000000
  0.000000000000   0.000000000000   0.000000000000
  0.000000000000   0.000000000000   0.000000000000
  0.000000000000   0.000000000000   0.000000000000
  0.000000000000   0.000000000000   0.000000000000
  0.000000000000   0.000000000000   0.000000000000
  0.000000000000   0.000000000000   0.000000000000
  0.000000000000   0.000000000000   0.000000000000
  0.000000000000   0.000000000000   0.000000000000
  0.000000000000   0.000000000000   0.000000000000
  0.000000000000   0.000000000000   0.000000000000
  0.000000000000   0.000000000000   0.000000000000
  0.000000000000   0.000000000000   0.000000000000
  0.000000000000   0.000000000000   0.000000000000
  0.000000000000   0.000000000000   0.000000000000
  0.000000000000   0.000000000000   0.000000000000
  0.000000000000   0.000000000000   0.000000000000
  0.000000000000   0.000000000000   0.000000000000
  0.000000000000   0.000000000000   0.000000000000
  0.000000000000   0.000000000000   0.000000000000
  0.000000000000   0.000000000000   0.000000000000
  0.000000000000   0.000000000000   0.000000000000
  0.000000000000   0.000000000000   0.000000000000
  0.000000000000   0.000000000000   0.000000000000
  0.000000000000   0.000000000000   0.000000000000
  0.000000000000   0.000000000000   0.000000000000
  0.000000000000   0.000000000000   0.000000000000
  0.000000000000   0.000000000000   0.000000000000
  0.000000000000   0.000000000000   0.000000000000
  0.000000000000   0.000000000000   0.000000000000
  0.000000000000   0.000000000000   0.000000000000
  0.000000000000   0.000000000000   0.000000000000
  0.000000000000   0.000000000000   0.000000000000
  0.000000000000   0.000000000000   0.000000000000
  0.000000000000   0.000000000000   0.000000000000
  0.000000000000   0.000000000000   0.000000000000
  0.000000000000   0.000000000000   0.000000000000
  0.000000000000   0.000000000000   0.000000000000
  0.000000000000   0.000000000000   0.000000000000
  0.000000000000   0.000000000000   0.000000000000
  0.000000000000   0.000000000000   0.000000000000
  0.000000000000   0.000000000000   0.000000000000
  0.000000000000   0.000000000000   0.000000000000
  0.000000000000   0.000000000000   0.000000000000
  0.000000000000   0.000000000000   0.000000000000
  0.000000000000   0.000000000000   0.000000000000
  0.000000000000   0.000000000000   0.000000000000
  0.000000000000   0.000000000000   0.000000000000
  0.000000000000   0.000000000000   0.000000000000
  0.000000000000   0.000000000000   0.000000000000
  0.000000000000   0.000000000000   0.000000000000
  0.000000000000   0.000000000000   0.000000000000
  0.000000000000   0.000000000000   0.000000000000
  0.000000000000   0.000000000000   0.000000000000
  0.000000000000   0.000000000000   0.000000000000
  0.000000000000   0.000000000000   0.000000000000
  0.000000000000   0.000000000000   0.000000000000
  0.000000000000   0.000000000000   0.000000000000
  0.000000000000   0.000000000000   0.000000000000
  0.000000000000   0.000000000000   0.000000000000
  0.000000000000   0.000000000000   0.000000000000
  0.000000000000   0.000000000000   0.000000000000
  0.000000000000   0.000000000000   0.000000000000
  0.000000000000   0.000000000000   0.000000000000
  0.000000000000   0.000000000000   0.000000000000
  0.000000000000   0.000000000000   0.000000000000
  0.000000000000   0.000000000000   0.000000000000
  0.000000000000   0.000000000000   0.000000000000
  0.000000000000   0.000000000000   0.000000000000
  0.000000000000   0.000000000000   0.000000000000
  0.000000000000   0.000000000000   0.000000000000
  0.000000000000   0.000000000000   0.000000000000
  0.000000000000   0.000000000000   0.000000000000
  0.000000000000   0.000000000000   0.000000000000
  0.000000000000   0.000000000000   0.000000000000
  0.000000000000   0.000000000000   0.000000000000
  0.000000000000   0.000000000000   0.000000000000
  0.000000000000   0.000000000000   0.000000000000
  0.000000000000   0.000000000000   0.000000000000
  0.000000000000   0.000000000000   0.000000000000
  0.000000000000   0.000000000000   0.000000000000
  0.000000000000   0.000000000000   0.000000000000
  0.000000000000   0.000000000000   0.000000000000
  0.000000000000   0.000000000000   0.000000000000
  0.000000000000   0.000000000000   0.000000000000
  0.000000000000   0.000000000000   0.000000000000
  0.000000000000   0.000000000000   0.000000000000
  0.000000000000   0.000000000000   0.000000000000
  0.000000000000   0.000000000000   0.000000000000
  0.000000000000   0.000000000000   0.000000000000
  0.000000000000   0.000000000000   0.000000000000
  0.000000000000   0.000000000000   0.000000000000
  0.000000000000   0.000000000000   0.000000000000
  0.000000000000   0.000000000000   0.000000000000
  0.000000000000   0.000000000000   0.000000000000
  0.000000000000   0.000000000000   0.000000000000
  0.000000000000   0.000000000000   0.000000000000
  0.000000000000   0.000000000000   0.000000000000
  0.000000000000   0.000000000000   0.000000000000
  0.000000000000   0.000000000000   0.000000000000
  0.000000000000   0.000000000000   0.000000000000
  0.000000000000   0.000000000000   0.000000000000
  0.000000000000   0.000000000000   0.000000000000
  0.000000000000   0.000000000000   0.000000000000
  0.000000000000   0.000000000000   0.000000000000
  0.000000000000   0.000000000000   0.000000000000
  0.000000000000   0.000000000000   0.000000000000
  0.000000000000   0.000000000000   0.000000000000
  0.000000000000   0.000000000000   0.000000000000
  0.000000000000   0.000000000000   0.000000000000
  0.000000000000   0.000000000000   0.000000000000
  0.000000000000   0.000000000000   0.000000000000
  0.000000000000   0.000000000000   0.000000000000
  0.000000000000   0.000000000000   0.000000000000
  0.000000000000   0.000000000000   0.000000000000
  0.000000000000   0.000000000000   0.000000000000
  0.000000000000   0.000000000000   0.000000000000
  0.000000000000   0.000000000000   0.000000000000
  0.000000000000   0.000000000000   0.000000000000
  0.000000000000   0.000000000000   0.000000000000
  0.000000000000   0.000000000000   0.000000000000
  0.000000000000   0.000000000000   0.000000000000
  0.000000000000   0.000000000000   0.000000000000
  0.000000000000   0.000000000000   0.000000000000
  0.000000000000   0.000000000000   0.000000000000
  0.000000000000   0.000000000000   0.000000000000
  0.000000000000   0.000000000000   0.000000000000
  0.000000000000   0.000000000000   0.000000000000
  0.000000000000   0.000000000000   0.000000000000
  0.000000000000   0.000000000000   0.000000000000
  0.000000000000   0.000000000000   0.000000000000
  0.000000000000   0.000000000000   0.000000000000
  0.000000000000   0.000000000000   0.000000000000
  0.000000000000   0.000000000000   0.000000000000
  0.000000000000   0.000000000000   0.000000000000
  0.000000000000   0.000000000000   0.000000000000
  0.000000000000   0.000000000000   0.000000000000
  0.000000000000   0.000000000000   0.000000000000
  0.000000000000   0.000000000000   0.000000000000
  0.000000000000   0.000000000000   0.000000000000
  0.000000000000   0.000000000000   0.000000000000
  0.000000000000   0.000000000000   0.000000000000
  0.000000000000   0.000000000000   0.000000000000
  0.000000000000   0.000000000000   0.000000000000
  0.000000000000   0.000000000000   0.000000000000
  0.000000000000   0.000000000000   0.000000000000
  0.000000000000   0.000000000000   0.000000000000
  0.000000000000   0.000000000000   0.000000000000
  0.000000000000   0.000000000000   0.000000000000
  0.000000000000   0.000000000000   0.000000000000
  0.000000000000   0.000000000000   0.000000000000
  0.000000000000   0.000000000000   0.000000000000
  0.000000000000   0.000000000000   0.000000000000
  0.000000000000   0.000000000000   0.000000000000
  0.000000000000   0.000000000000   0.000000000000
  0.000000000000   0.000000000000   0.000000000000
  0.000000000000   0.000000000000   0.000000000000
  0.000000000000   0.000000000000   0.000000000000
  0.000000000000   0.000000000000   0.000000000000
  0.000000000000   0.000000000000   0.000000000000
  0.000000000000   0.000000000000   0.000000000000
  0.000000000000   0.000000000000   0.000000000000
  0.000000000000   0.000000000000   0.000000000000
  0.000000000000   0.000000000000   0.000000000000
  0.000000000000   0.000000000000   0.000000000000
  0.000000000000   0.000000000000   0.000000000000
  0.000000000000   0.000000000000   0.000000000000
  0.000000000000   0.000000000000   0.000000000000
  0.000000000000   0.000000000000   0.000000000000
  0.000000000000   0.000000000000   0.000000000000
  0.000000000000   0.000000000000   0.000000000000
  0.000000000000   0.000000000000   0.000000000000
  0.000000000000   0.000000000000   0.000000000000
  0.000000000000   0.000000000000   0.000000000000
  101    1  0.0150  0.0000  0.0000
  0.000000000000   0.000000000000   0.000000000000
  0.000000000000   0.000000000000   0.000000000000
  0.000000000000   0.000000000000   0.000000000000
  0.000000000000   0.000000000000   0.000000000000
  0.000000000000   0.000000000000   0.000000000000
  0.000000000000   0.000000000000   0.000000000000
  0.000000000000   0.000000000000   0.000000000000
  0.000000000000   0.000000000000   0.000000000000
  0.000000000000   0.000000000000   0.000000000000
  0.000000000000   0.000000000000   0.000000000000
  0.000000000000   0.000000000000   0.000000000000
  0.000000000000   0.000000000000   0.000000000000
  0.000000000000   0.000000000000   0.000000000000
  0.000000000000   0.000000000000   0.000000000000
  0.000000000000   0.000000000000   0.000000000000
  0.000000000000   0.000000000000   0.000000000000
  0.000000000000   0.000000000000   0.000000000000
  0.000000000000   0.000000000000   0.000000000000
  0.000000000000   0.000000000000   0.000000000000
  0.000000000000   0.000000000000   0.000000000000
  0.000000000000   0.000000000000   0.000000000000
  0.000000000000   0.000000000000   0.000000000000
  0.000000000000   0.000000000000   0.000000000000
  0.000000000000   0.000000000000   0.000000000000
  0.000000000000   0.000000000000   0.000000000000
  0.000000000000   0.000000000000   0.000000000000
  0.000000000000   0.000000000000   0.000000000000
  0.000000000000   0.000000000000   0.000000000000
  0.000000000000   0.000000000000   0.000000000000
  0.000000000000   0.000000000000   0.000000000000
  0.000000000000   0.000000000000   0.000000000000
  0.000000000000   0.000000000000   0.000000000000
  0.000000000000   0.000000000000   0.000000000000
  0.000000000000   0.000000000000   0.000000000000
  0.000000000000   0.000000000000   0.000000000000
  0.000000000000   0.000000000000   0.000000000000
  0.000000000000   0.000000000000   0.000000000000
  0.000000000000   0.000000000000   0.000000000000
  0.000000000000   0.000000000000   0.000000000000
  0.000000000000   0.000000000000   0.000000000000
  0.000000000000   0.000000000000   0.000000000000
  0.000000000000   0.000000000000   0.000000000000
  0.000000000000   0.000000000000   0.000000000000
  0.000000000000   0.000000000000   0.000000000000
  0.000000000000   0.000000000000   0.000000000000
  0.000000000000   0.000000000000   0.000000000000
  0.000000000000   0.000000000000   0.000000000000
  0.000000000000   0.000000000000   0.000000000000
  0.000000000000   0.000000000000   0.000000000000
  0.000000000000   0.000000000000   0.000000000000
  0.000000000000   0.000000000000   0.000000000000
  0.000000000000   0.000000000000   0.000000000000
  0.000000000000   0.000000000000   0.000000000000
  0.000000000000   0.000000000000   0.000000000000
  0.000000000000   0.000000000000   0.000000000000
  0.000000000000   0.000000000000   0.000000000000
  0.000000000000   0.000000000000   0.000000000000
  0.000000000000   0.000000000000   0.000000000000
  0.000000000000   0.000000000000   0.000000000000
  0.000000000000   0.000000000000   0.000000000000
  0.000000000000   0.000000000000   0.000000000000
  0.000000000000   0.000000000000   0.000000000000
  0.000000000000   0.000000000000   0.000000000000
  0.000000000000   0.000000000000   0.000000000000
  0.000000000000   0.000000000000   0.000000000000
  0.000000000000   0.000000000000   0.000000000000
  0.000000000000   0.000000000000   0.000000000000
  0.000000000000   0.000000000000   0.000000000000
  0.000000000000   0.000000000000   0.000000000000
  0.000000000000   0.000000000000   0.000000000000
  0.000000000000   0.000000000000   0.000000000000
  0.000000000000   0.000000000000   0.000000000000
  0.000000000000   0.000000000000   0.000000000000
  0.000000000000   0.000000000000   0.000000000000
  0.000000000000   0.000000000000   0.000000000000
  0.000000000000   0.000000000000   0.000000000000
  0.000000000000   0.000000000000   0.000000000000
  0.000000000000   0.000000000000   0.000000000000
  0.000000000000   0.000000000000   0.000000000000
  0.000000000000   0.000000000000   0.000000000000
  0.000000000000   0.000000000000   0.000000000000
  0.000000000000   0.000000000000   0.000000000000
  0.000000000000   0.000000000000   0.000000000000
  0.000000000000   0.000000000000   0.000000000000
  0.000000000000   0.000000000000   0.000000000000
  0.000000000000   0.000000000000   0.000000000000
  0.000000000000   0.000000000000   0.000000000000
  0.000000000000   0.000000000000   0.000000000000
  0.000000000000   0.000000000000   0.000000000000
  0.000000000000   0.000000000000   0.000000000000
  0.000000000000   0.000000000000   0.000000000000
  0.000000000000   0.000000000000   0.000000000000
  0.000000000000   0.000000000000   0.000000000000
  0.000000000000   0.000000000000   0.000000000000
  0.000000000000   0.000000000000   0.000000000000
  0.000000000000   0.000000000000   0.000000000000
  0.000000000000   0.000000000000   0.000000000000
  0.000269138255   0.001422743641  -0.000383774602
  0.000137078083  -0.000373979318  -0.000199268703
 -0.000100765519   0.000373413054  -0.000593874174
 -0.111341740213   0.125661036923  -0.081500583827
  0.002459676365  -0.000274369336  -0.003629292932
 -0.000008230019   0.000048586603   0.000000543626
  0.000168950129   0.000191708333  -0.000059813114
 -0.000014562564  -0.000056297083  -0.000033427574
  0.000752894170  -0.000161537915  -0.000766540833
  0.000577139684  -0.001561842529   0.000520275601
  0.001446847014  -0.002346192899  -0.002371105733
  0.005719862768  -0.026163970725   0.012405570669
  0.115489412585  -0.116936888864   0.067159111255
 -0.009896500939   0.013461982991  -0.004786838504
 -0.005357737843   0.002827162010   0.005741041675
 -0.000225387573   0.000474388727  -0.000204322105
  0.001135286267   0.000975564327  -0.000259204523
 -0.000956320409   0.001506237764   0.008810947398
  0.000000000000   0.000000000000   0.000000000000
  0.000000000000   0.000000000000   0.000000000000
  0.000000000000   0.000000000000   0.000000000000
  0.000000000000   0.000000000000   0.000000000000
  0.000000000000   0.000000000000   0.000000000000
  0.000000000000   0.000000000000   0.000000000000
  0.000000000000   0.000000000000   0.000000000000
  0.000000000000   0.000000000000   0.000000000000
  0.000000000000   0.000000000000   0.000000000000
  0.000000000000   0.000000000000   0.000000000000
  0.000000000000   0.000000000000   0.000000000000
  0.000000000000   0.000000000000   0.000000000000
  0.000000000000   0.000000000000   0.000000000000
  0.000000000000   0.000000000000   0.000000000000
  0.000000000000   0.000000000000   0.000000000000
  0.000000000000   0.000000000000   0.000000000000
  0.000000000000   0.000000000000   0.000000000000
  0.000000000000   0.000000000000   0.000000000000
  0.000000000000   0.000000000000   0.000000000000
  0.000000000000   0.000000000000   0.000000000000
  0.000000000000   0.000000000000   0.000000000000
  0.000000000000   0.000000000000   0.000000000000
  0.000000000000   0.000000000000   0.000000000000
  0.000000000000   0.000000000000   0.000000000000
  0.000000000000   0.000000000000   0.000000000000
  0.000000000000   0.000000000000   0.000000000000
  0.000000000000   0.000000000000   0.000000000000
  0.000000000000   0.000000000000   0.000000000000
  0.000000000000   0.000000000000   0.000000000000
  0.000000000000   0.000000000000   0.000000000000
  0.000000000000   0.000000000000   0.000000000000
  0.000000000000   0.000000000000   0.000000000000
  0.000000000000   0.000000000000   0.000000000000
  0.000000000000   0.000000000000   0.000000000000
  0.000000000000   0.000000000000   0.000000000000
  0.000000000000   0.000000000000   0.000000000000
  0.000000000000   0.000000000000   0.000000000000
  0.000000000000   0.000000000000   0.000000000000
  0.000000000000   0.000000000000   0.000000000000
  0.000000000000   0.000000000000   0.000000000000
  0.000000000000   0.000000000000   0.000000000000
  0.000000000000   0.000000000000   0.000000000000
  0.000000000000   0.000000000000   0.000000000000
  0.000000000000   0.000000000000   0.000000000000
  0.000000000000   0.000000000000   0.000000000000
  0.000000000000   0.000000000000   0.000000000000
  0.000000000000   0.000000000000   0.000000000000
  0.000000000000   0.000000000000   0.000000000000
  0.000000000000   0.000000000000   0.000000000000
  0.000000000000   0.000000000000   0.000000000000
  0.000000000000   0.000000000000   0.000000000000
  0.000000000000   0.000000000000   0.000000000000
  0.000000000000   0.000000000000   0.000000000000
  0.000000000000   0.000000000000   0.000000000000
  0.000000000000   0.000000000000   0.000000000000
  0.000000000000   0.000000000000   0.000000000000
  0.000000000000   0.000000000000   0.000000000000
  0.000000000000   0.000000000000   0.000000000000
  0.000000000000   0.000000000000   0.000000000000
  0.000000000000   0.000000000000   0.000000000000
  0.000000000000   0.000000000000   0.000000000000
  0.000000000000   0.000000000000   0.000000000000
  0.000000000000   0.000000000000   0.000000000000
  0.000000000000   0.000000000000   0.000000000000
  0.000000000000   0.000000000000   0.000000000000
  0.000000000000   0.000000000000   0.000000000000
  0.000000000000   0.000000000000   0.000000000000
  0.000000000000   0.000000000000   0.000000000000
  0.000000000000   0.000000000000   0.000000000000
  0.000000000000   0.000000000000   0.000000000000
  0.000000000000   0.000000000000   0.000000000000
  0.000000000000   0.000000000000   0.000000000000
  0.000000000000   0.000000000000   0.000000000000
  0.000000000000   0.000000000000   0.000000000000
  0.000000000000   0.000000000000   0.000000000000
  0.000000000000   0.000000000000   0.000000000000
  0.000000000000   0.000000000000   0.000000000000
  0.000000000000   0.000000000000   0.000000000000
  0.000000000000   0.000000000000   0.000000000000
  0.000000000000   0.000000000000   0.000000000000
  0.000000000000   0.000000000000   0.000000000000
  0.000000000000   0.000000000000   0.000000000000
  0.000000000000   0.000000000000   0.000000000000
  0.000000000000   0.000000000000   0.000000000000
  0.000000000000   0.000000000000   0.000000000000
  0.000000000000   0.000000000000   0.000000000000
  0.000000000000   0.000000000000   0.000000000000
  0.000000000000   0.000000000000   0.000000000000
  0.000000000000   0.000000000000   0.000000000000
  0.000000000000   0.000000000000   0.000000000000
  0.000000000000   0.000000000000   0.000000000000
  0.000000000000   0.000000000000   0.000000000000
  0.000000000000   0.000000000000   0.000000000000
  0.000000000000   0.000000000000   0.000000000000
  0.000000000000   0.000000000000   0.000000000000
  0.000000000000   0.000000000000   0.000000000000
  0.000000000000   0.000000000000   0.000000000000
  0.000000000000   0.000000000000   0.000000000000
  0.000000000000   0.000000000000   0.000000000000
  0.000000000000   0.000000000000   0.000000000000
  0.000000000000   0.000000000000   0.000000000000
  0.000000000000   0.000000000000   0.000000000000
  0.000000000000   0.000000000000   0.000000000000
  0.000000000000   0.000000000000   0.000000000000
  0.000000000000   0.000000000000   0.000000000000
  0.000000000000   0.000000000000   0.000000000000
  0.000000000000   0.000000000000   0.000000000000
  0.000000000000   0.000000000000   0.000000000000
  0.000000000000   0.000000000000   0.000000000000
  0.000000000000   0.000000000000   0.000000000000
  0.000000000000   0.000000000000   0.000000000000
  0.000000000000   0.000000000000   0.000000000000
  0.000000000000   0.000000000000   0.000000000000
  0.000000000000   0.000000000000   0.000000000000
  0.000000000000   0.000000000000   0.000000000000
  0.000000000000   0.000000000000   0.000000000000
  0.000000000000   0.000000000000   0.000000000000
  0.000000000000   0.000000000000   0.000000000000
  0.000000000000   0.000000000000   0.000000000000
  0.000000000000   0.000000000000   0.000000000000
  0.000000000000   0.000000000000   0.000000000000
  0.000000000000   0.000000000000   0.000000000000
  0.000000000000   0.000000000000   0.000000000000
  0.000000000000   0.000000000000   0.000000000000
  0.000000000000   0.000000000000   0.000000000000
  0.000000000000   0.000000000000   0.000000000000
  0.000000000000   0.000000000000   0.000000000000
  0.000000000000   0.000000000000   0.000000000000
  0.000000000000   0.000000000000   0.000000000000
  0.000000000000   0.000000000000   0.000000000000
  0.000000000000   0.000000000000   0.000000000000
  0.000000000000   0.000000000000   0.000000000000
  0.000000000000   0.000000000000   0.000000000000
  0.000000000000   0.000000000000   0.000000000000
  0.000000000000   0.000000000000   0.000000000000
  0.000000000000   0.000000000000   0.000000000000
  0.000000000000   0.000000000000   0.000000000000
  0.000000000000   0.000000000000   0.000000000000
  0.000000000000   0.000000000000   0.000000000000
  0.000000000000   0.000000000000   0.000000000000
  0.000000000000   0.000000000000   0.000000000000
  0.000000000000   0.000000000000   0.000000000000
  0.000000000000   0.000000000000   0.000000000000
  0.000000000000   0.000000000000   0.000000000000
  0.000000000000   0.000000000000   0.000000000000
  0.000000000000   0.000000000000   0.000000000000
  0.000000000000   0.000000000000   0.000000000000
  0.000000000000   0.000000000000   0.000000000000
  0.000000000000   0.000000000000   0.000000000000
  0.000000000000   0.000000000000   0.000000000000
  0.000000000000   0.000000000000   0.000000000000
  0.000000000000   0.000000000000   0.000000000000
  0.000000000000   0.000000000000   0.000000000000
  0.000000000000   0.000000000000   0.000000000000
  0.000000000000   0.000000000000   0.000000000000
  0.000000000000   0.000000000000   0.000000000000
  0.000000000000   0.000000000000   0.000000000000
  0.000000000000   0.000000000000   0.000000000000
  0.000000000000   0.000000000000   0.000000000000
  0.000000000000   0.000000000000   0.000000000000
  0.000000000000   0.000000000000   0.000000000000
  0.000000000000   0.000000000000   0.000000000000
  0.000000000000   0.000000000000   0.000000000000
  0.000000000000   0.000000000000   0.000000000000
  0.000000000000   0.000000000000   0.000000000000
  0.000000000000   0.000000000000   0.000000000000
  0.000000000000   0.000000000000   0.000000000000
  0.000000000000   0.000000000000   0.000000000000
  0.000000000000   0.000000000000   0.000000000000
  0.000000000000   0.000000000000   0.000000000000
  0.000000000000   0.000000000000   0.000000000000
  0.000000000000   0.000000000000   0.000000000000
  0.000000000000   0.000000000000   0.000000000000
  0.000000000000   0.000000000000   0.000000000000
  0.000000000000   0.000000000000   0.000000000000
  0.000000000000   0.000000000000   0.000000000000
  0.000000000000   0.000000000000   0.000000000000
  0.000000000000   0.000000000000   0.000000000000
  0.000000000000   0.000000000000   0.000000000000
  0.000000000000   0.000000000000   0.000000000000
  0.000000000000   0.000000000000   0.000000000000
  0.000000000000   0.000000000000   0.000000000000
  0.000000000000   0.000000000000   0.000000000000
  0.000000000000   0.000000000000   0.000000000000
  0.000000000000   0.000000000000   0.000000000000
  0.000000000000   0.000000000000   0.000000000000
  0.000000000000   0.000000000000   0.000000000000
  0.000000000000   0.000000000000   0.000000000000
  0.000000000000   0.000000000000   0.000000000000
  0.000000000000   0.000000000000   0.000000000000
  0.000000000000   0.000000000000   0.000000000000
  0.000000000000   0.000000000000   0.000000000000
  101    2  0.0000  0.0150  0.0000
  0.000000000000   0.000000000000   0.000000000000
  0.000000000000   0.000000000000   0.000000000000
  0.000000000000   0.000000000000   0.000000000000
  0.000000000000   0.000000000000   0.000000000000
  0.000000000000   0.000000000000   0.000000000000
  0.000000000000   0.000000000000   0.000000000000
  0.000000000000   0.000000000000   0.000000000000
  0.000000000000   0.000000000000   0.000000000000
  0.000000000000   0.000000000000   0.000000000000
  0.000000000000   0.000000000000   0.000000000000
  0.000000000000   0.000000000000   0.000000000000
  0.000000000000   0.000000000000   0.000000000000
  0.000000000000   0.000000000000   0.000000000000
  0.000000000000   0.000000000000   0.000000000000
  0.000000000000   0.000000000000   0.000000000000
  0.000000000000   0.000000000000   0.000000000000
  0.000000000000   0.000000000000   0.000000000000
  0.000000000000   0.000000000000   0.000000000000
  0.000000000000   0.000000000000   0.000000000000
  0.000000000000   0.000000000000   0.000000000000
  0.000000000000   0.000000000000   0.000000000000
  0.000000000000   0.000000000000   0.000000000000
  0.000000000000   0.000000000000   0.000000000000
  0.000000000000   0.000000000000   0.000000000000
  0.000000000000   0.000000000000   0.000000000000
  0.000000000000   0.000000000000   0.000000000000
  0.000000000000   0.000000000000   0.000000000000
  0.000000000000   0.000000000000   0.000000000000
  0.000000000000   0.000000000000   0.000000000000
  0.000000000000   0.000000000000   0.000000000000
  0.000000000000   0.000000000000   0.000000000000
  0.000000000000   0.000000000000   0.000000000000
  0.000000000000   0.000000000000   0.000000000000
  0.000000000000   0.000000000000   0.000000000000
  0.000000000000   0.000000000000   0.000000000000
  0.000000000000   0.000000000000   0.000000000000
  0.000000000000   0.000000000000   0.000000000000
  0.000000000000   0.000000000000   0.000000000000
  0.000000000000   0.000000000000   0.000000000000
  0.000000000000   0.000000000000   0.000000000000
  0.000000000000   0.000000000000   0.000000000000
  0.000000000000   0.000000000000   0.000000000000
  0.000000000000   0.000000000000   0.000000000000
  0.000000000000   0.000000000000   0.000000000000
  0.000000000000   0.000000000000   0.000000000000
  0.000000000000   0.000000000000   0.000000000000
  0.000000000000   0.000000000000   0.000000000000
  0.000000000000   0.000000000000   0.000000000000
  0.000000000000   0.000000000000   0.000000000000
  0.000000000000   0.000000000000   0.000000000000
  0.000000000000   0.000000000000   0.000000000000
  0.000000000000   0.000000000000   0.000000000000
  0.000000000000   0.000000000000   0.000000000000
  0.000000000000   0.000000000000   0.000000000000
  0.000000000000   0.000000000000   0.000000000000
  0.000000000000   0.000000000000   0.000000000000
  0.000000000000   0.000000000000   0.000000000000
  0.000000000000   0.000000000000   0.000000000000
  0.000000000000   0.000000000000   0.000000000000
  0.000000000000   0.000000000000   0.000000000000
  0.000000000000   0.000000000000   0.000000000000
  0.000000000000   0.000000000000   0.000000000000
  0.000000000000   0.000000000000   0.000000000000
  0.000000000000   0.000000000000   0.000000000000
  0.000000000000   0.000000000000   0.000000000000
  0.000000000000   0.000000000000   0.000000000000
  0.000000000000   0.000000000000   0.000000000000
  0.000000000000   0.000000000000   0.000000000000
  0.000000000000   0.000000000000   0.000000000000
  0.000000000000   0.000000000000   0.000000000000
  0.000000000000   0.000000000000   0.000000000000
  0.000000000000   0.000000000000   0.000000000000
  0.000000000000   0.000000000000   0.000000000000
  0.000000000000   0.000000000000   0.000000000000
  0.000000000000   0.000000000000   0.000000000000
  0.000000000000   0.000000000000   0.000000000000
  0.000000000000   0.000000000000   0.000000000000
  0.000000000000   0.000000000000   0.000000000000
  0.000000000000   0.000000000000   0.000000000000
  0.000000000000   0.000000000000   0.000000000000
  0.000000000000   0.000000000000   0.000000000000
  0.000000000000   0.000000000000   0.000000000000
  0.000000000000   0.000000000000   0.000000000000
  0.000000000000   0.000000000000   0.000000000000
  0.000000000000   0.000000000000   0.000000000000
  0.000000000000   0.000000000000   0.000000000000
  0.000000000000   0.000000000000   0.000000000000
  0.000000000000   0.000000000000   0.000000000000
  0.000000000000   0.000000000000   0.000000000000
  0.000000000000   0.000000000000   0.000000000000
  0.000000000000   0.000000000000   0.000000000000
  0.000000000000   0.000000000000   0.000000000000
  0.000000000000   0.000000000000   0.000000000000
  0.000000000000   0.000000000000   0.000000000000
  0.000000000000   0.000000000000   0.000000000000
  0.000000000000   0.000000000000   0.000000000000
  0.000000000000   0.000000000000   0.000000000000
 -0.000224878337  -0.000641594456  -0.000503249215
 -0.000224856090  -0.000250659733  -0.000004275200
 -0.000004028090   0.000021912494   0.000094750658
  0.125728407163  -0.371236670064   0.135443906195
 -0.000032377939  -0.001404820144   0.000104279818
 -0.000022068520   0.000117849837   0.000028843790
  0.000202151794   0.000542302818   0.000136983825
 -0.000008348755  -0.000035619525  -0.000030596608
 -0.000111380584   0.000199324280  -0.000072036206
  0.000046277462  -0.000240152478   0.000126414332
  0.000588071416  -0.001324626038   0.000997631886
  0.002080436221  -0.003175363860   0.001992558092
 -0.117620113303   0.347708957661  -0.126063232476
 -0.016046542082   0.027585971282  -0.016762588199
  0.004143853482   0.003892433319   0.004088175780
 -0.001106166118   0.000867035615  -0.001075079080
  0.000774155265  -0.000149535308   0.000756945448
  0.000550017262  -0.002059827325   0.000511731417
  0.000000000000   0.000000000000   0.000000000000
  0.000000000000   0.000000000000   0.000000000000
  0.000000000000   0.000000000000   0.000000000000
  0.000000000000   0.000000000000   0.000000000000
  0.000000000000   0.000000000000   0.000000000000
  0.000000000000   0.000000000000   0.000000000000
  0.000000000000   0.000000000000   0.000000000000
  0.000000000000   0.000000000000   0.000000000000
  0.000000000000   0.000000000000   0.000000000000
  0.000000000000   0.000000000000   0.000000000000
  0.000000000000   0.000000000000   0.000000000000
  0.000000000000   0.000000000000   0.000000000000
  0.000000000000   0.000000000000   0.000000000000
  0.000000000000   0.000000000000   0.000000000000
  0.000000000000   0.000000000000   0.000000000000
  0.000000000000   0.000000000000   0.000000000000
  0.000000000000   0.000000000000   0.000000000000
  0.000000000000   0.000000000000   0.000000000000
  0.000000000000   0.000000000000   0.000000000000
  0.000000000000   0.000000000000   0.000000000000
  0.000000000000   0.000000000000   0.000000000000
  0.000000000000   0.000000000000   0.000000000000
  0.000000000000   0.000000000000   0.000000000000
  0.000000000000   0.000000000000   0.000000000000
  0.000000000000   0.000000000000   0.000000000000
  0.000000000000   0.000000000000   0.000000000000
  0.000000000000   0.000000000000   0.000000000000
  0.000000000000   0.000000000000   0.000000000000
  0.000000000000   0.000000000000   0.000000000000
  0.000000000000   0.000000000000   0.000000000000
  0.000000000000   0.000000000000   0.000000000000
  0.000000000000   0.000000000000   0.000000000000
  0.000000000000   0.000000000000   0.000000000000
  0.000000000000   0.000000000000   0.000000000000
  0.000000000000   0.000000000000   0.000000000000
  0.000000000000   0.000000000000   0.000000000000
  0.000000000000   0.000000000000   0.000000000000
  0.000000000000   0.000000000000   0.000000000000
  0.000000000000   0.000000000000   0.000000000000
  0.000000000000   0.000000000000   0.000000000000
  0.000000000000   0.000000000000   0.000000000000
  0.000000000000   0.000000000000   0.000000000000
  0.000000000000   0.000000000000   0.000000000000
  0.000000000000   0.000000000000   0.000000000000
  0.000000000000   0.000000000000   0.000000000000
  0.000000000000   0.000000000000   0.000000000000
  0.000000000000   0.000000000000   0.000000000000
  0.000000000000   0.000000000000   0.000000000000
  0.000000000000   0.000000000000   0.000000000000
  0.000000000000   0.000000000000   0.000000000000
  0.000000000000   0.000000000000   0.000000000000
  0.000000000000   0.000000000000   0.000000000000
  0.000000000000   0.000000000000   0.000000000000
  0.000000000000   0.000000000000   0.000000000000
  0.000000000000   0.000000000000   0.000000000000
  0.000000000000   0.000000000000   0.000000000000
  0.000000000000   0.000000000000   0.000000000000
  0.000000000000   0.000000000000   0.000000000000
  0.000000000000   0.000000000000   0.000000000000
  0.000000000000   0.000000000000   0.000000000000
  0.000000000000   0.000000000000   0.000000000000
  0.000000000000   0.000000000000   0.000000000000
  0.000000000000   0.000000000000   0.000000000000
  0.000000000000   0.000000000000   0.000000000000
  0.000000000000   0.000000000000   0.000000000000
  0.000000000000   0.000000000000   0.000000000000
  0.000000000000   0.000000000000   0.000000000000
  0.000000000000   0.000000000000   0.000000000000
  0.000000000000   0.000000000000   0.000000000000
  0.000000000000   0.000000000000   0.000000000000
  0.000000000000   0.000000000000   0.000000000000
  0.000000000000   0.000000000000   0.000000000000
  0.000000000000   0.000000000000   0.000000000000
  0.000000000000   0.000000000000   0.000000000000
  0.000000000000   0.000000000000   0.000000000000
  0.000000000000   0.000000000000   0.000000000000
  0.000000000000   0.000000000000   0.000000000000
  0.000000000000   0.000000000000   0.000000000000
  0.000000000000   0.000000000000   0.000000000000
  0.000000000000   0.000000000000   0.000000000000
  0.000000000000   0.000000000000   0.000000000000
  0.000000000000   0.000000000000   0.000000000000
  0.000000000000   0.000000000000   0.000000000000
  0.000000000000   0.000000000000   0.000000000000
  0.000000000000   0.000000000000   0.000000000000
  0.000000000000   0.000000000000   0.000000000000
  0.000000000000   0.000000000000   0.000000000000
  0.000000000000   0.000000000000   0.000000000000
  0.000000000000   0.000000000000   0.000000000000
  0.000000000000   0.000000000000   0.000000000000
  0.000000000000   0.000000000000   0.000000000000
  0.000000000000   0.000000000000   0.000000000000
  0.000000000000   0.000000000000   0.000000000000
  0.000000000000   0.000000000000   0.000000000000
  0.000000000000   0.000000000000   0.000000000000
  0.000000000000   0.000000000000   0.000000000000
  0.000000000000   0.000000000000   0.000000000000
  0.000000000000   0.000000000000   0.000000000000
  0.000000000000   0.000000000000   0.000000000000
  0.000000000000   0.000000000000   0.000000000000
  0.000000000000   0.000000000000   0.000000000000
  0.000000000000   0.000000000000   0.000000000000
  0.000000000000   0.000000000000   0.000000000000
  0.000000000000   0.000000000000   0.000000000000
  0.000000000000   0.000000000000   0.000000000000
  0.000000000000   0.000000000000   0.000000000000
  0.000000000000   0.000000000000   0.000000000000
  0.000000000000   0.000000000000   0.000000000000
  0.000000000000   0.000000000000   0.000000000000
  0.000000000000   0.000000000000   0.000000000000
  0.000000000000   0.000000000000   0.000000000000
  0.000000000000   0.000000000000   0.000000000000
  0.000000000000   0.000000000000   0.000000000000
  0.000000000000   0.000000000000   0.000000000000
  0.000000000000   0.000000000000   0.000000000000
  0.000000000000   0.000000000000   0.000000000000
  0.000000000000   0.000000000000   0.000000000000
  0.000000000000   0.000000000000   0.000000000000
  0.000000000000   0.000000000000   0.000000000000
  0.000000000000   0.000000000000   0.000000000000
  0.000000000000   0.000000000000   0.000000000000
  0.000000000000   0.000000000000   0.000000000000
  0.000000000000   0.000000000000   0.000000000000
  0.000000000000   0.000000000000   0.000000000000
  0.000000000000   0.000000000000   0.000000000000
  0.000000000000   0.000000000000   0.000000000000
  0.000000000000   0.000000000000   0.000000000000
  0.000000000000   0.000000000000   0.000000000000
  0.000000000000   0.000000000000   0.000000000000
  0.000000000000   0.000000000000   0.000000000000
  0.000000000000   0.000000000000   0.000000000000
  0.000000000000   0.000000000000   0.000000000000
  0.000000000000   0.000000000000   0.000000000000
  0.000000000000   0.000000000000   0.000000000000
  0.000000000000   0.000000000000   0.000000000000
  0.000000000000   0.000000000000   0.000000000000
  0.000000000000   0.000000000000   0.000000000000
  0.000000000000   0.000000000000   0.000000000000
  0.000000000000   0.000000000000   0.000000000000
  0.000000000000   0.000000000000   0.000000000000
  0.000000000000   0.000000000000   0.000000000000
  0.000000000000   0.000000000000   0.000000000000
  0.000000000000   0.000000000000   0.000000000000
  0.000000000000   0.000000000000   0.000000000000
  0.000000000000   0.000000000000   0.000000000000
  0.000000000000   0.000000000000   0.000000000000
  0.000000000000   0.000000000000   0.000000000000
  0.000000000000   0.000000000000   0.000000000000
  0.000000000000   0.000000000000   0.000000000000
  0.000000000000   0.000000000000   0.000000000000
  0.000000000000   0.000000000000   0.000000000000
  0.000000000000   0.000000000000   0.000000000000
  0.000000000000   0.000000000000   0.000000000000
  0.000000000000   0.000000000000   0.000000000000
  0.000000000000   0.000000000000   0.000000000000
  0.000000000000   0.000000000000   0.000000000000
  0.000000000000   0.000000000000   0.000000000000
  0.000000000000   0.000000000000   0.000000000000
  0.000000000000   0.000000000000   0.000000000000
  0.000000000000   0.000000000000   0.000000000000
  0.000000000000   0.000000000000   0.000000000000
  0.000000000000   0.000000000000   0.000000000000
  0.000000000000   0.000000000000   0.000000000000
  0.000000000000   0.000000000000   0.000000000000
  0.000000000000   0.000000000000   0.000000000000
  0.000000000000   0.000000000000   0.000000000000
  0.000000000000   0.000000000000   0.000000000000
  0.000000000000   0.000000000000   0.000000000000
  0.000000000000   0.000000000000   0.000000000000
  0.000000000000   0.000000000000   0.000000000000
  0.000000000000   0.000000000000   0.000000000000
  0.000000000000   0.000000000000   0.000000000000
  0.000000000000   0.000000000000   0.000000000000
  0.000000000000   0.000000000000   0.000000000000
  0.000000000000   0.000000000000   0.000000000000
  0.000000000000   0.000000000000   0.000000000000
  0.000000000000   0.000000000000   0.000000000000
  0.000000000000   0.000000000000   0.000000000000
  0.000000000000   0.000000000000   0.000000000000
  0.000000000000   0.000000000000   0.000000000000
  0.000000000000   0.000000000000   0.000000000000
  0.000000000000   0.000000000000   0.000000000000
  0.000000000000   0.000000000000   0.000000000000
  0.000000000000   0.000000000000   0.000000000000
  0.000000000000   0.000000000000   0.000000000000
  0.000000000000   0.000000000000   0.000000000000
  0.000000000000   0.000000000000   0.000000000000
  0.000000000000   0.000000000000   0.000000000000
  0.000000000000   0.000000000000   0.000000000000
  0.000000000000   0.000000000000   0.000000000000
  0.000000000000   0.000000000000   0.000000000000
  0.000000000000   0.000000000000   0.000000000000
  101    3  0.0000  0.0000  0.0150
  0.000000000000   0.000000000000   0.000000000000
  0.000000000000   0.000000000000   0.000000000000
  0.000000000000   0.000000000000   0.000000000000
  0.000000000000   0.000000000000   0.000000000000
  0.000000000000   0.000000000000   0.000000000000
  0.000000000000   0.000000000000   0.000000000000
  0.000000000000   0.000000000000   0.000000000000
  0.000000000000   0.000000000000   0.000000000000
  0.000000000000   0.000000000000   0.000000000000
  0.000000000000   0.000000000000   0.000000000000
  0.000000000000   0.000000000000   0.000000000000
  0.000000000000   0.000000000000   0.000000000000
  0.000000000000   0.000000000000   0.000000000000
  0.000000000000   0.000000000000   0.000000000000
  0.000000000000   0.000000000000   0.000000000000
  0.000000000000   0.000000000000   0.000000000000
  0.000000000000   0.000000000000   0.000000000000
  0.000000000000   0.000000000000   0.000000000000
  0.000000000000   0.000000000000   0.000000000000
  0.000000000000   0.000000000000   0.000000000000
  0.000000000000   0.000000000000   0.000000000000
  0.000000000000   0.000000000000   0.000000000000
  0.000000000000   0.000000000000   0.000000000000
  0.000000000000   0.000000000000   0.000000000000
  0.000000000000   0.000000000000   0.000000000000
  0.000000000000   0.000000000000   0.000000000000
  0.000000000000   0.000000000000   0.000000000000
  0.000000000000   0.000000000000   0.000000000000
  0.000000000000   0.000000000000   0.000000000000
  0.000000000000   0.000000000000   0.000000000000
  0.000000000000   0.000000000000   0.000000000000
  0.000000000000   0.000000000000   0.000000000000
  0.000000000000   0.000000000000   0.000000000000
  0.000000000000   0.000000000000   0.000000000000
  0.000000000000   0.000000000000   0.000000000000
  0.000000000000   0.000000000000   0.000000000000
  0.000000000000   0.000000000000   0.000000000000
  0.000000000000   0.000000000000   0.000000000000
  0.000000000000   0.000000000000   0.000000000000
  0.000000000000   0.000000000000   0.000000000000
  0.000000000000   0.000000000000   0.000000000000
  0.000000000000   0.000000000000   0.000000000000
  0.000000000000   0.000000000000   0.000000000000
  0.000000000000   0.000000000000   0.000000000000
  0.000000000000   0.000000000000   0.000000000000
  0.000000000000   0.000000000000   0.000000000000
  0.000000000000   0.000000000000   0.000000000000
  0.000000000000   0.000000000000   0.000000000000
  0.000000000000   0.000000000000   0.000000000000
  0.000000000000   0.000000000000   0.000000000000
  0.000000000000   0.000000000000   0.000000000000
  0.000000000000   0.000000000000   0.000000000000
  0.000000000000   0.000000000000   0.000000000000
  0.000000000000   0.000000000000   0.000000000000
  0.000000000000   0.000000000000   0.000000000000
  0.000000000000   0.000000000000   0.000000000000
  0.000000000000   0.000000000000   0.000000000000
  0.000000000000   0.000000000000   0.000000000000
  0.000000000000   0.000000000000   0.000000000000
  0.000000000000   0.000000000000   0.000000000000
  0.000000000000   0.000000000000   0.000000000000
  0.000000000000   0.000000000000   0.000000000000
  0.000000000000   0.000000000000   0.000000000000
  0.000000000000   0.000000000000   0.000000000000
  0.000000000000   0.000000000000   0.000000000000
  0.000000000000   0.000000000000   0.000000000000
  0.000000000000   0.000000000000   0.000000000000
  0.000000000000   0.000000000000   0.000000000000
  0.000000000000   0.000000000000   0.000000000000
  0.000000000000   0.000000000000   0.000000000000
  0.000000000000   0.000000000000   0.000000000000
  0.000000000000   0.000000000000   0.000000000000
  0.000000000000   0.000000000000   0.000000000000
  0.000000000000   0.000000000000   0.000000000000
  0.000000000000   0.000000000000   0.000000000000
  0.000000000000   0.000000000000   0.000000000000
  0.000000000000   0.000000000000   0.000000000000
  0.000000000000   0.000000000000   0.000000000000
  0.000000000000   0.000000000000   0.000000000000
  0.000000000000   0.000000000000   0.000000000000
  0.000000000000   0.000000000000   0.000000000000
  0.000000000000   0.000000000000   0.000000000000
  0.000000000000   0.000000000000   0.000000000000
  0.000000000000   0.000000000000   0.000000000000
  0.000000000000   0.000000000000   0.000000000000
  0.000000000000   0.000000000000   0.000000000000
  0.000000000000   0.000000000000   0.000000000000
  0.000000000000   0.000000000000   0.000000000000
  0.000000000000   0.000000000000   0.000000000000
  0.000000000000   0.000000000000   0.000000000000
  0.000000000000   0.000000000000   0.000000000000
  0.000000000000   0.000000000000   0.000000000000
  0.000000000000   0.000000000000   0.000000000000
  0.000000000000   0.000000000000   0.000000000000
  0.000000000000   0.000000000000   0.000000000000
  0.000000000000   0.000000000000   0.000000000000
  0.000000000000   0.000000000000   0.000000000000
  0.000705151553   0.000259106646   0.000032543252
  0.000304718402   0.000621748162   0.000798628206
 -0.000228396538   0.000071779780  -0.000389389086
 -0.081400198192   0.134796599251  -0.121983918960
 -0.003573105029  -0.000337998193   0.002096599920
 -0.000005784426  -0.000083089324   0.000004952844
 -0.000025834757   0.000150889148   0.000148196930
 -0.000011821567  -0.000032134009  -0.000009324131
 -0.000791131975   0.000026790400   0.000602680137
  0.000597941045  -0.001341416418   0.000584559566
 -0.003730250277  -0.000918728103   0.000908244791
  0.011207644354  -0.027951405765   0.005880947358
  0.068182503518  -0.125998085470   0.124715985547
 -0.004653509586   0.014451597950  -0.010231745780
  0.005992023886   0.003296764885  -0.004504491350
 -0.000495143379   0.000358089530  -0.000455254443
 -0.000189893394   0.000946319331   0.001307012989
  0.008480247519   0.001056390819  -0.000249667956
  0.000000000000   0.000000000000   0.000000000000
  0.000000000000   0.000000000000   0.000000000000
  0.000000000000   0.000000000000   0.000000000000
  0.000000000000   0.000000000000   0.000000000000
  0.000000000000   0.000000000000   0.000000000000
  0.000000000000   0.000000000000   0.000000000000
  0.000000000000   0.000000000000   0.000000000000
  0.000000000000   0.000000000000   0.000000000000
  0.000000000000   0.000000000000   0.000000000000
  0.000000000000   0.000000000000   0.000000000000
  0.000000000000   0.000000000000   0.000000000000
  0.000000000000   0.000000000000   0.000000000000
  0.000000000000   0.000000000000   0.000000000000
  0.000000000000   0.000000000000   0.000000000000
  0.000000000000   0.000000000000   0.000000000000
  0.000000000000   0.000000000000   0.000000000000
  0.000000000000   0.000000000000   0.000000000000
  0.000000000000   0.000000000000   0.000000000000
  0.000000000000   0.000000000000   0.000000000000
  0.000000000000   0.000000000000   0.000000000000
  0.000000000000   0.000000000000   0.000000000000
  0.000000000000   0.000000000000   0.000000000000
  0.000000000000   0.000000000000   0.000000000000
  0.000000000000   0.000000000000   0.000000000000
  0.000000000000   0.000000000000   0.000000000000
  0.000000000000   0.000000000000   0.000000000000
  0.000000000000   0.000000000000   0.000000000000
  0.000000000000   0.000000000000   0.000000000000
  0.000000000000   0.000000000000   0.000000000000
  0.000000000000   0.000000000000   0.000000000000
  0.000000000000   0.000000000000   0.000000000000
  0.000000000000   0.000000000000   0.000000000000
  0.000000000000   0.000000000000   0.000000000000
  0.000000000000   0.000000000000   0.000000000000
  0.000000000000   0.000000000000   0.000000000000
  0.000000000000   0.000000000000   0.000000000000
  0.000000000000   0.000000000000   0.000000000000
  0.000000000000   0.000000000000   0.000000000000
  0.000000000000   0.000000000000   0.000000000000
  0.000000000000   0.000000000000   0.000000000000
  0.000000000000   0.000000000000   0.000000000000
  0.000000000000   0.000000000000   0.000000000000
  0.000000000000   0.000000000000   0.000000000000
  0.000000000000   0.000000000000   0.000000000000
  0.000000000000   0.000000000000   0.000000000000
  0.000000000000   0.000000000000   0.000000000000
  0.000000000000   0.000000000000   0.000000000000
  0.000000000000   0.000000000000   0.000000000000
  0.000000000000   0.000000000000   0.000000000000
  0.000000000000   0.000000000000   0.000000000000
  0.000000000000   0.000000000000   0.000000000000
  0.000000000000   0.000000000000   0.000000000000
  0.000000000000   0.000000000000   0.000000000000
  0.000000000000   0.000000000000   0.000000000000
  0.000000000000   0.000000000000   0.000000000000
  0.000000000000   0.000000000000   0.000000000000
  0.000000000000   0.000000000000   0.000000000000
  0.000000000000   0.000000000000   0.000000000000
  0.000000000000   0.000000000000   0.000000000000
  0.000000000000   0.000000000000   0.000000000000
  0.000000000000   0.000000000000   0.000000000000
  0.000000000000   0.000000000000   0.000000000000
  0.000000000000   0.000000000000   0.000000000000
  0.000000000000   0.000000000000   0.000000000000
  0.000000000000   0.000000000000   0.000000000000
  0.000000000000   0.000000000000   0.000000000000
  0.000000000000   0.000000000000   0.000000000000
  0.000000000000   0.000000000000   0.000000000000
  0.000000000000   0.000000000000   0.000000000000
  0.000000000000   0.000000000000   0.000000000000
  0.000000000000   0.000000000000   0.000000000000
  0.000000000000   0.000000000000   0.000000000000
  0.000000000000   0.000000000000   0.000000000000
  0.000000000000   0.000000000000   0.000000000000
  0.000000000000   0.000000000000   0.000000000000
  0.000000000000   0.000000000000   0.000000000000
  0.000000000000   0.000000000000   0.000000000000
  0.000000000000   0.000000000000   0.000000000000
  0.000000000000   0.000000000000   0.000000000000
  0.000000000000   0.000000000000   0.000000000000
  0.000000000000   0.000000000000   0.000000000000
  0.000000000000   0.000000000000   0.000000000000
  0.000000000000   0.000000000000   0.000000000000
  0.000000000000   0.000000000000   0.000000000000
  0.000000000000   0.000000000000   0.000000000000
  0.000000000000   0.000000000000   0.000000000000
  0.000000000000   0.000000000000   0.000000000000
  0.000000000000   0.000000000000   0.000000000000
  0.000000000000   0.000000000000   0.000000000000
  0.000000000000   0.000000000000   0.000000000000
  0.000000000000   0.000000000000   0.000000000000
  0.000000000000   0.000000000000   0.000000000000
  0.000000000000   0.000000000000   0.000000000000
  0.000000000000   0.000000000000   0.000000000000
  0.000000000000   0.000000000000   0.000000000000
  0.000000000000   0.000000000000   0.000000000000
  0.000000000000   0.000000000000   0.000000000000
  0.000000000000   0.000000000000   0.000000000000
  0.000000000000   0.000000000000   0.000000000000
  0.000000000000   0.000000000000   0.000000000000
  0.000000000000   0.000000000000   0.000000000000
  0.000000000000   0.000000000000   0.000000000000
  0.000000000000   0.000000000000   0.000000000000
  0.000000000000   0.000000000000   0.000000000000
  0.000000000000   0.000000000000   0.000000000000
  0.000000000000   0.000000000000   0.000000000000
  0.000000000000   0.000000000000   0.000000000000
  0.000000000000   0.000000000000   0.000000000000
  0.000000000000   0.000000000000   0.000000000000
  0.000000000000   0.000000000000   0.000000000000
  0.000000000000   0.000000000000   0.000000000000
  0.000000000000   0.000000000000   0.000000000000
  0.000000000000   0.000000000000   0.000000000000
  0.000000000000   0.000000000000   0.000000000000
  0.000000000000   0.000000000000   0.000000000000
  0.000000000000   0.000000000000   0.000000000000
  0.000000000000   0.000000000000   0.000000000000
  0.000000000000   0.000000000000   0.000000000000
  0.000000000000   0.000000000000   0.000000000000
  0.000000000000   0.000000000000   0.000000000000
  0.000000000000   0.000000000000   0.000000000000
  0.000000000000   0.000000000000   0.000000000000
  0.000000000000   0.000000000000   0.000000000000
  0.000000000000   0.000000000000   0.000000000000
  0.000000000000   0.000000000000   0.000000000000
  0.000000000000   0.000000000000   0.000000000000
  0.000000000000   0.000000000000   0.000000000000
  0.000000000000   0.000000000000   0.000000000000
  0.000000000000   0.000000000000   0.000000000000
  0.000000000000   0.000000000000   0.000000000000
  0.000000000000   0.000000000000   0.000000000000
  0.000000000000   0.000000000000   0.000000000000
  0.000000000000   0.000000000000   0.000000000000
  0.000000000000   0.000000000000   0.000000000000
  0.000000000000   0.000000000000   0.000000000000
  0.000000000000   0.000000000000   0.000000000000
  0.000000000000   0.000000000000   0.000000000000
  0.000000000000   0.000000000000   0.000000000000
  0.000000000000   0.000000000000   0.000000000000
  0.000000000000   0.000000000000   0.000000000000
  0.000000000000   0.000000000000   0.000000000000
  0.000000000000   0.000000000000   0.000000000000
  0.000000000000   0.000000000000   0.000000000000
  0.000000000000   0.000000000000   0.000000000000
  0.000000000000   0.000000000000   0.000000000000
  0.000000000000   0.000000000000   0.000000000000
  0.000000000000   0.000000000000   0.000000000000
  0.000000000000   0.000000000000   0.000000000000
  0.000000000000   0.000000000000   0.000000000000
  0.000000000000   0.000000000000   0.000000000000
  0.000000000000   0.000000000000   0.000000000000
  0.000000000000   0.000000000000   0.000000000000
  0.000000000000   0.000000000000   0.000000000000
  0.000000000000   0.000000000000   0.000000000000
  0.000000000000   0.000000000000   0.000000000000
  0.000000000000   0.000000000000   0.000000000000
  0.000000000000   0.000000000000   0.000000000000
  0.000000000000   0.000000000000   0.000000000000
  0.000000000000   0.000000000000   0.000000000000
  0.000000000000   0.000000000000   0.000000000000
  0.000000000000   0.000000000000   0.000000000000
  0.000000000000   0.000000000000   0.000000000000
  0.000000000000   0.000000000000   0.000000000000
  0.000000000000   0.000000000000   0.000000000000
  0.000000000000   0.000000000000   0.000000000000
  0.000000000000   0.000000000000   0.000000000000
  0.000000000000   0.000000000000   0.000000000000
  0.000000000000   0.000000000000   0.000000000000
  0.000000000000   0.000000000000   0.000000000000
  0.000000000000   0.000000000000   0.000000000000
  0.000000000000   0.000000000000   0.000000000000
  0.000000000000   0.000000000000   0.000000000000
  0.000000000000   0.000000000000   0.000000000000
  0.000000000000   0.000000000000   0.000000000000
  0.000000000000   0.000000000000   0.000000000000
  0.000000000000   0.000000000000   0.000000000000
  0.000000000000   0.000000000000   0.000000000000
  0.000000000000   0.000000000000   0.000000000000
  0.000000000000   0.000000000000   0.000000000000
  0.000000000000   0.000000000000   0.000000000000
  0.000000000000   0.000000000000   0.000000000000
  0.000000000000   0.000000000000   0.000000000000
  0.000000000000   0.000000000000   0.000000000000
  0.000000000000   0.000000000000   0.000000000000
  0.000000000000   0.000000000000   0.000000000000
  0.000000000000   0.000000000000   0.000000000000
  0.000000000000   0.000000000000   0.000000000000
  0.000000000000   0.000000000000   0.000000000000
  0.000000000000   0.000000000000   0.000000000000
  0.000000000000   0.000000000000   0.000000000000
  0.000000000000   0.000000000000   0.000000000000
  0.000000000000   0.000000000000   0.000000000000
  102    1  0.0150  0.0000  0.0000
  0.000000000000   0.000000000000   0.000000000000
  0.000000000000   0.000000000000   0.000000000000
  0.000000000000   0.000000000000   0.000000000000
  0.000000000000   0.000000000000   0.000000000000
  0.000000000000   0.000000000000   0.000000000000
  0.000000000000   0.000000000000   0.000000000000
  0.000000000000   0.000000000000   0.000000000000
  0.000000000000   0.000000000000   0.000000000000
  0.000000000000   0.000000000000   0.000000000000
  0.000000000000   0.000000000000   0.000000000000
  0.000000000000   0.000000000000   0.000000000000
  0.000000000000   0.000000000000   0.000000000000
  0.000000000000   0.000000000000   0.000000000000
  0.000000000000   0.000000000000   0.000000000000
  0.000000000000   0.000000000000   0.000000000000
  0.000000000000   0.000000000000   0.000000000000
  0.000000000000   0.000000000000   0.000000000000
  0.000000000000   0.000000000000   0.000000000000
  0.000000000000   0.000000000000   0.000000000000
  0.000000000000   0.000000000000   0.000000000000
  0.000000000000   0.000000000000   0.000000000000
  0.000000000000   0.000000000000   0.000000000000
  0.000000000000   0.000000000000   0.000000000000
  0.000000000000   0.000000000000   0.000000000000
  0.000000000000   0.000000000000   0.000000000000
  0.000000000000   0.000000000000   0.000000000000
  0.000000000000   0.000000000000   0.000000000000
  0.000000000000   0.000000000000   0.000000000000
  0.000000000000   0.000000000000   0.000000000000
  0.000000000000   0.000000000000   0.000000000000
  0.000000000000   0.000000000000   0.000000000000
  0.000000000000   0.000000000000   0.000000000000
  0.000000000000   0.000000000000   0.000000000000
  0.000000000000   0.000000000000   0.000000000000
  0.000000000000   0.000000000000   0.000000000000
  0.000000000000   0.000000000000   0.000000000000
  0.000000000000   0.000000000000   0.000000000000
  0.000000000000   0.000000000000   0.000000000000
  0.000000000000   0.000000000000   0.000000000000
  0.000000000000   0.000000000000   0.000000000000
  0.000000000000   0.000000000000   0.000000000000
  0.000000000000   0.000000000000   0.000000000000
  0.000000000000   0.000000000000   0.000000000000
  0.000000000000   0.000000000000   0.000000000000
  0.000000000000   0.000000000000   0.000000000000
  0.000000000000   0.000000000000   0.000000000000
  0.000000000000   0.000000000000   0.000000000000
  0.000000000000   0.000000000000   0.000000000000
  0.000000000000   0.000000000000   0.000000000000
  0.000000000000   0.000000000000   0.000000000000
  0.000000000000   0.000000000000   0.000000000000
  0.000000000000   0.000000000000   0.000000000000
  0.000000000000   0.000000000000   0.000000000000
  0.000000000000   0.000000000000   0.000000000000
  0.000000000000   0.000000000000   0.000000000000
  0.000000000000   0.000000000000   0.000000000000
  0.000000000000   0.000000000000   0.000000000000
  0.000000000000   0.000000000000   0.000000000000
  0.000000000000   0.000000000000   0.000000000000
  0.000000000000   0.000000000000   0.000000000000
  0.000000000000   0.000000000000   0.000000000000
  0.000000000000   0.000000000000   0.000000000000
  0.000000000000   0.000000000000   0.000000000000
  0.000000000000   0.000000000000   0.000000000000
  0.000000000000   0.000000000000   0.000000000000
  0.000000000000   0.000000000000   0.000000000000
  0.000000000000   0.000000000000   0.000000000000
  0.000000000000   0.000000000000   0.000000000000
  0.000000000000   0.000000000000   0.000000000000
  0.000000000000   0.000000000000   0.000000000000
  0.000000000000   0.000000000000   0.000000000000
  0.000000000000   0.000000000000   0.000000000000
  0.000000000000   0.000000000000   0.000000000000
  0.000000000000   0.000000000000   0.000000000000
  0.000000000000   0.000000000000   0.000000000000
  0.000000000000   0.000000000000   0.000000000000
  0.000000000000   0.000000000000   0.000000000000
  0.000000000000   0.000000000000   0.000000000000
  0.000000000000   0.000000000000   0.000000000000
  0.000000000000   0.000000000000   0.000000000000
  0.000000000000   0.000000000000   0.000000000000
  0.000000000000   0.000000000000   0.000000000000
  0.000000000000   0.000000000000   0.000000000000
  0.000000000000   0.000000000000   0.000000000000
  0.000000000000   0.000000000000   0.000000000000
  0.000000000000   0.000000000000   0.000000000000
  0.000000000000   0.000000000000   0.000000000000
  0.000000000000   0.000000000000   0.000000000000
  0.000000000000   0.000000000000   0.000000000000
  0.000000000000   0.000000000000   0.000000000000
  0.000000000000   0.000000000000   0.000000000000
  0.000000000000   0.000000000000   0.000000000000
  0.000000000000   0.000000000000   0.000000000000
  0.000000000000   0.000000000000   0.000000000000
  0.000000000000   0.000000000000   0.000000000000
  0.000000000000   0.000000000000   0.000000000000
  0.000000000000   0.000000000000   0.000000000000
  0.000020149071   0.000002525239   0.000005789079
  0.000018065042   0.000005646256  -0.000015614576
  0.000120450141   0.000147065500  -0.000010990353
  0.002511691834   0.000054025601  -0.003642252557
 -0.255560414493  -0.005489018174  -0.231427769325
  0.000337822639   0.000312864271  -0.000048514935
  0.000009030543  -0.000056836901  -0.000279384477
 -0.000553004173  -0.000847896848  -0.000689387279
  0.000504319330   0.000185639202   0.000553419937
  0.000907035035   0.000069891971  -0.000660588503
  0.000523321520  -0.000460785576   0.000426106232
 -0.006414561086   0.002744765354   0.004691071632
  0.004413003884  -0.001678706007   0.009972951798
  0.249042587772   0.003634289434   0.207544850087
  0.005324396090   0.001829574419   0.011791514023
  0.002064543132   0.000938426012  -0.001847780251
 -0.005049985062  -0.003189491434   0.004667647876
  0.000262984007  -0.000101805435  -0.001075481458
  0.000000000000   0.000000000000   0.000000000000
  0.000000000000   0.000000000000   0.000000000000
  0.000000000000   0.000000000000   0.000000000000
  0.000000000000   0.000000000000   0.000000000000
  0.000000000000   0.000000000000   0.000000000000
  0.000000000000   0.000000000000   0.000000000000
  0.000000000000   0.000000000000   0.000000000000
  0.000000000000   0.000000000000   0.000000000000
  0.000000000000   0.000000000000   0.000000000000
  0.000000000000   0.000000000000   0.000000000000
  0.000000000000   0.000000000000   0.000000000000
  0.000000000000   0.000000000000   0.000000000000
  0.000000000000   0.000000000000   0.000000000000
  0.000000000000   0.000000000000   0.000000000000
  0.000000000000   0.000000000000   0.000000000000
  0.000000000000   0.000000000000   0.000000000000
  0.000000000000   0.000000000000   0.000000000000
  0.000000000000   0.000000000000   0.000000000000
  0.000000000000   0.000000000000   0.000000000000
  0.000000000000   0.000000000000   0.000000000000
  0.000000000000   0.000000000000   0.000000000000
  0.000000000000   0.000000000000   0.000000000000
  0.000000000000   0.000000000000   0.000000000000
  0.000000000000   0.000000000000   0.000000000000
  0.000000000000   0.000000000000   0.000000000000
  0.000000000000   0.000000000000   0.000000000000
  0.000000000000   0.000000000000   0.000000000000
  0.000000000000   0.000000000000   0.000000000000
  0.000000000000   0.000000000000   0.000000000000
  0.000000000000   0.000000000000   0.000000000000
  0.000000000000   0.000000000000   0.000000000000
  0.000000000000   0.000000000000   0.000000000000
  0.000000000000   0.000000000000   0.000000000000
  0.000000000000   0.000000000000   0.000000000000
  0.000000000000   0.000000000000   0.000000000000
  0.000000000000   0.000000000000   0.000000000000
  0.000000000000   0.000000000000   0.000000000000
  0.000000000000   0.000000000000   0.000000000000
  0.000000000000   0.000000000000   0.000000000000
  0.000000000000   0.000000000000   0.000000000000
  0.000000000000   0.000000000000   0.000000000000
  0.000000000000   0.000000000000   0.000000000000
  0.000000000000   0.000000000000   0.000000000000
  0.000000000000   0.000000000000   0.000000000000
  0.000000000000   0.000000000000   0.000000000000
  0.000000000000   0.000000000000   0.000000000000
  0.000000000000   0.000000000000   0.000000000000
  0.000000000000   0.000000000000   0.000000000000
  0.000000000000   0.000000000000   0.000000000000
  0.000000000000   0.000000000000   0.000000000000
  0.000000000000   0.000000000000   0.000000000000
  0.000000000000   0.000000000000   0.000000000000
  0.000000000000   0.000000000000   0.000000000000
  0.000000000000   0.000000000000   0.000000000000
  0.000000000000   0.000000000000   0.000000000000
  0.000000000000   0.000000000000   0.000000000000
  0.000000000000   0.000000000000   0.000000000000
  0.000000000000   0.000000000000   0.000000000000
  0.000000000000   0.000000000000   0.000000000000
  0.000000000000   0.000000000000   0.000000000000
  0.000000000000   0.000000000000   0.000000000000
  0.000000000000   0.000000000000   0.000000000000
  0.000000000000   0.000000000000   0.000000000000
  0.000000000000   0.000000000000   0.000000000000
  0.000000000000   0.000000000000   0.000000000000
  0.000000000000   0.000000000000   0.000000000000
  0.000000000000   0.000000000000   0.000000000000
  0.000000000000   0.000000000000   0.000000000000
  0.000000000000   0.000000000000   0.000000000000
  0.000000000000   0.000000000000   0.000000000000
  0.000000000000   0.000000000000   0.000000000000
  0.000000000000   0.000000000000   0.000000000000
  0.000000000000   0.000000000000   0.000000000000
  0.000000000000   0.000000000000   0.000000000000
  0.000000000000   0.000000000000   0.000000000000
  0.000000000000   0.000000000000   0.000000000000
  0.000000000000   0.000000000000   0.000000000000
  0.000000000000   0.000000000000   0.000000000000
  0.000000000000   0.000000000000   0.000000000000
  0.000000000000   0.000000000000   0.000000000000
  0.000000000000   0.000000000000   0.000000000000
  0.000000000000   0.000000000000   0.000000000000
  0.000000000000   0.000000000000   0.000000000000
  0.000000000000   0.000000000000   0.000000000000
  0.000000000000   0.000000000000   0.000000000000
  0.000000000000   0.000000000000   0.000000000000
  0.000000000000   0.000000000000   0.000000000000
  0.000000000000   0.000000000000   0.000000000000
  0.000000000000   0.000000000000   0.000000000000
  0.000000000000   0.000000000000   0.000000000000
  0.000000000000   0.000000000000   0.000000000000
  0.000000000000   0.000000000000   0.000000000000
  0.000000000000   0.000000000000   0.000000000000
  0.000000000000   0.000000000000   0.000000000000
  0.000000000000   0.000000000000   0.000000000000
  0.000000000000   0.000000000000   0.000000000000
  0.000000000000   0.000000000000   0.000000000000
  0.000000000000   0.000000000000   0.000000000000
  0.000000000000   0.000000000000   0.000000000000
  0.000000000000   0.000000000000   0.000000000000
  0.000000000000   0.000000000000   0.000000000000
  0.000000000000   0.000000000000   0.000000000000
  0.000000000000   0.000000000000   0.000000000000
  0.000000000000   0.000000000000   0.000000000000
  0.000000000000   0.000000000000   0.000000000000
  0.000000000000   0.000000000000   0.000000000000
  0.000000000000   0.000000000000   0.000000000000
  0.000000000000   0.000000000000   0.000000000000
  0.000000000000   0.000000000000   0.000000000000
  0.000000000000   0.000000000000   0.000000000000
  0.000000000000   0.000000000000   0.000000000000
  0.000000000000   0.000000000000   0.000000000000
  0.000000000000   0.000000000000   0.000000000000
  0.000000000000   0.000000000000   0.000000000000
  0.000000000000   0.000000000000   0.000000000000
  0.000000000000   0.000000000000   0.000000000000
  0.000000000000   0.000000000000   0.000000000000
  0.000000000000   0.000000000000   0.000000000000
  0.000000000000   0.000000000000   0.000000000000
  0.000000000000   0.000000000000   0.000000000000
  0.000000000000   0.000000000000   0.000000000000
  0.000000000000   0.000000000000   0.000000000000
  0.000000000000   0.000000000000   0.000000000000
  0.000000000000   0.000000000000   0.000000000000
  0.000000000000   0.000000000000   0.000000000000
  0.000000000000   0.000000000000   0.000000000000
  0.000000000000   0.000000000000   0.000000000000
  0.000000000000   0.000000000000   0.000000000000
  0.000000000000   0.000000000000   0.000000000000
  0.000000000000   0.000000000000   0.000000000000
  0.000000000000   0.000000000000   0.000000000000
  0.000000000000   0.000000000000   0.000000000000
  0.000000000000   0.000000000000   0.000000000000
  0.000000000000   0.000000000000   0.000000000000
  0.000000000000   0.000000000000   0.000000000000
  0.000000000000   0.000000000000   0.000000000000
  0.000000000000   0.000000000000   0.000000000000
  0.000000000000   0.000000000000   0.000000000000
  0.000000000000   0.000000000000   0.000000000000
  0.000000000000   0.000000000000   0.000000000000
  0.000000000000   0.000000000000   0.000000000000
  0.000000000000   0.000000000000   0.000000000000
  0.000000000000   0.000000000000   0.000000000000
  0.000000000000   0.000000000000   0.000000000000
  0.000000000000   0.000000000000   0.000000000000
  0.000000000000   0.000000000000   0.000000000000
  0.000000000000   0.000000000000   0.000000000000
  0.000000000000   0.000000000000   0.000000000000
  0.000000000000   0.000000000000   0.000000000000
  0.000000000000   0.000000000000   0.000000000000
  0.000000000000   0.000000000000   0.000000000000
  0.000000000000   0.000000000000   0.000000000000
  0.000000000000   0.000000000000   0.000000000000
  0.000000000000   0.000000000000   0.000000000000
  0.000000000000   0.000000000000   0.000000000000
  0.000000000000   0.000000000000   0.000000000000
  0.000000000000   0.000000000000   0.000000000000
  0.000000000000   0.000000000000   0.000000000000
  0.000000000000   0.000000000000   0.000000000000
  0.000000000000   0.000000000000   0.000000000000
  0.000000000000   0.000000000000   0.000000000000
  0.000000000000   0.000000000000   0.000000000000
  0.000000000000   0.000000000000   0.000000000000
  0.000000000000   0.000000000000   0.000000000000
  0.000000000000   0.000000000000   0.000000000000
  0.000000000000   0.000000000000   0.000000000000
  0.000000000000   0.000000000000   0.000000000000
  0.000000000000   0.000000000000   0.000000000000
  0.000000000000   0.000000000000   0.000000000000
  0.000000000000   0.000000000000   0.000000000000
  0.000000000000   0.000000000000   0.000000000000
  0.000000000000   0.000000000000   0.000000000000
  0.000000000000   0.000000000000   0.000000000000
  0.000000000000   0.000000000000   0.000000000000
  0.000000000000   0.000000000000   0.000000000000
  0.000000000000   0.000000000000   0.000000000000
  0.000000000000   0.000000000000   0.000000000000
  0.000000000000   0.000000000000   0.000000000000
  0.000000000000   0.000000000000   0.000000000000
  0.000000000000   0.000000000000   0.000000000000
  0.000000000000   0.000000000000   0.000000000000
  0.000000000000   0.000000000000   0.000000000000
  0.000000000000   0.000000000000   0.000000000000
  0.000000000000   0.000000000000   0.000000000000
  0.000000000000   0.000000000000   0.000000000000
  0.000000000000   0.000000000000   0.000000000000
  0.000000000000   0.000000000000   0.000000000000
  0.000000000000   0.000000000000   0.000000000000
  0.000000000000   0.000000000000   0.000000000000
  0.000000000000   0.000000000000   0.000000000000
  0.000000000000   0.000000000000   0.000000000000
  0.000000000000   0.000000000000   0.000000000000
  102    2  0.0000  0.0150  0.0000
  0.000000000000   0.000000000000   0.000000000000
  0.000000000000   0.000000000000   0.000000000000
  0.000000000000   0.000000000000   0.000000000000
  0.000000000000   0.000000000000   0.000000000000
  0.000000000000   0.000000000000   0.000000000000
  0.000000000000   0.000000000000   0.000000000000
  0.000000000000   0.000000000000   0.000000000000
  0.000000000000   0.000000000000   0.000000000000
  0.000000000000   0.000000000000   0.000000000000
  0.000000000000   0.000000000000   0.000000000000
  0.000000000000   0.000000000000   0.000000000000
  0.000000000000   0.000000000000   0.000000000000
  0.000000000000   0.000000000000   0.000000000000
  0.000000000000   0.000000000000   0.000000000000
  0.000000000000   0.000000000000   0.000000000000
  0.000000000000   0.000000000000   0.000000000000
  0.000000000000   0.000000000000   0.000000000000
  0.000000000000   0.000000000000   0.000000000000
  0.000000000000   0.000000000000   0.000000000000
  0.000000000000   0.000000000000   0.000000000000
  0.000000000000   0.000000000000   0.000000000000
  0.000000000000   0.000000000000   0.000000000000
  0.000000000000   0.000000000000   0.000000000000
  0.000000000000   0.000000000000   0.000000000000
  0.000000000000   0.000000000000   0.000000000000
  0.000000000000   0.000000000000   0.000000000000
  0.000000000000   0.000000000000   0.000000000000
  0.000000000000   0.000000000000   0.000000000000
  0.000000000000   0.000000000000   0.000000000000
  0.000000000000   0.000000000000   0.000000000000
  0.000000000000   0.000000000000   0.000000000000
  0.000000000000   0.000000000000   0.000000000000
  0.000000000000   0.000000000000   0.000000000000
  0.000000000000   0.000000000000   0.000000000000
  0.000000000000   0.000000000000   0.000000000000
  0.000000000000   0.000000000000   0.000000000000
  0.000000000000   0.000000000000   0.000000000000
  0.000000000000   0.000000000000   0.000000000000
  0.000000000000   0.000000000000   0.000000000000
  0.000000000000   0.000000000000   0.000000000000
  0.000000000000   0.000000000000   0.000000000000
  0.000000000000   0.000000000000   0.000000000000
  0.000000000000   0.000000000000   0.000000000000
  0.000000000000   0.000000000000   0.000000000000
  0.000000000000   0.000000000000   0.000000000000
  0.000000000000   0.000000000000   0.000000000000
  0.000000000000   0.000000000000   0.000000000000
  0.000000000000   0.000000000000   0.000000000000
  0.000000000000   0.000000000000   0.000000000000
  0.000000000000   0.000000000000   0.000000000000
  0.000000000000   0.000000000000   0.000000000000
  0.000000000000   0.000000000000   0.000000000000
  0.000000000000   0.000000000000   0.000000000000
  0.000000000000   0.000000000000   0.000000000000
  0.000000000000   0.000000000000   0.000000000000
  0.000000000000   0.000000000000   0.000000000000
  0.000000000000   0.000000000000   0.000000000000
  0.000000000000   0.000000000000   0.000000000000
  0.000000000000   0.000000000000   0.000000000000
  0.000000000000   0.000000000000   0.000000000000
  0.000000000000   0.000000000000   0.000000000000
  0.000000000000   0.000000000000   0.000000000000
  0.000000000000   0.000000000000   0.000000000000
  0.000000000000   0.000000000000   0.000000000000
  0.000000000000   0.000000000000   0.000000000000
  0.000000000000   0.000000000000   0.000000000000
  0.000000000000   0.000000000000   0.000000000000
  0.000000000000   0.000000000000   0.000000000000
  0.000000000000   0.000000000000   0.000000000000
  0.000000000000   0.000000000000   0.000000000000
  0.000000000000   0.000000000000   0.000000000000
  0.000000000000   0.000000000000   0.000000000000
  0.000000000000   0.000000000000   0.000000000000
  0.000000000000   0.000000000000   0.000000000000
  0.000000000000   0.000000000000   0.000000000000
  0.000000000000   0.000000000000   0.000000000000
  0.000000000000   0.000000000000   0.000000000000
  0.000000000000   0.000000000000   0.000000000000
  0.000000000000   0.000000000000   0.000000000000
  0.000000000000   0.000000000000   0.000000000000
  0.000000000000   0.000000000000   0.000000000000
  0.000000000000   0.000000000000   0.000000000000
  0.000000000000   0.000000000000   0.000000000000
  0.000000000000   0.000000000000   0.000000000000
  0.000000000000   0.000000000000   0.000000000000
  0.000000000000   0.000000000000   0.000000000000
  0.000000000000   0.000000000000   0.000000000000
  0.000000000000   0.000000000000   0.000000000000
  0.000000000000   0.000000000000   0.000000000000
  0.000000000000   0.000000000000   0.000000000000
  0.000000000000   0.000000000000   0.000000000000
  0.000000000000   0.000000000000   0.000000000000
  0.000000000000   0.000000000000   0.000000000000
  0.000000000000   0.000000000000   0.000000000000
  0.000000000000   0.000000000000   0.000000000000
  0.000000000000   0.000000000000   0.000000000000
  0.000000000000   0.000000000000   0.000000000000
 -0.000033815756  -0.000028655646  -0.000049515114
  0.000010532008   0.000043103255   0.000033207915
  0.000149008918   0.000456832557   0.000275649428
 -0.000248135077  -0.001482116197  -0.000299163531
 -0.005631601200  -0.081609216217  -0.005276976375
  0.000035866729   0.000248810696  -0.000236206906
  0.000169057024  -0.000229258875   0.000375241539
 -0.000120605073   0.000301792631   0.000727281844
 -0.001452864370  -0.000245344610  -0.001473296324
  0.000055018603  -0.000152156368   0.000050469106
  0.001271058418  -0.000561672426   0.001095268441
  0.001756629736   0.006404446984   0.002120273715
  0.027860210155  -0.003632467047   0.029280747770
  0.004116729386   0.078870796184   0.004667374392
 -0.026338247709  -0.005263477232  -0.027520692207
 -0.000342665015  -0.002324659230  -0.001133948815
 -0.002259614798   0.006465806314  -0.002661362036
  0.000096338953   0.001742593228   0.000135362409
  0.000000000000   0.000000000000   0.000000000000
  0.000000000000   0.000000000000   0.000000000000
  0.000000000000   0.000000000000   0.000000000000
  0.000000000000   0.000000000000   0.000000000000
  0.000000000000   0.000000000000   0.000000000000
  0.000000000000   0.000000000000   0.000000000000
  0.000000000000   0.000000000000   0.000000000000
  0.000000000000   0.000000000000   0.000000000000
  0.000000000000   0.000000000000   0.000000000000
  0.000000000000   0.000000000000   0.000000000000
  0.000000000000   0.000000000000   0.000000000000
  0.000000000000   0.000000000000   0.000000000000
  0.000000000000   0.000000000000   0.000000000000
  0.000000000000   0.000000000000   0.000000000000
  0.000000000000   0.000000000000   0.000000000000
  0.000000000000   0.000000000000   0.000000000000
  0.000000000000   0.000000000000   0.000000000000
  0.000000000000   0.000000000000   0.000000000000
  0.000000000000   0.000000000000   0.000000000000
  0.000000000000   0.000000000000   0.000000000000
  0.000000000000   0.000000000000   0.000000000000
  0.000000000000   0.000000000000   0.000000000000
  0.000000000000   0.000000000000   0.000000000000
  0.000000000000   0.000000000000   0.000000000000
  0.000000000000   0.000000000000   0.000000000000
  0.000000000000   0.000000000000   0.000000000000
  0.000000000000   0.000000000000   0.000000000000
  0.000000000000   0.000000000000   0.000000000000
  0.000000000000   0.000000000000   0.000000000000
  0.000000000000   0.000000000000   0.000000000000
  0.000000000000   0.000000000000   0.000000000000
  0.000000000000   0.000000000000   0.000000000000
  0.000000000000   0.000000000000   0.000000000000
  0.000000000000   0.000000000000   0.000000000000
  0.000000000000   0.000000000000   0.000000000000
  0.000000000000   0.000000000000   0.000000000000
  0.000000000000   0.000000000000   0.000000000000
  0.000000000000   0.000000000000   0.000000000000
  0.000000000000   0.000000000000   0.000000000000
  0.000000000000   0.000000000000   0.000000000000
  0.000000000000   0.000000000000   0.000000000000
  0.000000000000   0.000000000000   0.000000000000
  0.000000000000   0.000000000000   0.000000000000
  0.000000000000   0.000000000000   0.000000000000
  0.000000000000   0.000000000000   0.000000000000
  0.000000000000   0.000000000000   0.000000000000
  0.000000000000   0.000000000000   0.000000000000
  0.000000000000   0.000000000000   0.000000000000
  0.000000000000   0.000000000000   0.000000000000
  0.000000000000   0.000000000000   0.000000000000
  0.000000000000   0.000000000000   0.000000000000
  0.000000000000   0.000000000000   0.000000000000
  0.000000000000   0.000000000000   0.000000000000
  0.000000000000   0.000000000000   0.000000000000
  0.000000000000   0.000000000000   0.000000000000
  0.000000000000   0.000000000000   0.000000000000
  0.000000000000   0.000000000000   0.000000000000
  0.000000000000   0.000000000000   0.000000000000
  0.000000000000   0.000000000000   0.000000000000
  0.000000000000   0.000000000000   0.000000000000
  0.000000000000   0.000000000000   0.000000000000
  0.000000000000   0.000000000000   0.000000000000
  0.000000000000   0.000000000000   0.000000000000
  0.000000000000   0.000000000000   0.000000000000
  0.000000000000   0.000000000000   0.000000000000
  0.000000000000   0.000000000000   0.000000000000
  0.000000000000   0.000000000000   0.000000000000
  0.000000000000   0.000000000000   0.000000000000
  0.000000000000   0.000000000000   0.000000000000
  0.000000000000   0.000000000000   0.000000000000
  0.000000000000   0.000000000000   0.000000000000
  0.000000000000   0.000000000000   0.000000000000
  0.000000000000   0.000000000000   0.000000000000
  0.000000000000   0.000000000000   0.000000000000
  0.000000000000   0.000000000000   0.000000000000
  0.000000000000   0.000000000000   0.000000000000
  0.000000000000   0.000000000000   0.000000000000
  0.000000000000   0.000000000000   0.000000000000
  0.000000000000   0.000000000000   0.000000000000
  0.000000000000   0.000000000000   0.000000000000
  0.000000000000   0.000000000000   0.000000000000
  0.000000000000   0.000000000000   0.000000000000
  0.000000000000   0.000000000000   0.000000000000
  0.000000000000   0.000000000000   0.000000000000
  0.000000000000   0.000000000000   0.000000000000
  0.000000000000   0.000000000000   0.000000000000
  0.000000000000   0.000000000000   0.000000000000
  0.000000000000   0.000000000000   0.000000000000
  0.000000000000   0.000000000000   0.000000000000
  0.000000000000   0.000000000000   0.000000000000
  0.000000000000   0.000000000000   0.000000000000
  0.000000000000   0.000000000000   0.000000000000
  0.000000000000   0.000000000000   0.000000000000
  0.000000000000   0.000000000000   0.000000000000
  0.000000000000   0.000000000000   0.000000000000
  0.000000000000   0.000000000000   0.000000000000
  0.000000000000   0.000000000000   0.000000000000
  0.000000000000   0.000000000000   0.000000000000
  0.000000000000   0.000000000000   0.000000000000
  0.000000000000   0.000000000000   0.000000000000
  0.000000000000   0.000000000000   0.000000000000
  0.000000000000   0.000000000000   0.000000000000
  0.000000000000   0.000000000000   0.000000000000
  0.000000000000   0.000000000000   0.000000000000
  0.000000000000   0.000000000000   0.000000000000
  0.000000000000   0.000000000000   0.000000000000
  0.000000000000   0.000000000000   0.000000000000
  0.000000000000   0.000000000000   0.000000000000
  0.000000000000   0.000000000000   0.000000000000
  0.000000000000   0.000000000000   0.000000000000
  0.000000000000   0.000000000000   0.000000000000
  0.000000000000   0.000000000000   0.000000000000
  0.000000000000   0.000000000000   0.000000000000
  0.000000000000   0.000000000000   0.000000000000
  0.000000000000   0.000000000000   0.000000000000
  0.000000000000   0.000000000000   0.000000000000
  0.000000000000   0.000000000000   0.000000000000
  0.000000000000   0.000000000000   0.000000000000
  0.000000000000   0.000000000000   0.000000000000
  0.000000000000   0.000000000000   0.000000000000
  0.000000000000   0.000000000000   0.000000000000
  0.000000000000   0.000000000000   0.000000000000
  0.000000000000   0.000000000000   0.000000000000
  0.000000000000   0.000000000000   0.000000000000
  0.000000000000   0.000000000000   0.000000000000
  0.000000000000   0.000000000000   0.000000000000
  0.000000000000   0.000000000000   0.000000000000
  0.000000000000   0.000000000000   0.000000000000
  0.000000000000   0.000000000000   0.000000000000
  0.000000000000   0.000000000000   0.000000000000
  0.000000000000   0.000000000000   0.000000000000
  0.000000000000   0.000000000000   0.000000000000
  0.000000000000   0.000000000000   0.000000000000
  0.000000000000   0.000000000000   0.000000000000
  0.000000000000   0.000000000000   0.000000000000
  0.000000000000   0.000000000000   0.000000000000
  0.000000000000   0.000000000000   0.000000000000
  0.000000000000   0.000000000000   0.000000000000
  0.000000000000   0.000000000000   0.000000000000
  0.000000000000   0.000000000000   0.000000000000
  0.000000000000   0.000000000000   0.000000000000
  0.000000000000   0.000000000000   0.000000000000
  0.000000000000   0.000000000000   0.000000000000
  0.000000000000   0.000000000000   0.000000000000
  0.000000000000   0.000000000000   0.000000000000
  0.000000000000   0.000000000000   0.000000000000
  0.000000000000   0.000000000000   0.000000000000
  0.000000000000   0.000000000000   0.000000000000
  0.000000000000   0.000000000000   0.000000000000
  0.000000000000   0.000000000000   0.000000000000
  0.000000000000   0.000000000000   0.000000000000
  0.000000000000   0.000000000000   0.000000000000
  0.000000000000   0.000000000000   0.000000000000
  0.000000000000   0.000000000000   0.000000000000
  0.000000000000   0.000000000000   0.000000000000
  0.000000000000   0.000000000000   0.000000000000
  0.000000000000   0.000000000000   0.000000000000
  0.000000000000   0.000000000000   0.000000000000
  0.000000000000   0.000000000000   0.000000000000
  0.000000000000   0.000000000000   0.000000000000
  0.000000000000   0.000000000000   0.000000000000
  0.000000000000   0.000000000000   0.000000000000
  0.000000000000   0.000000000000   0.000000000000
  0.000000000000   0.000000000000   0.000000000000
  0.000000000000   0.000000000000   0.000000000000
  0.000000000000   0.000000000000   0.000000000000
  0.000000000000   0.000000000000   0.000000000000
  0.000000000000   0.000000000000   0.000000000000
  0.000000000000   0.000000000000   0.000000000000
  0.000000000000   0.000000000000   0.000000000000
  0.000000000000   0.000000000000   0.000000000000
  0.000000000000   0.000000000000   0.000000000000
  0.000000000000   0.000000000000   0.000000000000
  0.000000000000   0.000000000000   0.000000000000
  0.000000000000   0.000000000000   0.000000000000
  0.000000000000   0.000000000000   0.000000000000
  0.000000000000   0.000000000000   0.000000000000
  0.000000000000   0.000000000000   0.000000000000
  0.000000000000   0.000000000000   0.000000000000
  0.000000000000   0.000000000000   0.000000000000
  0.000000000000   0.000000000000   0.000000000000
  0.000000000000   0.000000000000   0.000000000000
  0.000000000000   0.000000000000   0.000000000000
  0.000000000000   0.000000000000   0.000000000000
  0.000000000000   0.000000000000   0.000000000000
  0.000000000000   0.000000000000   0.000000000000
  0.000000000000   0.000000000000   0.000000000000
  0.000000000000   0.000000000000   0.000000000000
  0.000000000000   0.000000000000   0.000000000000
  0.000000000000   0.000000000000   0.000000000000
  0.000000000000   0.000000000000   0.000000000000
  0.000000000000   0.000000000000   0.000000000000
  102    3  0.0000  0.0000  0.0150
  0.000000000000   0.000000000000   0.000000000000
  0.000000000000   0.000000000000   0.000000000000
  0.000000000000   0.000000000000   0.000000000000
  0.000000000000   0.000000000000   0.000000000000
  0.000000000000   0.000000000000   0.000000000000
  0.000000000000   0.000000000000   0.000000000000
  0.000000000000   0.000000000000   0.000000000000
  0.000000000000   0.000000000000   0.000000000000
  0.000000000000   0.000000000000   0.000000000000
  0.000000000000   0.000000000000   0.000000000000
  0.000000000000   0.000000000000   0.000000000000
  0.000000000000   0.000000000000   0.000000000000
  0.000000000000   0.000000000000   0.000000000000
  0.000000000000   0.000000000000   0.000000000000
  0.000000000000   0.000000000000   0.000000000000
  0.000000000000   0.000000000000   0.000000000000
  0.000000000000   0.000000000000   0.000000000000
  0.000000000000   0.000000000000   0.000000000000
  0.000000000000   0.000000000000   0.000000000000
  0.000000000000   0.000000000000   0.000000000000
  0.000000000000   0.000000000000   0.000000000000
  0.000000000000   0.000000000000   0.000000000000
  0.000000000000   0.000000000000   0.000000000000
  0.000000000000   0.000000000000   0.000000000000
  0.000000000000   0.000000000000   0.000000000000
  0.000000000000   0.000000000000   0.000000000000
  0.000000000000   0.000000000000   0.000000000000
  0.000000000000   0.000000000000   0.000000000000
  0.000000000000   0.000000000000   0.000000000000
  0.000000000000   0.000000000000   0.000000000000
  0.000000000000   0.000000000000   0.000000000000
  0.000000000000   0.000000000000   0.000000000000
  0.000000000000   0.000000000000   0.000000000000
  0.000000000000   0.000000000000   0.000000000000
  0.000000000000   0.000000000000   0.000000000000
  0.000000000000   0.000000000000   0.000000000000
  0.000000000000   0.000000000000   0.000000000000
  0.000000000000   0.000000000000   0.000000000000
  0.000000000000   0.000000000000   0.000000000000
  0.000000000000   0.000000000000   0.000000000000
  0.000000000000   0.000000000000   0.000000000000
  0.000000000000   0.000000000000   0.000000000000
  0.000000000000   0.000000000000   0.000000000000
  0.000000000000   0.000000000000   0.000000000000
  0.000000000000   0.000000000000   0.000000000000
  0.000000000000   0.000000000000   0.000000000000
  0.000000000000   0.000000000000   0.000000000000
  0.000000000000   0.000000000000   0.000000000000
  0.000000000000   0.000000000000   0.000000000000
  0.000000000000   0.000000000000   0.000000000000
  0.000000000000   0.000000000000   0.000000000000
  0.000000000000   0.000000000000   0.000000000000
  0.000000000000   0.000000000000   0.000000000000
  0.000000000000   0.000000000000   0.000000000000
  0.000000000000   0.000000000000   0.000000000000
  0.000000000000   0.000000000000   0.000000000000
  0.000000000000   0.000000000000   0.000000000000
  0.000000000000   0.000000000000   0.000000000000
  0.000000000000   0.000000000000   0.000000000000
  0.000000000000   0.000000000000   0.000000000000
  0.000000000000   0.000000000000   0.000000000000
  0.000000000000   0.000000000000   0.000000000000
  0.000000000000   0.000000000000   0.000000000000
  0.000000000000   0.000000000000   0.000000000000
  0.000000000000   0.000000000000   0.000000000000
  0.000000000000   0.000000000000   0.000000000000
  0.000000000000   0.000000000000   0.000000000000
  0.000000000000   0.000000000000   0.000000000000
  0.000000000000   0.000000000000   0.000000000000
  0.000000000000   0.000000000000   0.000000000000
  0.000000000000   0.000000000000   0.000000000000
  0.000000000000   0.000000000000   0.000000000000
  0.000000000000   0.000000000000   0.000000000000
  0.000000000000   0.000000000000   0.000000000000
  0.000000000000   0.000000000000   0.000000000000
  0.000000000000   0.000000000000   0.000000000000
  0.000000000000   0.000000000000   0.000000000000
  0.000000000000   0.000000000000   0.000000000000
  0.000000000000   0.000000000000   0.000000000000
  0.000000000000   0.000000000000   0.000000000000
  0.000000000000   0.000000000000   0.000000000000
  0.000000000000   0.000000000000   0.000000000000
  0.000000000000   0.000000000000   0.000000000000
  0.000000000000   0.000000000000   0.000000000000
  0.000000000000   0.000000000000   0.000000000000
  0.000000000000   0.000000000000   0.000000000000
  0.000000000000   0.000000000000   0.000000000000
  0.000000000000   0.000000000000   0.000000000000
  0.000000000000   0.000000000000   0.000000000000
  0.000000000000   0.000000000000   0.000000000000
  0.000000000000   0.000000000000   0.000000000000
  0.000000000000   0.000000000000   0.000000000000
  0.000000000000   0.000000000000   0.000000000000
  0.000000000000   0.000000000000   0.000000000000
  0.000000000000   0.000000000000   0.000000000000
  0.000000000000   0.000000000000   0.000000000000
  0.000000000000   0.000000000000   0.000000000000
 -0.000007005169  -0.000013319186   0.000045775251
  0.000115486644   0.000055328096   0.000057675524
 -0.000047076756   0.000169325589   0.000184196512
 -0.003509954062   0.000136974560   0.002190754406
 -0.231315156357  -0.005325351976  -0.280587535542
 -0.000373127009  -0.000937191101  -0.000092351451
 -0.000074073761   0.000271175263   0.000006479710
  0.000183021871  -0.000514465396   0.000115273525
  0.000501266670   0.000008312440   0.000226774045
 -0.000703352673   0.000050430242   0.000776808997
  0.000384296570  -0.000121128251   0.000317539849
  0.004596552729   0.002513773473  -0.006004350602
  0.010081962796  -0.001751248552   0.005337685496
  0.207352751893   0.003403274118   0.270272206429
  0.011695180431   0.002902519280   0.006836269502
 -0.003143386452   0.000923297180   0.000999923782
  0.004689682988  -0.002803986458  -0.004526227394
 -0.001135068363  -0.000084230677   0.000375843354
  0.000000000000   0.000000000000   0.000000000000
  0.000000000000   0.000000000000   0.000000000000
  0.000000000000   0.000000000000   0.000000000000
  0.000000000000   0.000000000000   0.000000000000
  0.000000000000   0.000000000000   0.000000000000
  0.000000000000   0.000000000000   0.000000000000
  0.000000000000   0.000000000000   0.000000000000
  0.000000000000   0.000000000000   0.000000000000
  0.000000000000   0.000000000000   0.000000000000
  0.000000000000   0.000000000000   0.000000000000
  0.000000000000   0.000000000000   0.000000000000
  0.000000000000   0.000000000000   0.000000000000
  0.000000000000   0.000000000000   0.000000000000
  0.000000000000   0.000000000000   0.000000000000
  0.000000000000   0.000000000000   0.000000000000
  0.000000000000   0.000000000000   0.000000000000
  0.000000000000   0.000000000000   0.000000000000
  0.000000000000   0.000000000000   0.000000000000
  0.000000000000   0.000000000000   0.000000000000
  0.000000000000   0.000000000000   0.000000000000
  0.000000000000   0.000000000000   0.000000000000
  0.000000000000   0.000000000000   0.000000000000
  0.000000000000   0.000000000000   0.000000000000
  0.000000000000   0.000000000000   0.000000000000
  0.000000000000   0.000000000000   0.000000000000
  0.000000000000   0.000000000000   0.000000000000
  0.000000000000   0.000000000000   0.000000000000
  0.000000000000   0.000000000000   0.000000000000
  0.000000000000   0.000000000000   0.000000000000
  0.000000000000   0.000000000000   0.000000000000
  0.000000000000   0.000000000000   0.000000000000
  0.000000000000   0.000000000000   0.000000000000
  0.000000000000   0.000000000000   0.000000000000
  0.000000000000   0.000000000000   0.000000000000
  0.000000000000   0.000000000000   0.000000000000
  0.000000000000   0.000000000000   0.000000000000
  0.000000000000   0.000000000000   0.000000000000
  0.000000000000   0.000000000000   0.000000000000
  0.000000000000   0.000000000000   0.000000000000
  0.000000000000   0.000000000000   0.000000000000
  0.000000000000   0.000000000000   0.000000000000
  0.000000000000   0.000000000000   0.000000000000
  0.000000000000   0.000000000000   0.000000000000
  0.000000000000   0.000000000000   0.000000000000
  0.000000000000   0.000000000000   0.000000000000
  0.000000000000   0.000000000000   0.000000000000
  0.000000000000   0.000000000000   0.000000000000
  0.000000000000   0.000000000000   0.000000000000
  0.000000000000   0.000000000000   0.000000000000
  0.000000000000   0.000000000000   0.000000000000
  0.000000000000   0.000000000000   0.000000000000
  0.000000000000   0.000000000000   0.000000000000
  0.000000000000   0.000000000000   0.000000000000
  0.000000000000   0.000000000000   0.000000000000
  0.000000000000   0.000000000000   0.000000000000
  0.000000000000   0.000000000000   0.000000000000
  0.000000000000   0.000000000000   0.000000000000
  0.000000000000   0.000000000000   0.000000000000
  0.000000000000   0.000000000000   0.000000000000
  0.000000000000   0.000000000000   0.000000000000
  0.000000000000   0.000000000000   0.000000000000
  0.000000000000   0.000000000000   0.000000000000
  0.000000000000   0.000000000000   0.000000000000
  0.000000000000   0.000000000000   0.000000000000
  0.000000000000   0.000000000000   0.000000000000
  0.000000000000   0.000000000000   0.000000000000
  0.000000000000   0.000000000000   0.000000000000
  0.000000000000   0.000000000000   0.000000000000
  0.000000000000   0.000000000000   0.000000000000
  0.000000000000   0.000000000000   0.000000000000
  0.000000000000   0.000000000000   0.000000000000
  0.000000000000   0.000000000000   0.000000000000
  0.000000000000   0.000000000000   0.000000000000
  0.000000000000   0.000000000000   0.000000000000
  0.000000000000   0.000000000000   0.000000000000
  0.000000000000   0.000000000000   0.000000000000
  0.000000000000   0.000000000000   0.000000000000
  0.000000000000   0.000000000000   0.000000000000
  0.000000000000   0.000000000000   0.000000000000
  0.000000000000   0.000000000000   0.000000000000
  0.000000000000   0.000000000000   0.000000000000
  0.000000000000   0.000000000000   0.000000000000
  0.000000000000   0.000000000000   0.000000000000
  0.000000000000   0.000000000000   0.000000000000
  0.000000000000   0.000000000000   0.000000000000
  0.000000000000   0.000000000000   0.000000000000
  0.000000000000   0.000000000000   0.000000000000
  0.000000000000   0.000000000000   0.000000000000
  0.000000000000   0.000000000000   0.000000000000
  0.000000000000   0.000000000000   0.000000000000
  0.000000000000   0.000000000000   0.000000000000
  0.000000000000   0.000000000000   0.000000000000
  0.000000000000   0.000000000000   0.000000000000
  0.000000000000   0.000000000000   0.000000000000
  0.000000000000   0.000000000000   0.000000000000
  0.000000000000   0.000000000000   0.000000000000
  0.000000000000   0.000000000000   0.000000000000
  0.000000000000   0.000000000000   0.000000000000
  0.000000000000   0.000000000000   0.000000000000
  0.000000000000   0.000000000000   0.000000000000
  0.000000000000   0.000000000000   0.000000000000
  0.000000000000   0.000000000000   0.000000000000
  0.000000000000   0.000000000000   0.000000000000
  0.000000000000   0.000000000000   0.000000000000
  0.000000000000   0.000000000000   0.000000000000
  0.000000000000   0.000000000000   0.000000000000
  0.000000000000   0.000000000000   0.000000000000
  0.000000000000   0.000000000000   0.000000000000
  0.000000000000   0.000000000000   0.000000000000
  0.000000000000   0.000000000000   0.000000000000
  0.000000000000   0.000000000000   0.000000000000
  0.000000000000   0.000000000000   0.000000000000
  0.000000000000   0.000000000000   0.000000000000
  0.000000000000   0.000000000000   0.000000000000
  0.000000000000   0.000000000000   0.000000000000
  0.000000000000   0.000000000000   0.000000000000
  0.000000000000   0.000000000000   0.000000000000
  0.000000000000   0.000000000000   0.000000000000
  0.000000000000   0.000000000000   0.000000000000
  0.000000000000   0.000000000000   0.000000000000
  0.000000000000   0.000000000000   0.000000000000
  0.000000000000   0.000000000000   0.000000000000
  0.000000000000   0.000000000000   0.000000000000
  0.000000000000   0.000000000000   0.000000000000
  0.000000000000   0.000000000000   0.000000000000
  0.000000000000   0.000000000000   0.000000000000
  0.000000000000   0.000000000000   0.000000000000
  0.000000000000   0.000000000000   0.000000000000
  0.000000000000   0.000000000000   0.000000000000
  0.000000000000   0.000000000000   0.000000000000
  0.000000000000   0.000000000000   0.000000000000
  0.000000000000   0.000000000000   0.000000000000
  0.000000000000   0.000000000000   0.000000000000
  0.000000000000   0.000000000000   0.000000000000
  0.000000000000   0.000000000000   0.000000000000
  0.000000000000   0.000000000000   0.000000000000
  0.000000000000   0.000000000000   0.000000000000
  0.000000000000   0.000000000000   0.000000000000
  0.000000000000   0.000000000000   0.000000000000
  0.000000000000   0.000000000000   0.000000000000
  0.000000000000   0.000000000000   0.000000000000
  0.000000000000   0.000000000000   0.000000000000
  0.000000000000   0.000000000000   0.000000000000
  0.000000000000   0.000000000000   0.000000000000
  0.000000000000   0.000000000000   0.000000000000
  0.000000000000   0.000000000000   0.000000000000
  0.000000000000   0.000000000000   0.000000000000
  0.000000000000   0.000000000000   0.000000000000
  0.000000000000   0.000000000000   0.000000000000
  0.000000000000   0.000000000000   0.000000000000
  0.000000000000   0.000000000000   0.000000000000
  0.000000000000   0.000000000000   0.000000000000
  0.000000000000   0.000000000000   0.000000000000
  0.000000000000   0.000000000000   0.000000000000
  0.000000000000   0.000000000000   0.000000000000
  0.000000000000   0.000000000000   0.000000000000
  0.000000000000   0.000000000000   0.000000000000
  0.000000000000   0.000000000000   0.000000000000
  0.000000000000   0.000000000000   0.000000000000
  0.000000000000   0.000000000000   0.000000000000
  0.000000000000   0.000000000000   0.000000000000
  0.000000000000   0.000000000000   0.000000000000
  0.000000000000   0.000000000000   0.000000000000
  0.000000000000   0.000000000000   0.000000000000
  0.000000000000   0.000000000000   0.000000000000
  0.000000000000   0.000000000000   0.000000000000
  0.000000000000   0.000000000000   0.000000000000
  0.000000000000   0.000000000000   0.000000000000
  0.000000000000   0.000000000000   0.000000000000
  0.000000000000   0.000000000000   0.000000000000
  0.000000000000   0.000000000000   0.000000000000
  0.000000000000   0.000000000000   0.000000000000
  0.000000000000   0.000000000000   0.000000000000
  0.000000000000   0.000000000000   0.000000000000
  0.000000000000   0.000000000000   0.000000000000
  0.000000000000   0.000000000000   0.000000000000
  0.000000000000   0.000000000000   0.000000000000
  0.000000000000   0.000000000000   0.000000000000
  0.000000000000   0.000000000000   0.000000000000
  0.000000000000   0.000000000000   0.000000000000
  0.000000000000   0.000000000000   0.000000000000
  0.000000000000   0.000000000000   0.000000000000
  0.000000000000   0.000000000000   0.000000000000
  0.000000000000   0.000000000000   0.000000000000
  0.000000000000   0.000000000000   0.000000000000
  0.000000000000   0.000000000000   0.000000000000
  0.000000000000   0.000000000000   0.000000000000
  0.000000000000   0.000000000000   0.000000000000
  0.000000000000   0.000000000000   0.000000000000
  0.000000000000   0.000000000000   0.000000000000
  0.000000000000   0.000000000000   0.000000000000
  0.000000000000   0.000000000000   0.000000000000
  103    1  0.0150  0.0000  0.0000
  0.000000000000   0.000000000000   0.000000000000
  0.000000000000   0.000000000000   0.000000000000
  0.000000000000   0.000000000000   0.000000000000
  0.000000000000   0.000000000000   0.000000000000
  0.000000000000   0.000000000000   0.000000000000
  0.000000000000   0.000000000000   0.000000000000
  0.000000000000   0.000000000000   0.000000000000
  0.000000000000   0.000000000000   0.000000000000
  0.000000000000   0.000000000000   0.000000000000
  0.000000000000   0.000000000000   0.000000000000
  0.000000000000   0.000000000000   0.000000000000
  0.000000000000   0.000000000000   0.000000000000
  0.000000000000   0.000000000000   0.000000000000
  0.000000000000   0.000000000000   0.000000000000
  0.000000000000   0.000000000000   0.000000000000
  0.000000000000   0.000000000000   0.000000000000
  0.000000000000   0.000000000000   0.000000000000
  0.000000000000   0.000000000000   0.000000000000
  0.000000000000   0.000000000000   0.000000000000
  0.000000000000   0.000000000000   0.000000000000
  0.000000000000   0.000000000000   0.000000000000
  0.000000000000   0.000000000000   0.000000000000
  0.000000000000   0.000000000000   0.000000000000
  0.000000000000   0.000000000000   0.000000000000
  0.000000000000   0.000000000000   0.000000000000
  0.000000000000   0.000000000000   0.000000000000
  0.000000000000   0.000000000000   0.000000000000
  0.000000000000   0.000000000000   0.000000000000
  0.000000000000   0.000000000000   0.000000000000
  0.000000000000   0.000000000000   0.000000000000
  0.000000000000   0.000000000000   0.000000000000
  0.000000000000   0.000000000000   0.000000000000
  0.000000000000   0.000000000000   0.000000000000
  0.000000000000   0.000000000000   0.000000000000
  0.000000000000   0.000000000000   0.000000000000
  0.000000000000   0.000000000000   0.000000000000
  0.000000000000   0.000000000000   0.000000000000
  0.000000000000   0.000000000000   0.000000000000
  0.000000000000   0.000000000000   0.000000000000
  0.000000000000   0.000000000000   0.000000000000
  0.000000000000   0.000000000000   0.000000000000
  0.000000000000   0.000000000000   0.000000000000
  0.000000000000   0.000000000000   0.000000000000
  0.000000000000   0.000000000000   0.000000000000
  0.000000000000   0.000000000000   0.000000000000
  0.000000000000   0.000000000000   0.000000000000
  0.000000000000   0.000000000000   0.000000000000
  0.000000000000   0.000000000000   0.000000000000
  0.000000000000   0.000000000000   0.000000000000
  0.000000000000   0.000000000000   0.000000000000
  0.000000000000   0.000000000000   0.000000000000
  0.000000000000   0.000000000000   0.000000000000
  0.000000000000   0.000000000000   0.000000000000
  0.000000000000   0.000000000000   0.000000000000
  0.000000000000   0.000000000000   0.000000000000
  0.000000000000   0.000000000000   0.000000000000
  0.000000000000   0.000000000000   0.000000000000
  0.000000000000   0.000000000000   0.000000000000
  0.000000000000   0.000000000000   0.000000000000
  0.000000000000   0.000000000000   0.000000000000
  0.000000000000   0.000000000000   0.000000000000
  0.000000000000   0.000000000000   0.000000000000
  0.000000000000   0.000000000000   0.000000000000
  0.000000000000   0.000000000000   0.000000000000
  0.000000000000   0.000000000000   0.000000000000
  0.000000000000   0.000000000000   0.000000000000
  0.000000000000   0.000000000000   0.000000000000
  0.000000000000   0.000000000000   0.000000000000
  0.000000000000   0.000000000000   0.000000000000
  0.000000000000   0.000000000000   0.000000000000
  0.000000000000   0.000000000000   0.000000000000
  0.000000000000   0.000000000000   0.000000000000
  0.000000000000   0.000000000000   0.000000000000
  0.000000000000   0.000000000000   0.000000000000
  0.000000000000   0.000000000000   0.000000000000
  0.000000000000   0.000000000000   0.000000000000
  0.000000000000   0.000000000000   0.000000000000
  0.000000000000   0.000000000000   0.000000000000
  0.000000000000   0.000000000000   0.000000000000
  0.000000000000   0.000000000000   0.000000000000
  0.000000000000   0.000000000000   0.000000000000
  0.000000000000   0.000000000000   0.000000000000
  0.000000000000   0.000000000000   0.000000000000
  0.000000000000   0.000000000000   0.000000000000
  0.000000000000   0.000000000000   0.000000000000
  0.000000000000   0.000000000000   0.000000000000
  0.000000000000   0.000000000000   0.000000000000
  0.000000000000   0.000000000000   0.000000000000
  0.000000000000   0.000000000000   0.000000000000
  0.000000000000   0.000000000000   0.000000000000
  0.000000000000   0.000000000000   0.000000000000
  0.000000000000   0.000000000000   0.000000000000
  0.000000000000   0.000000000000   0.000000000000
  0.000000000000   0.000000000000   0.000000000000
  0.000000000000   0.000000000000   0.000000000000
  0.000000000000   0.000000000000   0.000000000000
  0.000000000000   0.000000000000   0.000000000000
  0.000037514998   0.000029752852   0.000037359526
  0.000054002510  -0.000041985988  -0.000013525114
  0.000016701759   0.000023429528  -0.000008679293
 -0.000007421116   0.000060750059   0.000024575574
  0.000324477291   0.000042574527  -0.000482263360
 -0.379032101945  -0.076358912879   0.148052874072
  0.024522785421   0.005843281172  -0.012175921755
 -0.004714104754  -0.001765237456   0.002225225437
  0.000582720511  -0.000020364161  -0.000453180255
  0.000047945760   0.000113605800   0.000101082178
  0.000119576529   0.000215762099  -0.000022030515
 -0.000584702303  -0.000034619061  -0.000774967647
  0.000540138472   0.001165582970   0.001367557246
 -0.000062188210  -0.003067680703   0.000704813775
  0.012603710262   0.008113952744  -0.001943467184
  0.345732448929   0.064004265352  -0.136566962135
 -0.000520137391   0.001972218236  -0.000211938532
 -0.000464904916  -0.000104665608   0.001035918340
  0.000000000000   0.000000000000   0.000000000000
  0.000000000000   0.000000000000   0.000000000000
  0.000000000000   0.000000000000   0.000000000000
  0.000000000000   0.000000000000   0.000000000000
  0.000000000000   0.000000000000   0.000000000000
  0.000000000000   0.000000000000   0.000000000000
  0.000000000000   0.000000000000   0.000000000000
  0.000000000000   0.000000000000   0.000000000000
  0.000000000000   0.000000000000   0.000000000000
  0.000000000000   0.000000000000   0.000000000000
  0.000000000000   0.000000000000   0.000000000000
  0.000000000000   0.000000000000   0.000000000000
  0.000000000000   0.000000000000   0.000000000000
  0.000000000000   0.000000000000   0.000000000000
  0.000000000000   0.000000000000   0.000000000000
  0.000000000000   0.000000000000   0.000000000000
  0.000000000000   0.000000000000   0.000000000000
  0.000000000000   0.000000000000   0.000000000000
  0.000000000000   0.000000000000   0.000000000000
  0.000000000000   0.000000000000   0.000000000000
  0.000000000000   0.000000000000   0.000000000000
  0.000000000000   0.000000000000   0.000000000000
  0.000000000000   0.000000000000   0.000000000000
  0.000000000000   0.000000000000   0.000000000000
  0.000000000000   0.000000000000   0.000000000000
  0.000000000000   0.000000000000   0.000000000000
  0.000000000000   0.000000000000   0.000000000000
  0.000000000000   0.000000000000   0.000000000000
  0.000000000000   0.000000000000   0.000000000000
  0.000000000000   0.000000000000   0.000000000000
  0.000000000000   0.000000000000   0.000000000000
  0.000000000000   0.000000000000   0.000000000000
  0.000000000000   0.000000000000   0.000000000000
  0.000000000000   0.000000000000   0.000000000000
  0.000000000000   0.000000000000   0.000000000000
  0.000000000000   0.000000000000   0.000000000000
  0.000000000000   0.000000000000   0.000000000000
  0.000000000000   0.000000000000   0.000000000000
  0.000000000000   0.000000000000   0.000000000000
  0.000000000000   0.000000000000   0.000000000000
  0.000000000000   0.000000000000   0.000000000000
  0.000000000000   0.000000000000   0.000000000000
  0.000000000000   0.000000000000   0.000000000000
  0.000000000000   0.000000000000   0.000000000000
  0.000000000000   0.000000000000   0.000000000000
  0.000000000000   0.000000000000   0.000000000000
  0.000000000000   0.000000000000   0.000000000000
  0.000000000000   0.000000000000   0.000000000000
  0.000000000000   0.000000000000   0.000000000000
  0.000000000000   0.000000000000   0.000000000000
  0.000000000000   0.000000000000   0.000000000000
  0.000000000000   0.000000000000   0.000000000000
  0.000000000000   0.000000000000   0.000000000000
  0.000000000000   0.000000000000   0.000000000000
  0.000000000000   0.000000000000   0.000000000000
  0.000000000000   0.000000000000   0.000000000000
  0.000000000000   0.000000000000   0.000000000000
  0.000000000000   0.000000000000   0.000000000000
  0.000000000000   0.000000000000   0.000000000000
  0.000000000000   0.000000000000   0.000000000000
  0.000000000000   0.000000000000   0.000000000000
  0.000000000000   0.000000000000   0.000000000000
  0.000000000000   0.000000000000   0.000000000000
  0.000000000000   0.000000000000   0.000000000000
  0.000000000000   0.000000000000   0.000000000000
  0.000000000000   0.000000000000   0.000000000000
  0.000000000000   0.000000000000   0.000000000000
  0.000000000000   0.000000000000   0.000000000000
  0.000000000000   0.000000000000   0.000000000000
  0.000000000000   0.000000000000   0.000000000000
  0.000000000000   0.000000000000   0.000000000000
  0.000000000000   0.000000000000   0.000000000000
  0.000000000000   0.000000000000   0.000000000000
  0.000000000000   0.000000000000   0.000000000000
  0.000000000000   0.000000000000   0.000000000000
  0.000000000000   0.000000000000   0.000000000000
  0.000000000000   0.000000000000   0.000000000000
  0.000000000000   0.000000000000   0.000000000000
  0.000000000000   0.000000000000   0.000000000000
  0.000000000000   0.000000000000   0.000000000000
  0.000000000000   0.000000000000   0.000000000000
  0.000000000000   0.000000000000   0.000000000000
  0.000000000000   0.000000000000   0.000000000000
  0.000000000000   0.000000000000   0.000000000000
  0.000000000000   0.000000000000   0.000000000000
  0.000000000000   0.000000000000   0.000000000000
  0.000000000000   0.000000000000   0.000000000000
  0.000000000000   0.000000000000   0.000000000000
  0.000000000000   0.000000000000   0.000000000000
  0.000000000000   0.000000000000   0.000000000000
  0.000000000000   0.000000000000   0.000000000000
  0.000000000000   0.000000000000   0.000000000000
  0.000000000000   0.000000000000   0.000000000000
  0.000000000000   0.000000000000   0.000000000000
  0.000000000000   0.000000000000   0.000000000000
  0.000000000000   0.000000000000   0.000000000000
  0.000000000000   0.000000000000   0.000000000000
  0.000000000000   0.000000000000   0.000000000000
  0.000000000000   0.000000000000   0.000000000000
  0.000000000000   0.000000000000   0.000000000000
  0.000000000000   0.000000000000   0.000000000000
  0.000000000000   0.000000000000   0.000000000000
  0.000000000000   0.000000000000   0.000000000000
  0.000000000000   0.000000000000   0.000000000000
  0.000000000000   0.000000000000   0.000000000000
  0.000000000000   0.000000000000   0.000000000000
  0.000000000000   0.000000000000   0.000000000000
  0.000000000000   0.000000000000   0.000000000000
  0.000000000000   0.000000000000   0.000000000000
  0.000000000000   0.000000000000   0.000000000000
  0.000000000000   0.000000000000   0.000000000000
  0.000000000000   0.000000000000   0.000000000000
  0.000000000000   0.000000000000   0.000000000000
  0.000000000000   0.000000000000   0.000000000000
  0.000000000000   0.000000000000   0.000000000000
  0.000000000000   0.000000000000   0.000000000000
  0.000000000000   0.000000000000   0.000000000000
  0.000000000000   0.000000000000   0.000000000000
  0.000000000000   0.000000000000   0.000000000000
  0.000000000000   0.000000000000   0.000000000000
  0.000000000000   0.000000000000   0.000000000000
  0.000000000000   0.000000000000   0.000000000000
  0.000000000000   0.000000000000   0.000000000000
  0.000000000000   0.000000000000   0.000000000000
  0.000000000000   0.000000000000   0.000000000000
  0.000000000000   0.000000000000   0.000000000000
  0.000000000000   0.000000000000   0.000000000000
  0.000000000000   0.000000000000   0.000000000000
  0.000000000000   0.000000000000   0.000000000000
  0.000000000000   0.000000000000   0.000000000000
  0.000000000000   0.000000000000   0.000000000000
  0.000000000000   0.000000000000   0.000000000000
  0.000000000000   0.000000000000   0.000000000000
  0.000000000000   0.000000000000   0.000000000000
  0.000000000000   0.000000000000   0.000000000000
  0.000000000000   0.000000000000   0.000000000000
  0.000000000000   0.000000000000   0.000000000000
  0.000000000000   0.000000000000   0.000000000000
  0.000000000000   0.000000000000   0.000000000000
  0.000000000000   0.000000000000   0.000000000000
  0.000000000000   0.000000000000   0.000000000000
  0.000000000000   0.000000000000   0.000000000000
  0.000000000000   0.000000000000   0.000000000000
  0.000000000000   0.000000000000   0.000000000000
  0.000000000000   0.000000000000   0.000000000000
  0.000000000000   0.000000000000   0.000000000000
  0.000000000000   0.000000000000   0.000000000000
  0.000000000000   0.000000000000   0.000000000000
  0.000000000000   0.000000000000   0.000000000000
  0.000000000000   0.000000000000   0.000000000000
  0.000000000000   0.000000000000   0.000000000000
  0.000000000000   0.000000000000   0.000000000000
  0.000000000000   0.000000000000   0.000000000000
  0.000000000000   0.000000000000   0.000000000000
  0.000000000000   0.000000000000   0.000000000000
  0.000000000000   0.000000000000   0.000000000000
  0.000000000000   0.000000000000   0.000000000000
  0.000000000000   0.000000000000   0.000000000000
  0.000000000000   0.000000000000   0.000000000000
  0.000000000000   0.000000000000   0.000000000000
  0.000000000000   0.000000000000   0.000000000000
  0.000000000000   0.000000000000   0.000000000000
  0.000000000000   0.000000000000   0.000000000000
  0.000000000000   0.000000000000   0.000000000000
  0.000000000000   0.000000000000   0.000000000000
  0.000000000000   0.000000000000   0.000000000000
  0.000000000000   0.000000000000   0.000000000000
  0.000000000000   0.000000000000   0.000000000000
  0.000000000000   0.000000000000   0.000000000000
  0.000000000000   0.000000000000   0.000000000000
  0.000000000000   0.000000000000   0.000000000000
  0.000000000000   0.000000000000   0.000000000000
  0.000000000000   0.000000000000   0.000000000000
  0.000000000000   0.000000000000   0.000000000000
  0.000000000000   0.000000000000   0.000000000000
  0.000000000000   0.000000000000   0.000000000000
  0.000000000000   0.000000000000   0.000000000000
  0.000000000000   0.000000000000   0.000000000000
  0.000000000000   0.000000000000   0.000000000000
  0.000000000000   0.000000000000   0.000000000000
  0.000000000000   0.000000000000   0.000000000000
  0.000000000000   0.000000000000   0.000000000000
  0.000000000000   0.000000000000   0.000000000000
  0.000000000000   0.000000000000   0.000000000000
  0.000000000000   0.000000000000   0.000000000000
  0.000000000000   0.000000000000   0.000000000000
  0.000000000000   0.000000000000   0.000000000000
  0.000000000000   0.000000000000   0.000000000000
  0.000000000000   0.000000000000   0.000000000000
  0.000000000000   0.000000000000   0.000000000000
  0.000000000000   0.000000000000   0.000000000000
  0.000000000000   0.000000000000   0.000000000000
  103    2  0.0000  0.0150  0.0000
  0.000000000000   0.000000000000   0.000000000000
  0.000000000000   0.000000000000   0.000000000000
  0.000000000000   0.000000000000   0.000000000000
  0.000000000000   0.000000000000   0.000000000000
  0.000000000000   0.000000000000   0.000000000000
  0.000000000000   0.000000000000   0.000000000000
  0.000000000000   0.000000000000   0.000000000000
  0.000000000000   0.000000000000   0.000000000000
  0.000000000000   0.000000000000   0.000000000000
  0.000000000000   0.000000000000   0.000000000000
  0.000000000000   0.000000000000   0.000000000000
  0.000000000000   0.000000000000   0.000000000000
  0.000000000000   0.000000000000   0.000000000000
  0.000000000000   0.000000000000   0.000000000000
  0.000000000000   0.000000000000   0.000000000000
  0.000000000000   0.000000000000   0.000000000000
  0.000000000000   0.000000000000   0.000000000000
  0.000000000000   0.000000000000   0.000000000000
  0.000000000000   0.000000000000   0.000000000000
  0.000000000000   0.000000000000   0.000000000000
  0.000000000000   0.000000000000   0.000000000000
  0.000000000000   0.000000000000   0.000000000000
  0.000000000000   0.000000000000   0.000000000000
  0.000000000000   0.000000000000   0.000000000000
  0.000000000000   0.000000000000   0.000000000000
  0.000000000000   0.000000000000   0.000000000000
  0.000000000000   0.000000000000   0.000000000000
  0.000000000000   0.000000000000   0.000000000000
  0.000000000000   0.000000000000   0.000000000000
  0.000000000000   0.000000000000   0.000000000000
  0.000000000000   0.000000000000   0.000000000000
  0.000000000000   0.000000000000   0.000000000000
  0.000000000000   0.000000000000   0.000000000000
  0.000000000000   0.000000000000   0.000000000000
  0.000000000000   0.000000000000   0.000000000000
  0.000000000000   0.000000000000   0.000000000000
  0.000000000000   0.000000000000   0.000000000000
  0.000000000000   0.000000000000   0.000000000000
  0.000000000000   0.000000000000   0.000000000000
  0.000000000000   0.000000000000   0.000000000000
  0.000000000000   0.000000000000   0.000000000000
  0.000000000000   0.000000000000   0.000000000000
  0.000000000000   0.000000000000   0.000000000000
  0.000000000000   0.000000000000   0.000000000000
  0.000000000000   0.000000000000   0.000000000000
  0.000000000000   0.000000000000   0.000000000000
  0.000000000000   0.000000000000   0.000000000000
  0.000000000000   0.000000000000   0.000000000000
  0.000000000000   0.000000000000   0.000000000000
  0.000000000000   0.000000000000   0.000000000000
  0.000000000000   0.000000000000   0.000000000000
  0.000000000000   0.000000000000   0.000000000000
  0.000000000000   0.000000000000   0.000000000000
  0.000000000000   0.000000000000   0.000000000000
  0.000000000000   0.000000000000   0.000000000000
  0.000000000000   0.000000000000   0.000000000000
  0.000000000000   0.000000000000   0.000000000000
  0.000000000000   0.000000000000   0.000000000000
  0.000000000000   0.000000000000   0.000000000000
  0.000000000000   0.000000000000   0.000000000000
  0.000000000000   0.000000000000   0.000000000000
  0.000000000000   0.000000000000   0.000000000000
  0.000000000000   0.000000000000   0.000000000000
  0.000000000000   0.000000000000   0.000000000000
  0.000000000000   0.000000000000   0.000000000000
  0.000000000000   0.000000000000   0.000000000000
  0.000000000000   0.000000000000   0.000000000000
  0.000000000000   0.000000000000   0.000000000000
  0.000000000000   0.000000000000   0.000000000000
  0.000000000000   0.000000000000   0.000000000000
  0.000000000000   0.000000000000   0.000000000000
  0.000000000000   0.000000000000   0.000000000000
  0.000000000000   0.000000000000   0.000000000000
  0.000000000000   0.000000000000   0.000000000000
  0.000000000000   0.000000000000   0.000000000000
  0.000000000000   0.000000000000   0.000000000000
  0.000000000000   0.000000000000   0.000000000000
  0.000000000000   0.000000000000   0.000000000000
  0.000000000000   0.000000000000   0.000000000000
  0.000000000000   0.000000000000   0.000000000000
  0.000000000000   0.000000000000   0.000000000000
  0.000000000000   0.000000000000   0.000000000000
  0.000000000000   0.000000000000   0.000000000000
  0.000000000000   0.000000000000   0.000000000000
  0.000000000000   0.000000000000   0.000000000000
  0.000000000000   0.000000000000   0.000000000000
  0.000000000000   0.000000000000   0.000000000000
  0.000000000000   0.000000000000   0.000000000000
  0.000000000000   0.000000000000   0.000000000000
  0.000000000000   0.000000000000   0.000000000000
  0.000000000000   0.000000000000   0.000000000000
  0.000000000000   0.000000000000   0.000000000000
  0.000000000000   0.000000000000   0.000000000000
  0.000000000000   0.000000000000   0.000000000000
  0.000000000000   0.000000000000   0.000000000000
  0.000000000000   0.000000000000   0.000000000000
  0.000000000000   0.000000000000   0.000000000000
  0.000033921235   0.000095914844  -0.000037803385
  0.000093395013   0.000100737461   0.000015137520
  0.000046222665   0.000008581901   0.000013384952
  0.000060148674   0.000109981527  -0.000077186509
  0.000372276908   0.000269032697  -0.000887223434
 -0.076536426464  -0.082769107558   0.031744062668
 -0.028539719489  -0.006968006147   0.014768714844
  0.001304652297   0.001377261159  -0.001356617985
  0.000444862687  -0.000139606277  -0.000145659167
 -0.000017141448   0.000193198702   0.000241422317
 -0.000096049049   0.000177538760   0.000091291491
  0.001124150693  -0.000629446851   0.000429189711
 -0.001528293645  -0.000342851287   0.001004681923
  0.000308469824   0.000295463251   0.001848540325
  0.036410202235   0.012544884712  -0.014424276342
  0.068231004900   0.072674626118  -0.033051459752
 -0.000579398468   0.000870675441  -0.001680142813
 -0.000820084629   0.001771210888   0.001437923478
  0.000000000000   0.000000000000   0.000000000000
  0.000000000000   0.000000000000   0.000000000000
  0.000000000000   0.000000000000   0.000000000000
  0.000000000000   0.000000000000   0.000000000000
  0.000000000000   0.000000000000   0.000000000000
  0.000000000000   0.000000000000   0.000000000000
  0.000000000000   0.000000000000   0.000000000000
  0.000000000000   0.000000000000   0.000000000000
  0.000000000000   0.000000000000   0.000000000000
  0.000000000000   0.000000000000   0.000000000000
  0.000000000000   0.000000000000   0.000000000000
  0.000000000000   0.000000000000   0.000000000000
  0.000000000000   0.000000000000   0.000000000000
  0.000000000000   0.000000000000   0.000000000000
  0.000000000000   0.000000000000   0.000000000000
  0.000000000000   0.000000000000   0.000000000000
  0.000000000000   0.000000000000   0.000000000000
  0.000000000000   0.000000000000   0.000000000000
  0.000000000000   0.000000000000   0.000000000000
  0.000000000000   0.000000000000   0.000000000000
  0.000000000000   0.000000000000   0.000000000000
  0.000000000000   0.000000000000   0.000000000000
  0.000000000000   0.000000000000   0.000000000000
  0.000000000000   0.000000000000   0.000000000000
  0.000000000000   0.000000000000   0.000000000000
  0.000000000000   0.000000000000   0.000000000000
  0.000000000000   0.000000000000   0.000000000000
  0.000000000000   0.000000000000   0.000000000000
  0.000000000000   0.000000000000   0.000000000000
  0.000000000000   0.000000000000   0.000000000000
  0.000000000000   0.000000000000   0.000000000000
  0.000000000000   0.000000000000   0.000000000000
  0.000000000000   0.000000000000   0.000000000000
  0.000000000000   0.000000000000   0.000000000000
  0.000000000000   0.000000000000   0.000000000000
  0.000000000000   0.000000000000   0.000000000000
  0.000000000000   0.000000000000   0.000000000000
  0.000000000000   0.000000000000   0.000000000000
  0.000000000000   0.000000000000   0.000000000000
  0.000000000000   0.000000000000   0.000000000000
  0.000000000000   0.000000000000   0.000000000000
  0.000000000000   0.000000000000   0.000000000000
  0.000000000000   0.000000000000   0.000000000000
  0.000000000000   0.000000000000   0.000000000000
  0.000000000000   0.000000000000   0.000000000000
  0.000000000000   0.000000000000   0.000000000000
  0.000000000000   0.000000000000   0.000000000000
  0.000000000000   0.000000000000   0.000000000000
  0.000000000000   0.000000000000   0.000000000000
  0.000000000000   0.000000000000   0.000000000000
  0.000000000000   0.000000000000   0.000000000000
  0.000000000000   0.000000000000   0.000000000000
  0.000000000000   0.000000000000   0.000000000000
  0.000000000000   0.000000000000   0.000000000000
  0.000000000000   0.000000000000   0.000000000000
  0.000000000000   0.000000000000   0.000000000000
  0.000000000000   0.000000000000   0.000000000000
  0.000000000000   0.000000000000   0.000000000000
  0.000000000000   0.000000000000   0.000000000000
  0.000000000000   0.000000000000   0.000000000000
  0.000000000000   0.000000000000   0.000000000000
  0.000000000000   0.000000000000   0.000000000000
  0.000000000000   0.000000000000   0.000000000000
  0.000000000000   0.000000000000   0.000000000000
  0.000000000000   0.000000000000   0.000000000000
  0.000000000000   0.000000000000   0.000000000000
  0.000000000000   0.000000000000   0.000000000000
  0.000000000000   0.000000000000   0.000000000000
  0.000000000000   0.000000000000   0.000000000000
  0.000000000000   0.000000000000   0.000000000000
  0.000000000000   0.000000000000   0.000000000000
  0.000000000000   0.000000000000   0.000000000000
  0.000000000000   0.000000000000   0.000000000000
  0.000000000000   0.000000000000   0.000000000000
  0.000000000000   0.000000000000   0.000000000000
  0.000000000000   0.000000000000   0.000000000000
  0.000000000000   0.000000000000   0.000000000000
  0.000000000000   0.000000000000   0.000000000000
  0.000000000000   0.000000000000   0.000000000000
  0.000000000000   0.000000000000   0.000000000000
  0.000000000000   0.000000000000   0.000000000000
  0.000000000000   0.000000000000   0.000000000000
  0.000000000000   0.000000000000   0.000000000000
  0.000000000000   0.000000000000   0.000000000000
  0.000000000000   0.000000000000   0.000000000000
  0.000000000000   0.000000000000   0.000000000000
  0.000000000000   0.000000000000   0.000000000000
  0.000000000000   0.000000000000   0.000000000000
  0.000000000000   0.000000000000   0.000000000000
  0.000000000000   0.000000000000   0.000000000000
  0.000000000000   0.000000000000   0.000000000000
  0.000000000000   0.000000000000   0.000000000000
  0.000000000000   0.000000000000   0.000000000000
  0.000000000000   0.000000000000   0.000000000000
  0.000000000000   0.000000000000   0.000000000000
  0.000000000000   0.000000000000   0.000000000000
  0.000000000000   0.000000000000   0.000000000000
  0.000000000000   0.000000000000   0.000000000000
  0.000000000000   0.000000000000   0.000000000000
  0.000000000000   0.000000000000   0.000000000000
  0.000000000000   0.000000000000   0.000000000000
  0.000000000000   0.000000000000   0.000000000000
  0.000000000000   0.000000000000   0.000000000000
  0.000000000000   0.000000000000   0.000000000000
  0.000000000000   0.000000000000   0.000000000000
  0.000000000000   0.000000000000   0.000000000000
  0.000000000000   0.000000000000   0.000000000000
  0.000000000000   0.000000000000   0.000000000000
  0.000000000000   0.000000000000   0.000000000000
  0.000000000000   0.000000000000   0.000000000000
  0.000000000000   0.000000000000   0.000000000000
  0.000000000000   0.000000000000   0.000000000000
  0.000000000000   0.000000000000   0.000000000000
  0.000000000000   0.000000000000   0.000000000000
  0.000000000000   0.000000000000   0.000000000000
  0.000000000000   0.000000000000   0.000000000000
  0.000000000000   0.000000000000   0.000000000000
  0.000000000000   0.000000000000   0.000000000000
  0.000000000000   0.000000000000   0.000000000000
  0.000000000000   0.000000000000   0.000000000000
  0.000000000000   0.000000000000   0.000000000000
  0.000000000000   0.000000000000   0.000000000000
  0.000000000000   0.000000000000   0.000000000000
  0.000000000000   0.000000000000   0.000000000000
  0.000000000000   0.000000000000   0.000000000000
  0.000000000000   0.000000000000   0.000000000000
  0.000000000000   0.000000000000   0.000000000000
  0.000000000000   0.000000000000   0.000000000000
  0.000000000000   0.000000000000   0.000000000000
  0.000000000000   0.000000000000   0.000000000000
  0.000000000000   0.000000000000   0.000000000000
  0.000000000000   0.000000000000   0.000000000000
  0.000000000000   0.000000000000   0.000000000000
  0.000000000000   0.000000000000   0.000000000000
  0.000000000000   0.000000000000   0.000000000000
  0.000000000000   0.000000000000   0.000000000000
  0.000000000000   0.000000000000   0.000000000000
  0.000000000000   0.000000000000   0.000000000000
  0.000000000000   0.000000000000   0.000000000000
  0.000000000000   0.000000000000   0.000000000000
  0.000000000000   0.000000000000   0.000000000000
  0.000000000000   0.000000000000   0.000000000000
  0.000000000000   0.000000000000   0.000000000000
  0.000000000000   0.000000000000   0.000000000000
  0.000000000000   0.000000000000   0.000000000000
  0.000000000000   0.000000000000   0.000000000000
  0.000000000000   0.000000000000   0.000000000000
  0.000000000000   0.000000000000   0.000000000000
  0.000000000000   0.000000000000   0.000000000000
  0.000000000000   0.000000000000   0.000000000000
  0.000000000000   0.000000000000   0.000000000000
  0.000000000000   0.000000000000   0.000000000000
  0.000000000000   0.000000000000   0.000000000000
  0.000000000000   0.000000000000   0.000000000000
  0.000000000000   0.000000000000   0.000000000000
  0.000000000000   0.000000000000   0.000000000000
  0.000000000000   0.000000000000   0.000000000000
  0.000000000000   0.000000000000   0.000000000000
  0.000000000000   0.000000000000   0.000000000000
  0.000000000000   0.000000000000   0.000000000000
  0.000000000000   0.000000000000   0.000000000000
  0.000000000000   0.000000000000   0.000000000000
  0.000000000000   0.000000000000   0.000000000000
  0.000000000000   0.000000000000   0.000000000000
  0.000000000000   0.000000000000   0.000000000000
  0.000000000000   0.000000000000   0.000000000000
  0.000000000000   0.000000000000   0.000000000000
  0.000000000000   0.000000000000   0.000000000000
  0.000000000000   0.000000000000   0.000000000000
  0.000000000000   0.000000000000   0.000000000000
  0.000000000000   0.000000000000   0.000000000000
  0.000000000000   0.000000000000   0.000000000000
  0.000000000000   0.000000000000   0.000000000000
  0.000000000000   0.000000000000   0.000000000000
  0.000000000000   0.000000000000   0.000000000000
  0.000000000000   0.000000000000   0.000000000000
  0.000000000000   0.000000000000   0.000000000000
  0.000000000000   0.000000000000   0.000000000000
  0.000000000000   0.000000000000   0.000000000000
  0.000000000000   0.000000000000   0.000000000000
  0.000000000000   0.000000000000   0.000000000000
  0.000000000000   0.000000000000   0.000000000000
  0.000000000000   0.000000000000   0.000000000000
  0.000000000000   0.000000000000   0.000000000000
  0.000000000000   0.000000000000   0.000000000000
  0.000000000000   0.000000000000   0.000000000000
  0.000000000000   0.000000000000   0.000000000000
  0.000000000000   0.000000000000   0.000000000000
  0.000000000000   0.000000000000   0.000000000000
  0.000000000000   0.000000000000   0.000000000000
  0.000000000000   0.000000000000   0.000000000000
  0.000000000000   0.000000000000   0.000000000000
  103    3  0.0000  0.0000  0.0150
  0.000000000000   0.000000000000   0.000000000000
  0.000000000000   0.000000000000   0.000000000000
  0.000000000000   0.000000000000   0.000000000000
  0.000000000000   0.000000000000   0.000000000000
  0.000000000000   0.000000000000   0.000000000000
  0.000000000000   0.000000000000   0.000000000000
  0.000000000000   0.000000000000   0.000000000000
  0.000000000000   0.000000000000   0.000000000000
  0.000000000000   0.000000000000   0.000000000000
  0.000000000000   0.000000000000   0.000000000000
  0.000000000000   0.000000000000   0.000000000000
  0.000000000000   0.000000000000   0.000000000000
  0.000000000000   0.000000000000   0.000000000000
  0.000000000000   0.000000000000   0.000000000000
  0.000000000000   0.000000000000   0.000000000000
  0.000000000000   0.000000000000   0.000000000000
  0.000000000000   0.000000000000   0.000000000000
  0.000000000000   0.000000000000   0.000000000000
  0.000000000000   0.000000000000   0.000000000000
  0.000000000000   0.000000000000   0.000000000000
  0.000000000000   0.000000000000   0.000000000000
  0.000000000000   0.000000000000   0.000000000000
  0.000000000000   0.000000000000   0.000000000000
  0.000000000000   0.000000000000   0.000000000000
  0.000000000000   0.000000000000   0.000000000000
  0.000000000000   0.000000000000   0.000000000000
  0.000000000000   0.000000000000   0.000000000000
  0.000000000000   0.000000000000   0.000000000000
  0.000000000000   0.000000000000   0.000000000000
  0.000000000000   0.000000000000   0.000000000000
  0.000000000000   0.000000000000   0.000000000000
  0.000000000000   0.000000000000   0.000000000000
  0.000000000000   0.000000000000   0.000000000000
  0.000000000000   0.000000000000   0.000000000000
  0.000000000000   0.000000000000   0.000000000000
  0.000000000000   0.000000000000   0.000000000000
  0.000000000000   0.000000000000   0.000000000000
  0.000000000000   0.000000000000   0.000000000000
  0.000000000000   0.000000000000   0.000000000000
  0.000000000000   0.000000000000   0.000000000000
  0.000000000000   0.000000000000   0.000000000000
  0.000000000000   0.000000000000   0.000000000000
  0.000000000000   0.000000000000   0.000000000000
  0.000000000000   0.000000000000   0.000000000000
  0.000000000000   0.000000000000   0.000000000000
  0.000000000000   0.000000000000   0.000000000000
  0.000000000000   0.000000000000   0.000000000000
  0.000000000000   0.000000000000   0.000000000000
  0.000000000000   0.000000000000   0.000000000000
  0.000000000000   0.000000000000   0.000000000000
  0.000000000000   0.000000000000   0.000000000000
  0.000000000000   0.000000000000   0.000000000000
  0.000000000000   0.000000000000   0.000000000000
  0.000000000000   0.000000000000   0.000000000000
  0.000000000000   0.000000000000   0.000000000000
  0.000000000000   0.000000000000   0.000000000000
  0.000000000000   0.000000000000   0.000000000000
  0.000000000000   0.000000000000   0.000000000000
  0.000000000000   0.000000000000   0.000000000000
  0.000000000000   0.000000000000   0.000000000000
  0.000000000000   0.000000000000   0.000000000000
  0.000000000000   0.000000000000   0.000000000000
  0.000000000000   0.000000000000   0.000000000000
  0.000000000000   0.000000000000   0.000000000000
  0.000000000000   0.000000000000   0.000000000000
  0.000000000000   0.000000000000   0.000000000000
  0.000000000000   0.000000000000   0.000000000000
  0.000000000000   0.000000000000   0.000000000000
  0.000000000000   0.000000000000   0.000000000000
  0.000000000000   0.000000000000   0.000000000000
  0.000000000000   0.000000000000   0.000000000000
  0.000000000000   0.000000000000   0.000000000000
  0.000000000000   0.000000000000   0.000000000000
  0.000000000000   0.000000000000   0.000000000000
  0.000000000000   0.000000000000   0.000000000000
  0.000000000000   0.000000000000   0.000000000000
  0.000000000000   0.000000000000   0.000000000000
  0.000000000000   0.000000000000   0.000000000000
  0.000000000000   0.000000000000   0.000000000000
  0.000000000000   0.000000000000   0.000000000000
  0.000000000000   0.000000000000   0.000000000000
  0.000000000000   0.000000000000   0.000000000000
  0.000000000000   0.000000000000   0.000000000000
  0.000000000000   0.000000000000   0.000000000000
  0.000000000000   0.000000000000   0.000000000000
  0.000000000000   0.000000000000   0.000000000000
  0.000000000000   0.000000000000   0.000000000000
  0.000000000000   0.000000000000   0.000000000000
  0.000000000000   0.000000000000   0.000000000000
  0.000000000000   0.000000000000   0.000000000000
  0.000000000000   0.000000000000   0.000000000000
  0.000000000000   0.000000000000   0.000000000000
  0.000000000000   0.000000000000   0.000000000000
  0.000000000000   0.000000000000   0.000000000000
  0.000000000000   0.000000000000   0.000000000000
  0.000000000000   0.000000000000   0.000000000000
  0.000000000000   0.000000000000   0.000000000000
  0.000000074073   0.000039699321  -0.000004479445
  0.000046140593   0.000023896020   0.000018763566
  0.000026822548  -0.000003882019   0.000020039678
 -0.000025698152   0.000062128109  -0.000036374383
 -0.000053319266  -0.000199835886  -0.000072242842
  0.147478630145   0.031346777898  -0.128786993807
  0.010715659895   0.002813893334  -0.003417646112
 -0.040463699486  -0.008013838194   0.017969786977
  0.000568892067  -0.000057366946  -0.000259344218
  0.000121938999   0.000083616867   0.000101044867
  0.000001203941   0.000036398291  -0.000028617849
 -0.000197887137   0.000466221086  -0.000387069302
  0.000257499621   0.000387777554   0.000728034277
  0.000129724220  -0.001241605652  -0.000838357439
  0.016174713192   0.003791240325  -0.006214654094
 -0.133750957115  -0.030563601740   0.117815677089
  0.000786375668   0.002131404364   0.001205559211
 -0.000805262621  -0.000595333494   0.001118856252
  0.000000000000   0.000000000000   0.000000000000
  0.000000000000   0.000000000000   0.000000000000
  0.000000000000   0.000000000000   0.000000000000
  0.000000000000   0.000000000000   0.000000000000
  0.000000000000   0.000000000000   0.000000000000
  0.000000000000   0.000000000000   0.000000000000
  0.000000000000   0.000000000000   0.000000000000
  0.000000000000   0.000000000000   0.000000000000
  0.000000000000   0.000000000000   0.000000000000
  0.000000000000   0.000000000000   0.000000000000
  0.000000000000   0.000000000000   0.000000000000
  0.000000000000   0.000000000000   0.000000000000
  0.000000000000   0.000000000000   0.000000000000
  0.000000000000   0.000000000000   0.000000000000
  0.000000000000   0.000000000000   0.000000000000
  0.000000000000   0.000000000000   0.000000000000
  0.000000000000   0.000000000000   0.000000000000
  0.000000000000   0.000000000000   0.000000000000
  0.000000000000   0.000000000000   0.000000000000
  0.000000000000   0.000000000000   0.000000000000
  0.000000000000   0.000000000000   0.000000000000
  0.000000000000   0.000000000000   0.000000000000
  0.000000000000   0.000000000000   0.000000000000
  0.000000000000   0.000000000000   0.000000000000
  0.000000000000   0.000000000000   0.000000000000
  0.000000000000   0.000000000000   0.000000000000
  0.000000000000   0.000000000000   0.000000000000
  0.000000000000   0.000000000000   0.000000000000
  0.000000000000   0.000000000000   0.000000000000
  0.000000000000   0.000000000000   0.000000000000
  0.000000000000   0.000000000000   0.000000000000
  0.000000000000   0.000000000000   0.000000000000
  0.000000000000   0.000000000000   0.000000000000
  0.000000000000   0.000000000000   0.000000000000
  0.000000000000   0.000000000000   0.000000000000
  0.000000000000   0.000000000000   0.000000000000
  0.000000000000   0.000000000000   0.000000000000
  0.000000000000   0.000000000000   0.000000000000
  0.000000000000   0.000000000000   0.000000000000
  0.000000000000   0.000000000000   0.000000000000
  0.000000000000   0.000000000000   0.000000000000
  0.000000000000   0.000000000000   0.000000000000
  0.000000000000   0.000000000000   0.000000000000
  0.000000000000   0.000000000000   0.000000000000
  0.000000000000   0.000000000000   0.000000000000
  0.000000000000   0.000000000000   0.000000000000
  0.000000000000   0.000000000000   0.000000000000
  0.000000000000   0.000000000000   0.000000000000
  0.000000000000   0.000000000000   0.000000000000
  0.000000000000   0.000000000000   0.000000000000
  0.000000000000   0.000000000000   0.000000000000
  0.000000000000   0.000000000000   0.000000000000
  0.000000000000   0.000000000000   0.000000000000
  0.000000000000   0.000000000000   0.000000000000
  0.000000000000   0.000000000000   0.000000000000
  0.000000000000   0.000000000000   0.000000000000
  0.000000000000   0.000000000000   0.000000000000
  0.000000000000   0.000000000000   0.000000000000
  0.000000000000   0.000000000000   0.000000000000
  0.000000000000   0.000000000000   0.000000000000
  0.000000000000   0.000000000000   0.000000000000
  0.000000000000   0.000000000000   0.000000000000
  0.000000000000   0.000000000000   0.000000000000
  0.000000000000   0.000000000000   0.000000000000
  0.000000000000   0.000000000000   0.000000000000
  0.000000000000   0.000000000000   0.000000000000
  0.000000000000   0.000000000000   0.000000000000
  0.000000000000   0.000000000000   0.000000000000
  0.000000000000   0.000000000000   0.000000000000
  0.000000000000   0.000000000000   0.000000000000
  0.000000000000   0.000000000000   0.000000000000
  0.000000000000   0.000000000000   0.000000000000
  0.000000000000   0.000000000000   0.000000000000
  0.000000000000   0.000000000000   0.000000000000
  0.000000000000   0.000000000000   0.000000000000
  0.000000000000   0.000000000000   0.000000000000
  0.000000000000   0.000000000000   0.000000000000
  0.000000000000   0.000000000000   0.000000000000
  0.000000000000   0.000000000000   0.000000000000
  0.000000000000   0.000000000000   0.000000000000
  0.000000000000   0.000000000000   0.000000000000
  0.000000000000   0.000000000000   0.000000000000
  0.000000000000   0.000000000000   0.000000000000
  0.000000000000   0.000000000000   0.000000000000
  0.000000000000   0.000000000000   0.000000000000
  0.000000000000   0.000000000000   0.000000000000
  0.000000000000   0.000000000000   0.000000000000
  0.000000000000   0.000000000000   0.000000000000
  0.000000000000   0.000000000000   0.000000000000
  0.000000000000   0.000000000000   0.000000000000
  0.000000000000   0.000000000000   0.000000000000
  0.000000000000   0.000000000000   0.000000000000
  0.000000000000   0.000000000000   0.000000000000
  0.000000000000   0.000000000000   0.000000000000
  0.000000000000   0.000000000000   0.000000000000
  0.000000000000   0.000000000000   0.000000000000
  0.000000000000   0.000000000000   0.000000000000
  0.000000000000   0.000000000000   0.000000000000
  0.000000000000   0.000000000000   0.000000000000
  0.000000000000   0.000000000000   0.000000000000
  0.000000000000   0.000000000000   0.000000000000
  0.000000000000   0.000000000000   0.000000000000
  0.000000000000   0.000000000000   0.000000000000
  0.000000000000   0.000000000000   0.000000000000
  0.000000000000   0.000000000000   0.000000000000
  0.000000000000   0.000000000000   0.000000000000
  0.000000000000   0.000000000000   0.000000000000
  0.000000000000   0.000000000000   0.000000000000
  0.000000000000   0.000000000000   0.000000000000
  0.000000000000   0.000000000000   0.000000000000
  0.000000000000   0.000000000000   0.000000000000
  0.000000000000   0.000000000000   0.000000000000
  0.000000000000   0.000000000000   0.000000000000
  0.000000000000   0.000000000000   0.000000000000
  0.000000000000   0.000000000000   0.000000000000
  0.000000000000   0.000000000000   0.000000000000
  0.000000000000   0.000000000000   0.000000000000
  0.000000000000   0.000000000000   0.000000000000
  0.000000000000   0.000000000000   0.000000000000
  0.000000000000   0.000000000000   0.000000000000
  0.000000000000   0.000000000000   0.000000000000
  0.000000000000   0.000000000000   0.000000000000
  0.000000000000   0.000000000000   0.000000000000
  0.000000000000   0.000000000000   0.000000000000
  0.000000000000   0.000000000000   0.000000000000
  0.000000000000   0.000000000000   0.000000000000
  0.000000000000   0.000000000000   0.000000000000
  0.000000000000   0.000000000000   0.000000000000
  0.000000000000   0.000000000000   0.000000000000
  0.000000000000   0.000000000000   0.000000000000
  0.000000000000   0.000000000000   0.000000000000
  0.000000000000   0.000000000000   0.000000000000
  0.000000000000   0.000000000000   0.000000000000
  0.000000000000   0.000000000000   0.000000000000
  0.000000000000   0.000000000000   0.000000000000
  0.000000000000   0.000000000000   0.000000000000
  0.000000000000   0.000000000000   0.000000000000
  0.000000000000   0.000000000000   0.000000000000
  0.000000000000   0.000000000000   0.000000000000
  0.000000000000   0.000000000000   0.000000000000
  0.000000000000   0.000000000000   0.000000000000
  0.000000000000   0.000000000000   0.000000000000
  0.000000000000   0.000000000000   0.000000000000
  0.000000000000   0.000000000000   0.000000000000
  0.000000000000   0.000000000000   0.000000000000
  0.000000000000   0.000000000000   0.000000000000
  0.000000000000   0.000000000000   0.000000000000
  0.000000000000   0.000000000000   0.000000000000
  0.000000000000   0.000000000000   0.000000000000
  0.000000000000   0.000000000000   0.000000000000
  0.000000000000   0.000000000000   0.000000000000
  0.000000000000   0.000000000000   0.000000000000
  0.000000000000   0.000000000000   0.000000000000
  0.000000000000   0.000000000000   0.000000000000
  0.000000000000   0.000000000000   0.000000000000
  0.000000000000   0.000000000000   0.000000000000
  0.000000000000   0.000000000000   0.000000000000
  0.000000000000   0.000000000000   0.000000000000
  0.000000000000   0.000000000000   0.000000000000
  0.000000000000   0.000000000000   0.000000000000
  0.000000000000   0.000000000000   0.000000000000
  0.000000000000   0.000000000000   0.000000000000
  0.000000000000   0.000000000000   0.000000000000
  0.000000000000   0.000000000000   0.000000000000
  0.000000000000   0.000000000000   0.000000000000
  0.000000000000   0.000000000000   0.000000000000
  0.000000000000   0.000000000000   0.000000000000
  0.000000000000   0.000000000000   0.000000000000
  0.000000000000   0.000000000000   0.000000000000
  0.000000000000   0.000000000000   0.000000000000
  0.000000000000   0.000000000000   0.000000000000
  0.000000000000   0.000000000000   0.000000000000
  0.000000000000   0.000000000000   0.000000000000
  0.000000000000   0.000000000000   0.000000000000
  0.000000000000   0.000000000000   0.000000000000
  0.000000000000   0.000000000000   0.000000000000
  0.000000000000   0.000000000000   0.000000000000
  0.000000000000   0.000000000000   0.000000000000
  0.000000000000   0.000000000000   0.000000000000
  0.000000000000   0.000000000000   0.000000000000
  0.000000000000   0.000000000000   0.000000000000
  0.000000000000   0.000000000000   0.000000000000
  0.000000000000   0.000000000000   0.000000000000
  0.000000000000   0.000000000000   0.000000000000
  0.000000000000   0.000000000000   0.000000000000
  0.000000000000   0.000000000000   0.000000000000
  0.000000000000   0.000000000000   0.000000000000
  0.000000000000   0.000000000000   0.000000000000
  0.000000000000   0.000000000000   0.000000000000
  0.000000000000   0.000000000000   0.000000000000
  0.000000000000   0.000000000000   0.000000000000
  0.000000000000   0.000000000000   0.000000000000
  104    1  0.0150  0.0000  0.0000
  0.000000000000   0.000000000000   0.000000000000
  0.000000000000   0.000000000000   0.000000000000
  0.000000000000   0.000000000000   0.000000000000
  0.000000000000   0.000000000000   0.000000000000
  0.000000000000   0.000000000000   0.000000000000
  0.000000000000   0.000000000000   0.000000000000
  0.000000000000   0.000000000000   0.000000000000
  0.000000000000   0.000000000000   0.000000000000
  0.000000000000   0.000000000000   0.000000000000
  0.000000000000   0.000000000000   0.000000000000
  0.000000000000   0.000000000000   0.000000000000
  0.000000000000   0.000000000000   0.000000000000
  0.000000000000   0.000000000000   0.000000000000
  0.000000000000   0.000000000000   0.000000000000
  0.000000000000   0.000000000000   0.000000000000
  0.000000000000   0.000000000000   0.000000000000
  0.000000000000   0.000000000000   0.000000000000
  0.000000000000   0.000000000000   0.000000000000
  0.000000000000   0.000000000000   0.000000000000
  0.000000000000   0.000000000000   0.000000000000
  0.000000000000   0.000000000000   0.000000000000
  0.000000000000   0.000000000000   0.000000000000
  0.000000000000   0.000000000000   0.000000000000
  0.000000000000   0.000000000000   0.000000000000
  0.000000000000   0.000000000000   0.000000000000
  0.000000000000   0.000000000000   0.000000000000
  0.000000000000   0.000000000000   0.000000000000
  0.000000000000   0.000000000000   0.000000000000
  0.000000000000   0.000000000000   0.000000000000
  0.000000000000   0.000000000000   0.000000000000
  0.000000000000   0.000000000000   0.000000000000
  0.000000000000   0.000000000000   0.000000000000
  0.000000000000   0.000000000000   0.000000000000
  0.000000000000   0.000000000000   0.000000000000
  0.000000000000   0.000000000000   0.000000000000
  0.000000000000   0.000000000000   0.000000000000
  0.000000000000   0.000000000000   0.000000000000
  0.000000000000   0.000000000000   0.000000000000
  0.000000000000   0.000000000000   0.000000000000
  0.000000000000   0.000000000000   0.000000000000
  0.000000000000   0.000000000000   0.000000000000
  0.000000000000   0.000000000000   0.000000000000
  0.000000000000   0.000000000000   0.000000000000
  0.000000000000   0.000000000000   0.000000000000
  0.000000000000   0.000000000000   0.000000000000
  0.000000000000   0.000000000000   0.000000000000
  0.000000000000   0.000000000000   0.000000000000
  0.000000000000   0.000000000000   0.000000000000
  0.000000000000   0.000000000000   0.000000000000
  0.000000000000   0.000000000000   0.000000000000
  0.000000000000   0.000000000000   0.000000000000
  0.000000000000   0.000000000000   0.000000000000
  0.000000000000   0.000000000000   0.000000000000
  0.000000000000   0.000000000000   0.000000000000
  0.000000000000   0.000000000000   0.000000000000
  0.000000000000   0.000000000000   0.000000000000
  0.000000000000   0.000000000000   0.000000000000
  0.000000000000   0.000000000000   0.000000000000
  0.000000000000   0.000000000000   0.000000000000
  0.000000000000   0.000000000000   0.000000000000
  0.000000000000   0.000000000000   0.000000000000
  0.000000000000   0.000000000000   0.000000000000
  0.000000000000   0.000000000000   0.000000000000
  0.000000000000   0.000000000000   0.000000000000
  0.000000000000   0.000000000000   0.000000000000
  0.000000000000   0.000000000000   0.000000000000
  0.000000000000   0.000000000000   0.000000000000
  0.000000000000   0.000000000000   0.000000000000
  0.000000000000   0.000000000000   0.000000000000
  0.000000000000   0.000000000000   0.000000000000
  0.000000000000   0.000000000000   0.000000000000
  0.000000000000   0.000000000000   0.000000000000
  0.000000000000   0.000000000000   0.000000000000
  0.000000000000   0.000000000000   0.000000000000
  0.000000000000   0.000000000000   0.000000000000
  0.000000000000   0.000000000000   0.000000000000
  0.000000000000   0.000000000000   0.000000000000
  0.000000000000   0.000000000000   0.000000000000
  0.000000000000   0.000000000000   0.000000000000
  0.000000000000   0.000000000000   0.000000000000
  0.000000000000   0.000000000000   0.000000000000
  0.000000000000   0.000000000000   0.000000000000
  0.000000000000   0.000000000000   0.000000000000
  0.000000000000   0.000000000000   0.000000000000
  0.000000000000   0.000000000000   0.000000000000
  0.000000000000   0.000000000000   0.000000000000
  0.000000000000   0.000000000000   0.000000000000
  0.000000000000   0.000000000000   0.000000000000
  0.000000000000   0.000000000000   0.000000000000
  0.000000000000   0.000000000000   0.000000000000
  0.000000000000   0.000000000000   0.000000000000
  0.000000000000   0.000000000000   0.000000000000
  0.000000000000   0.000000000000   0.000000000000
  0.000000000000   0.000000000000   0.000000000000
  0.000000000000   0.000000000000   0.000000000000
  0.000000000000   0.000000000000   0.000000000000
  0.000000000000   0.000000000000   0.000000000000
  0.000005188276  -0.000013491417   0.000036765435
 -0.000003858090  -0.000033937111  -0.000012542810
 -0.000013752057   0.000006929217  -0.000000440487
  0.000165377915   0.000203236190  -0.000046702233
  0.000027438272   0.000196912653  -0.000070544703
  0.024576542915  -0.028782087954   0.010503338203
 -0.227669842071   0.188059122100  -0.062923914616
  0.003868583162  -0.001516255694   0.000063602525
 -0.000192153608  -0.000650698324  -0.000317637962
  0.000058901407  -0.000066827690  -0.000106887244
  0.000070611695   0.000027227645  -0.000070933752
 -0.000459326316   0.000235980111  -0.000218237725
  0.000003795099   0.001133509828  -0.000042852385
  0.000253647350   0.002209277932   0.001545157608
 -0.009721546885   0.015072294544  -0.004202183352
  0.209965056107  -0.176843909025   0.056416902355
 -0.000683133951   0.001524083012  -0.000272763528
 -0.000280009069  -0.000320326487  -0.000197762857
  0.000000000000   0.000000000000   0.000000000000
  0.000000000000   0.000000000000   0.000000000000
  0.000000000000   0.000000000000   0.000000000000
  0.000000000000   0.000000000000   0.000000000000
  0.000000000000   0.000000000000   0.000000000000
  0.000000000000   0.000000000000   0.000000000000
  0.000000000000   0.000000000000   0.000000000000
  0.000000000000   0.000000000000   0.000000000000
  0.000000000000   0.000000000000   0.000000000000
  0.000000000000   0.000000000000   0.000000000000
  0.000000000000   0.000000000000   0.000000000000
  0.000000000000   0.000000000000   0.000000000000
  0.000000000000   0.000000000000   0.000000000000
  0.000000000000   0.000000000000   0.000000000000
  0.000000000000   0.000000000000   0.000000000000
  0.000000000000   0.000000000000   0.000000000000
  0.000000000000   0.000000000000   0.000000000000
  0.000000000000   0.000000000000   0.000000000000
  0.000000000000   0.000000000000   0.000000000000
  0.000000000000   0.000000000000   0.000000000000
  0.000000000000   0.000000000000   0.000000000000
  0.000000000000   0.000000000000   0.000000000000
  0.000000000000   0.000000000000   0.000000000000
  0.000000000000   0.000000000000   0.000000000000
  0.000000000000   0.000000000000   0.000000000000
  0.000000000000   0.000000000000   0.000000000000
  0.000000000000   0.000000000000   0.000000000000
  0.000000000000   0.000000000000   0.000000000000
  0.000000000000   0.000000000000   0.000000000000
  0.000000000000   0.000000000000   0.000000000000
  0.000000000000   0.000000000000   0.000000000000
  0.000000000000   0.000000000000   0.000000000000
  0.000000000000   0.000000000000   0.000000000000
  0.000000000000   0.000000000000   0.000000000000
  0.000000000000   0.000000000000   0.000000000000
  0.000000000000   0.000000000000   0.000000000000
  0.000000000000   0.000000000000   0.000000000000
  0.000000000000   0.000000000000   0.000000000000
  0.000000000000   0.000000000000   0.000000000000
  0.000000000000   0.000000000000   0.000000000000
  0.000000000000   0.000000000000   0.000000000000
  0.000000000000   0.000000000000   0.000000000000
  0.000000000000   0.000000000000   0.000000000000
  0.000000000000   0.000000000000   0.000000000000
  0.000000000000   0.000000000000   0.000000000000
  0.000000000000   0.000000000000   0.000000000000
  0.000000000000   0.000000000000   0.000000000000
  0.000000000000   0.000000000000   0.000000000000
  0.000000000000   0.000000000000   0.000000000000
  0.000000000000   0.000000000000   0.000000000000
  0.000000000000   0.000000000000   0.000000000000
  0.000000000000   0.000000000000   0.000000000000
  0.000000000000   0.000000000000   0.000000000000
  0.000000000000   0.000000000000   0.000000000000
  0.000000000000   0.000000000000   0.000000000000
  0.000000000000   0.000000000000   0.000000000000
  0.000000000000   0.000000000000   0.000000000000
  0.000000000000   0.000000000000   0.000000000000
  0.000000000000   0.000000000000   0.000000000000
  0.000000000000   0.000000000000   0.000000000000
  0.000000000000   0.000000000000   0.000000000000
  0.000000000000   0.000000000000   0.000000000000
  0.000000000000   0.000000000000   0.000000000000
  0.000000000000   0.000000000000   0.000000000000
  0.000000000000   0.000000000000   0.000000000000
  0.000000000000   0.000000000000   0.000000000000
  0.000000000000   0.000000000000   0.000000000000
  0.000000000000   0.000000000000   0.000000000000
  0.000000000000   0.000000000000   0.000000000000
  0.000000000000   0.000000000000   0.000000000000
  0.000000000000   0.000000000000   0.000000000000
  0.000000000000   0.000000000000   0.000000000000
  0.000000000000   0.000000000000   0.000000000000
  0.000000000000   0.000000000000   0.000000000000
  0.000000000000   0.000000000000   0.000000000000
  0.000000000000   0.000000000000   0.000000000000
  0.000000000000   0.000000000000   0.000000000000
  0.000000000000   0.000000000000   0.000000000000
  0.000000000000   0.000000000000   0.000000000000
  0.000000000000   0.000000000000   0.000000000000
  0.000000000000   0.000000000000   0.000000000000
  0.000000000000   0.000000000000   0.000000000000
  0.000000000000   0.000000000000   0.000000000000
  0.000000000000   0.000000000000   0.000000000000
  0.000000000000   0.000000000000   0.000000000000
  0.000000000000   0.000000000000   0.000000000000
  0.000000000000   0.000000000000   0.000000000000
  0.000000000000   0.000000000000   0.000000000000
  0.000000000000   0.000000000000   0.000000000000
  0.000000000000   0.000000000000   0.000000000000
  0.000000000000   0.000000000000   0.000000000000
  0.000000000000   0.000000000000   0.000000000000
  0.000000000000   0.000000000000   0.000000000000
  0.000000000000   0.000000000000   0.000000000000
  0.000000000000   0.000000000000   0.000000000000
  0.000000000000   0.000000000000   0.000000000000
  0.000000000000   0.000000000000   0.000000000000
  0.000000000000   0.000000000000   0.000000000000
  0.000000000000   0.000000000000   0.000000000000
  0.000000000000   0.000000000000   0.000000000000
  0.000000000000   0.000000000000   0.000000000000
  0.000000000000   0.000000000000   0.000000000000
  0.000000000000   0.000000000000   0.000000000000
  0.000000000000   0.000000000000   0.000000000000
  0.000000000000   0.000000000000   0.000000000000
  0.000000000000   0.000000000000   0.000000000000
  0.000000000000   0.000000000000   0.000000000000
  0.000000000000   0.000000000000   0.000000000000
  0.000000000000   0.000000000000   0.000000000000
  0.000000000000   0.000000000000   0.000000000000
  0.000000000000   0.000000000000   0.000000000000
  0.000000000000   0.000000000000   0.000000000000
  0.000000000000   0.000000000000   0.000000000000
  0.000000000000   0.000000000000   0.000000000000
  0.000000000000   0.000000000000   0.000000000000
  0.000000000000   0.000000000000   0.000000000000
  0.000000000000   0.000000000000   0.000000000000
  0.000000000000   0.000000000000   0.000000000000
  0.000000000000   0.000000000000   0.000000000000
  0.000000000000   0.000000000000   0.000000000000
  0.000000000000   0.000000000000   0.000000000000
  0.000000000000   0.000000000000   0.000000000000
  0.000000000000   0.000000000000   0.000000000000
  0.000000000000   0.000000000000   0.000000000000
  0.000000000000   0.000000000000   0.000000000000
  0.000000000000   0.000000000000   0.000000000000
  0.000000000000   0.000000000000   0.000000000000
  0.000000000000   0.000000000000   0.000000000000
  0.000000000000   0.000000000000   0.000000000000
  0.000000000000   0.000000000000   0.000000000000
  0.000000000000   0.000000000000   0.000000000000
  0.000000000000   0.000000000000   0.000000000000
  0.000000000000   0.000000000000   0.000000000000
  0.000000000000   0.000000000000   0.000000000000
  0.000000000000   0.000000000000   0.000000000000
  0.000000000000   0.000000000000   0.000000000000
  0.000000000000   0.000000000000   0.000000000000
  0.000000000000   0.000000000000   0.000000000000
  0.000000000000   0.000000000000   0.000000000000
  0.000000000000   0.000000000000   0.000000000000
  0.000000000000   0.000000000000   0.000000000000
  0.000000000000   0.000000000000   0.000000000000
  0.000000000000   0.000000000000   0.000000000000
  0.000000000000   0.000000000000   0.000000000000
  0.000000000000   0.000000000000   0.000000000000
  0.000000000000   0.000000000000   0.000000000000
  0.000000000000   0.000000000000   0.000000000000
  0.000000000000   0.000000000000   0.000000000000
  0.000000000000   0.000000000000   0.000000000000
  0.000000000000   0.000000000000   0.000000000000
  0.000000000000   0.000000000000   0.000000000000
  0.000000000000   0.000000000000   0.000000000000
  0.000000000000   0.000000000000   0.000000000000
  0.000000000000   0.000000000000   0.000000000000
  0.000000000000   0.000000000000   0.000000000000
  0.000000000000   0.000000000000   0.000000000000
  0.000000000000   0.000000000000   0.000000000000
  0.000000000000   0.000000000000   0.000000000000
  0.000000000000   0.000000000000   0.000000000000
  0.000000000000   0.000000000000   0.000000000000
  0.000000000000   0.000000000000   0.000000000000
  0.000000000000   0.000000000000   0.000000000000
  0.000000000000   0.000000000000   0.000000000000
  0.000000000000   0.000000000000   0.000000000000
  0.000000000000   0.000000000000   0.000000000000
  0.000000000000   0.000000000000   0.000000000000
  0.000000000000   0.000000000000   0.000000000000
  0.000000000000   0.000000000000   0.000000000000
  0.000000000000   0.000000000000   0.000000000000
  0.000000000000   0.000000000000   0.000000000000
  0.000000000000   0.000000000000   0.000000000000
  0.000000000000   0.000000000000   0.000000000000
  0.000000000000   0.000000000000   0.000000000000
  0.000000000000   0.000000000000   0.000000000000
  0.000000000000   0.000000000000   0.000000000000
  0.000000000000   0.000000000000   0.000000000000
  0.000000000000   0.000000000000   0.000000000000
  0.000000000000   0.000000000000   0.000000000000
  0.000000000000   0.000000000000   0.000000000000
  0.000000000000   0.000000000000   0.000000000000
  0.000000000000   0.000000000000   0.000000000000
  0.000000000000   0.000000000000   0.000000000000
  0.000000000000   0.000000000000   0.000000000000
  0.000000000000   0.000000000000   0.000000000000
  0.000000000000   0.000000000000   0.000000000000
  0.000000000000   0.000000000000   0.000000000000
  0.000000000000   0.000000000000   0.000000000000
  0.000000000000   0.000000000000   0.000000000000
  0.000000000000   0.000000000000   0.000000000000
  0.000000000000   0.000000000000   0.000000000000
  0.000000000000   0.000000000000   0.000000000000
  0.000000000000   0.000000000000   0.000000000000
  104    2  0.0000  0.0150  0.0000
  0.000000000000   0.000000000000   0.000000000000
  0.000000000000   0.000000000000   0.000000000000
  0.000000000000   0.000000000000   0.000000000000
  0.000000000000   0.000000000000   0.000000000000
  0.000000000000   0.000000000000   0.000000000000
  0.000000000000   0.000000000000   0.000000000000
  0.000000000000   0.000000000000   0.000000000000
  0.000000000000   0.000000000000   0.000000000000
  0.000000000000   0.000000000000   0.000000000000
  0.000000000000   0.000000000000   0.000000000000
  0.000000000000   0.000000000000   0.000000000000
  0.000000000000   0.000000000000   0.000000000000
  0.000000000000   0.000000000000   0.000000000000
  0.000000000000   0.000000000000   0.000000000000
  0.000000000000   0.000000000000   0.000000000000
  0.000000000000   0.000000000000   0.000000000000
  0.000000000000   0.000000000000   0.000000000000
  0.000000000000   0.000000000000   0.000000000000
  0.000000000000   0.000000000000   0.000000000000
  0.000000000000   0.000000000000   0.000000000000
  0.000000000000   0.000000000000   0.000000000000
  0.000000000000   0.000000000000   0.000000000000
  0.000000000000   0.000000000000   0.000000000000
  0.000000000000   0.000000000000   0.000000000000
  0.000000000000   0.000000000000   0.000000000000
  0.000000000000   0.000000000000   0.000000000000
  0.000000000000   0.000000000000   0.000000000000
  0.000000000000   0.000000000000   0.000000000000
  0.000000000000   0.000000000000   0.000000000000
  0.000000000000   0.000000000000   0.000000000000
  0.000000000000   0.000000000000   0.000000000000
  0.000000000000   0.000000000000   0.000000000000
  0.000000000000   0.000000000000   0.000000000000
  0.000000000000   0.000000000000   0.000000000000
  0.000000000000   0.000000000000   0.000000000000
  0.000000000000   0.000000000000   0.000000000000
  0.000000000000   0.000000000000   0.000000000000
  0.000000000000   0.000000000000   0.000000000000
  0.000000000000   0.000000000000   0.000000000000
  0.000000000000   0.000000000000   0.000000000000
  0.000000000000   0.000000000000   0.000000000000
  0.000000000000   0.000000000000   0.000000000000
  0.000000000000   0.000000000000   0.000000000000
  0.000000000000   0.000000000000   0.000000000000
  0.000000000000   0.000000000000   0.000000000000
  0.000000000000   0.000000000000   0.000000000000
  0.000000000000   0.000000000000   0.000000000000
  0.000000000000   0.000000000000   0.000000000000
  0.000000000000   0.000000000000   0.000000000000
  0.000000000000   0.000000000000   0.000000000000
  0.000000000000   0.000000000000   0.000000000000
  0.000000000000   0.000000000000   0.000000000000
  0.000000000000   0.000000000000   0.000000000000
  0.000000000000   0.000000000000   0.000000000000
  0.000000000000   0.000000000000   0.000000000000
  0.000000000000   0.000000000000   0.000000000000
  0.000000000000   0.000000000000   0.000000000000
  0.000000000000   0.000000000000   0.000000000000
  0.000000000000   0.000000000000   0.000000000000
  0.000000000000   0.000000000000   0.000000000000
  0.000000000000   0.000000000000   0.000000000000
  0.000000000000   0.000000000000   0.000000000000
  0.000000000000   0.000000000000   0.000000000000
  0.000000000000   0.000000000000   0.000000000000
  0.000000000000   0.000000000000   0.000000000000
  0.000000000000   0.000000000000   0.000000000000
  0.000000000000   0.000000000000   0.000000000000
  0.000000000000   0.000000000000   0.000000000000
  0.000000000000   0.000000000000   0.000000000000
  0.000000000000   0.000000000000   0.000000000000
  0.000000000000   0.000000000000   0.000000000000
  0.000000000000   0.000000000000   0.000000000000
  0.000000000000   0.000000000000   0.000000000000
  0.000000000000   0.000000000000   0.000000000000
  0.000000000000   0.000000000000   0.000000000000
  0.000000000000   0.000000000000   0.000000000000
  0.000000000000   0.000000000000   0.000000000000
  0.000000000000   0.000000000000   0.000000000000
  0.000000000000   0.000000000000   0.000000000000
  0.000000000000   0.000000000000   0.000000000000
  0.000000000000   0.000000000000   0.000000000000
  0.000000000000   0.000000000000   0.000000000000
  0.000000000000   0.000000000000   0.000000000000
  0.000000000000   0.000000000000   0.000000000000
  0.000000000000   0.000000000000   0.000000000000
  0.000000000000   0.000000000000   0.000000000000
  0.000000000000   0.000000000000   0.000000000000
  0.000000000000   0.000000000000   0.000000000000
  0.000000000000   0.000000000000   0.000000000000
  0.000000000000   0.000000000000   0.000000000000
  0.000000000000   0.000000000000   0.000000000000
  0.000000000000   0.000000000000   0.000000000000
  0.000000000000   0.000000000000   0.000000000000
  0.000000000000   0.000000000000   0.000000000000
  0.000000000000   0.000000000000   0.000000000000
  0.000000000000   0.000000000000   0.000000000000
  0.000000000000   0.000000000000   0.000000000000
  0.000010458268  -0.000031192668  -0.000002935955
  0.000001366755   0.000053829689   0.000016403745
  0.000026477125   0.000030940805   0.000024136753
  0.000185544404   0.000611910519   0.000188633015
 -0.000011213936  -0.000209666387   0.000286902095
  0.005783302526  -0.006654417487   0.002818425490
  0.187850842872  -0.291999314325   0.067467951884
  0.000878228908   0.000661208031   0.000048838757
  0.000534608397  -0.000465613447   0.001638694420
 -0.000015199707  -0.000021124468   0.000026293372
 -0.000017205848  -0.000009065953   0.000209304821
  0.000210482448  -0.000615930244   0.000247354777
 -0.000902340960   0.000833961174  -0.001908280974
  0.003692627049   0.005303709967   0.004878383581
 -0.024803888080   0.031078575771  -0.010586114480
 -0.172698063307   0.263147700966  -0.061746859042
 -0.001912837529  -0.002572954215  -0.003582397839
  0.000765354347   0.000734990388  -0.000035367738
  0.000000000000   0.000000000000   0.000000000000
  0.000000000000   0.000000000000   0.000000000000
  0.000000000000   0.000000000000   0.000000000000
  0.000000000000   0.000000000000   0.000000000000
  0.000000000000   0.000000000000   0.000000000000
  0.000000000000   0.000000000000   0.000000000000
  0.000000000000   0.000000000000   0.000000000000
  0.000000000000   0.000000000000   0.000000000000
  0.000000000000   0.000000000000   0.000000000000
  0.000000000000   0.000000000000   0.000000000000
  0.000000000000   0.000000000000   0.000000000000
  0.000000000000   0.000000000000   0.000000000000
  0.000000000000   0.000000000000   0.000000000000
  0.000000000000   0.000000000000   0.000000000000
  0.000000000000   0.000000000000   0.000000000000
  0.000000000000   0.000000000000   0.000000000000
  0.000000000000   0.000000000000   0.000000000000
  0.000000000000   0.000000000000   0.000000000000
  0.000000000000   0.000000000000   0.000000000000
  0.000000000000   0.000000000000   0.000000000000
  0.000000000000   0.000000000000   0.000000000000
  0.000000000000   0.000000000000   0.000000000000
  0.000000000000   0.000000000000   0.000000000000
  0.000000000000   0.000000000000   0.000000000000
  0.000000000000   0.000000000000   0.000000000000
  0.000000000000   0.000000000000   0.000000000000
  0.000000000000   0.000000000000   0.000000000000
  0.000000000000   0.000000000000   0.000000000000
  0.000000000000   0.000000000000   0.000000000000
  0.000000000000   0.000000000000   0.000000000000
  0.000000000000   0.000000000000   0.000000000000
  0.000000000000   0.000000000000   0.000000000000
  0.000000000000   0.000000000000   0.000000000000
  0.000000000000   0.000000000000   0.000000000000
  0.000000000000   0.000000000000   0.000000000000
  0.000000000000   0.000000000000   0.000000000000
  0.000000000000   0.000000000000   0.000000000000
  0.000000000000   0.000000000000   0.000000000000
  0.000000000000   0.000000000000   0.000000000000
  0.000000000000   0.000000000000   0.000000000000
  0.000000000000   0.000000000000   0.000000000000
  0.000000000000   0.000000000000   0.000000000000
  0.000000000000   0.000000000000   0.000000000000
  0.000000000000   0.000000000000   0.000000000000
  0.000000000000   0.000000000000   0.000000000000
  0.000000000000   0.000000000000   0.000000000000
  0.000000000000   0.000000000000   0.000000000000
  0.000000000000   0.000000000000   0.000000000000
  0.000000000000   0.000000000000   0.000000000000
  0.000000000000   0.000000000000   0.000000000000
  0.000000000000   0.000000000000   0.000000000000
  0.000000000000   0.000000000000   0.000000000000
  0.000000000000   0.000000000000   0.000000000000
  0.000000000000   0.000000000000   0.000000000000
  0.000000000000   0.000000000000   0.000000000000
  0.000000000000   0.000000000000   0.000000000000
  0.000000000000   0.000000000000   0.000000000000
  0.000000000000   0.000000000000   0.000000000000
  0.000000000000   0.000000000000   0.000000000000
  0.000000000000   0.000000000000   0.000000000000
  0.000000000000   0.000000000000   0.000000000000
  0.000000000000   0.000000000000   0.000000000000
  0.000000000000   0.000000000000   0.000000000000
  0.000000000000   0.000000000000   0.000000000000
  0.000000000000   0.000000000000   0.000000000000
  0.000000000000   0.000000000000   0.000000000000
  0.000000000000   0.000000000000   0.000000000000
  0.000000000000   0.000000000000   0.000000000000
  0.000000000000   0.000000000000   0.000000000000
  0.000000000000   0.000000000000   0.000000000000
  0.000000000000   0.000000000000   0.000000000000
  0.000000000000   0.000000000000   0.000000000000
  0.000000000000   0.000000000000   0.000000000000
  0.000000000000   0.000000000000   0.000000000000
  0.000000000000   0.000000000000   0.000000000000
  0.000000000000   0.000000000000   0.000000000000
  0.000000000000   0.000000000000   0.000000000000
  0.000000000000   0.000000000000   0.000000000000
  0.000000000000   0.000000000000   0.000000000000
  0.000000000000   0.000000000000   0.000000000000
  0.000000000000   0.000000000000   0.000000000000
  0.000000000000   0.000000000000   0.000000000000
  0.000000000000   0.000000000000   0.000000000000
  0.000000000000   0.000000000000   0.000000000000
  0.000000000000   0.000000000000   0.000000000000
  0.000000000000   0.000000000000   0.000000000000
  0.000000000000   0.000000000000   0.000000000000
  0.000000000000   0.000000000000   0.000000000000
  0.000000000000   0.000000000000   0.000000000000
  0.000000000000   0.000000000000   0.000000000000
  0.000000000000   0.000000000000   0.000000000000
  0.000000000000   0.000000000000   0.000000000000
  0.000000000000   0.000000000000   0.000000000000
  0.000000000000   0.000000000000   0.000000000000
  0.000000000000   0.000000000000   0.000000000000
  0.000000000000   0.000000000000   0.000000000000
  0.000000000000   0.000000000000   0.000000000000
  0.000000000000   0.000000000000   0.000000000000
  0.000000000000   0.000000000000   0.000000000000
  0.000000000000   0.000000000000   0.000000000000
  0.000000000000   0.000000000000   0.000000000000
  0.000000000000   0.000000000000   0.000000000000
  0.000000000000   0.000000000000   0.000000000000
  0.000000000000   0.000000000000   0.000000000000
  0.000000000000   0.000000000000   0.000000000000
  0.000000000000   0.000000000000   0.000000000000
  0.000000000000   0.000000000000   0.000000000000
  0.000000000000   0.000000000000   0.000000000000
  0.000000000000   0.000000000000   0.000000000000
  0.000000000000   0.000000000000   0.000000000000
  0.000000000000   0.000000000000   0.000000000000
  0.000000000000   0.000000000000   0.000000000000
  0.000000000000   0.000000000000   0.000000000000
  0.000000000000   0.000000000000   0.000000000000
  0.000000000000   0.000000000000   0.000000000000
  0.000000000000   0.000000000000   0.000000000000
  0.000000000000   0.000000000000   0.000000000000
  0.000000000000   0.000000000000   0.000000000000
  0.000000000000   0.000000000000   0.000000000000
  0.000000000000   0.000000000000   0.000000000000
  0.000000000000   0.000000000000   0.000000000000
  0.000000000000   0.000000000000   0.000000000000
  0.000000000000   0.000000000000   0.000000000000
  0.000000000000   0.000000000000   0.000000000000
  0.000000000000   0.000000000000   0.000000000000
  0.000000000000   0.000000000000   0.000000000000
  0.000000000000   0.000000000000   0.000000000000
  0.000000000000   0.000000000000   0.000000000000
  0.000000000000   0.000000000000   0.000000000000
  0.000000000000   0.000000000000   0.000000000000
  0.000000000000   0.000000000000   0.000000000000
  0.000000000000   0.000000000000   0.000000000000
  0.000000000000   0.000000000000   0.000000000000
  0.000000000000   0.000000000000   0.000000000000
  0.000000000000   0.000000000000   0.000000000000
  0.000000000000   0.000000000000   0.000000000000
  0.000000000000   0.000000000000   0.000000000000
  0.000000000000   0.000000000000   0.000000000000
  0.000000000000   0.000000000000   0.000000000000
  0.000000000000   0.000000000000   0.000000000000
  0.000000000000   0.000000000000   0.000000000000
  0.000000000000   0.000000000000   0.000000000000
  0.000000000000   0.000000000000   0.000000000000
  0.000000000000   0.000000000000   0.000000000000
  0.000000000000   0.000000000000   0.000000000000
  0.000000000000   0.000000000000   0.000000000000
  0.000000000000   0.000000000000   0.000000000000
  0.000000000000   0.000000000000   0.000000000000
  0.000000000000   0.000000000000   0.000000000000
  0.000000000000   0.000000000000   0.000000000000
  0.000000000000   0.000000000000   0.000000000000
  0.000000000000   0.000000000000   0.000000000000
  0.000000000000   0.000000000000   0.000000000000
  0.000000000000   0.000000000000   0.000000000000
  0.000000000000   0.000000000000   0.000000000000
  0.000000000000   0.000000000000   0.000000000000
  0.000000000000   0.000000000000   0.000000000000
  0.000000000000   0.000000000000   0.000000000000
  0.000000000000   0.000000000000   0.000000000000
  0.000000000000   0.000000000000   0.000000000000
  0.000000000000   0.000000000000   0.000000000000
  0.000000000000   0.000000000000   0.000000000000
  0.000000000000   0.000000000000   0.000000000000
  0.000000000000   0.000000000000   0.000000000000
  0.000000000000   0.000000000000   0.000000000000
  0.000000000000   0.000000000000   0.000000000000
  0.000000000000   0.000000000000   0.000000000000
  0.000000000000   0.000000000000   0.000000000000
  0.000000000000   0.000000000000   0.000000000000
  0.000000000000   0.000000000000   0.000000000000
  0.000000000000   0.000000000000   0.000000000000
  0.000000000000   0.000000000000   0.000000000000
  0.000000000000   0.000000000000   0.000000000000
  0.000000000000   0.000000000000   0.000000000000
  0.000000000000   0.000000000000   0.000000000000
  0.000000000000   0.000000000000   0.000000000000
  0.000000000000   0.000000000000   0.000000000000
  0.000000000000   0.000000000000   0.000000000000
  0.000000000000   0.000000000000   0.000000000000
  0.000000000000   0.000000000000   0.000000000000
  0.000000000000   0.000000000000   0.000000000000
  0.000000000000   0.000000000000   0.000000000000
  0.000000000000   0.000000000000   0.000000000000
  0.000000000000   0.000000000000   0.000000000000
  0.000000000000   0.000000000000   0.000000000000
  0.000000000000   0.000000000000   0.000000000000
  0.000000000000   0.000000000000   0.000000000000
  0.000000000000   0.000000000000   0.000000000000
  0.000000000000   0.000000000000   0.000000000000
  0.000000000000   0.000000000000   0.000000000000
  0.000000000000   0.000000000000   0.000000000000
  0.000000000000   0.000000000000   0.000000000000
  104    3  0.0000  0.0000  0.0150
  0.000000000000   0.000000000000   0.000000000000
  0.000000000000   0.000000000000   0.000000000000
  0.000000000000   0.000000000000   0.000000000000
  0.000000000000   0.000000000000   0.000000000000
  0.000000000000   0.000000000000   0.000000000000
  0.000000000000   0.000000000000   0.000000000000
  0.000000000000   0.000000000000   0.000000000000
  0.000000000000   0.000000000000   0.000000000000
  0.000000000000   0.000000000000   0.000000000000
  0.000000000000   0.000000000000   0.000000000000
  0.000000000000   0.000000000000   0.000000000000
  0.000000000000   0.000000000000   0.000000000000
  0.000000000000   0.000000000000   0.000000000000
  0.000000000000   0.000000000000   0.000000000000
  0.000000000000   0.000000000000   0.000000000000
  0.000000000000   0.000000000000   0.000000000000
  0.000000000000   0.000000000000   0.000000000000
  0.000000000000   0.000000000000   0.000000000000
  0.000000000000   0.000000000000   0.000000000000
  0.000000000000   0.000000000000   0.000000000000
  0.000000000000   0.000000000000   0.000000000000
  0.000000000000   0.000000000000   0.000000000000
  0.000000000000   0.000000000000   0.000000000000
  0.000000000000   0.000000000000   0.000000000000
  0.000000000000   0.000000000000   0.000000000000
  0.000000000000   0.000000000000   0.000000000000
  0.000000000000   0.000000000000   0.000000000000
  0.000000000000   0.000000000000   0.000000000000
  0.000000000000   0.000000000000   0.000000000000
  0.000000000000   0.000000000000   0.000000000000
  0.000000000000   0.000000000000   0.000000000000
  0.000000000000   0.000000000000   0.000000000000
  0.000000000000   0.000000000000   0.000000000000
  0.000000000000   0.000000000000   0.000000000000
  0.000000000000   0.000000000000   0.000000000000
  0.000000000000   0.000000000000   0.000000000000
  0.000000000000   0.000000000000   0.000000000000
  0.000000000000   0.000000000000   0.000000000000
  0.000000000000   0.000000000000   0.000000000000
  0.000000000000   0.000000000000   0.000000000000
  0.000000000000   0.000000000000   0.000000000000
  0.000000000000   0.000000000000   0.000000000000
  0.000000000000   0.000000000000   0.000000000000
  0.000000000000   0.000000000000   0.000000000000
  0.000000000000   0.000000000000   0.000000000000
  0.000000000000   0.000000000000   0.000000000000
  0.000000000000   0.000000000000   0.000000000000
  0.000000000000   0.000000000000   0.000000000000
  0.000000000000   0.000000000000   0.000000000000
  0.000000000000   0.000000000000   0.000000000000
  0.000000000000   0.000000000000   0.000000000000
  0.000000000000   0.000000000000   0.000000000000
  0.000000000000   0.000000000000   0.000000000000
  0.000000000000   0.000000000000   0.000000000000
  0.000000000000   0.000000000000   0.000000000000
  0.000000000000   0.000000000000   0.000000000000
  0.000000000000   0.000000000000   0.000000000000
  0.000000000000   0.000000000000   0.000000000000
  0.000000000000   0.000000000000   0.000000000000
  0.000000000000   0.000000000000   0.000000000000
  0.000000000000   0.000000000000   0.000000000000
  0.000000000000   0.000000000000   0.000000000000
  0.000000000000   0.000000000000   0.000000000000
  0.000000000000   0.000000000000   0.000000000000
  0.000000000000   0.000000000000   0.000000000000
  0.000000000000   0.000000000000   0.000000000000
  0.000000000000   0.000000000000   0.000000000000
  0.000000000000   0.000000000000   0.000000000000
  0.000000000000   0.000000000000   0.000000000000
  0.000000000000   0.000000000000   0.000000000000
  0.000000000000   0.000000000000   0.000000000000
  0.000000000000   0.000000000000   0.000000000000
  0.000000000000   0.000000000000   0.000000000000
  0.000000000000   0.000000000000   0.000000000000
  0.000000000000   0.000000000000   0.000000000000
  0.000000000000   0.000000000000   0.000000000000
  0.000000000000   0.000000000000   0.000000000000
  0.000000000000   0.000000000000   0.000000000000
  0.000000000000   0.000000000000   0.000000000000
  0.000000000000   0.000000000000   0.000000000000
  0.000000000000   0.000000000000   0.000000000000
  0.000000000000   0.000000000000   0.000000000000
  0.000000000000   0.000000000000   0.000000000000
  0.000000000000   0.000000000000   0.000000000000
  0.000000000000   0.000000000000   0.000000000000
  0.000000000000   0.000000000000   0.000000000000
  0.000000000000   0.000000000000   0.000000000000
  0.000000000000   0.000000000000   0.000000000000
  0.000000000000   0.000000000000   0.000000000000
  0.000000000000   0.000000000000   0.000000000000
  0.000000000000   0.000000000000   0.000000000000
  0.000000000000   0.000000000000   0.000000000000
  0.000000000000   0.000000000000   0.000000000000
  0.000000000000   0.000000000000   0.000000000000
  0.000000000000   0.000000000000   0.000000000000
  0.000000000000   0.000000000000   0.000000000000
  0.000000000000   0.000000000000   0.000000000000
  0.000050282719   0.000029264528   0.000027499222
 -0.000012008334   0.000007040099   0.000013230317
  0.000013709816   0.000022122670  -0.000006043958
 -0.000065148146   0.000126725984   0.000132271802
 -0.000311871540   0.000380180250   0.000036109575
 -0.012204844820   0.014684250824  -0.003431681380
 -0.062745641430   0.067180846602  -0.084365013709
  0.028337309518  -0.032167321173   0.007098737624
  0.000422246346  -0.000396278444   0.000054690911
 -0.000029218770  -0.000040121384  -0.000029700571
  0.000048911910   0.000079137220  -0.000068602816
  0.000167536128  -0.000147695075   0.000302822295
 -0.000161753000  -0.000027275104  -0.001051431368
  0.001945675592   0.002224784534   0.000131150418
 -0.011053777748   0.009838861501  -0.001603812567
  0.057073056887  -0.062892611171   0.083506520086
 -0.000568235958   0.001550261918  -0.001295378110
 -0.000549620841   0.000249193365   0.000186112943
  0.000000000000   0.000000000000   0.000000000000
  0.000000000000   0.000000000000   0.000000000000
  0.000000000000   0.000000000000   0.000000000000
  0.000000000000   0.000000000000   0.000000000000
  0.000000000000   0.000000000000   0.000000000000
  0.000000000000   0.000000000000   0.000000000000
  0.000000000000   0.000000000000   0.000000000000
  0.000000000000   0.000000000000   0.000000000000
  0.000000000000   0.000000000000   0.000000000000
  0.000000000000   0.000000000000   0.000000000000
  0.000000000000   0.000000000000   0.000000000000
  0.000000000000   0.000000000000   0.000000000000
  0.000000000000   0.000000000000   0.000000000000
  0.000000000000   0.000000000000   0.000000000000
  0.000000000000   0.000000000000   0.000000000000
  0.000000000000   0.000000000000   0.000000000000
  0.000000000000   0.000000000000   0.000000000000
  0.000000000000   0.000000000000   0.000000000000
  0.000000000000   0.000000000000   0.000000000000
  0.000000000000   0.000000000000   0.000000000000
  0.000000000000   0.000000000000   0.000000000000
  0.000000000000   0.000000000000   0.000000000000
  0.000000000000   0.000000000000   0.000000000000
  0.000000000000   0.000000000000   0.000000000000
  0.000000000000   0.000000000000   0.000000000000
  0.000000000000   0.000000000000   0.000000000000
  0.000000000000   0.000000000000   0.000000000000
  0.000000000000   0.000000000000   0.000000000000
  0.000000000000   0.000000000000   0.000000000000
  0.000000000000   0.000000000000   0.000000000000
  0.000000000000   0.000000000000   0.000000000000
  0.000000000000   0.000000000000   0.000000000000
  0.000000000000   0.000000000000   0.000000000000
  0.000000000000   0.000000000000   0.000000000000
  0.000000000000   0.000000000000   0.000000000000
  0.000000000000   0.000000000000   0.000000000000
  0.000000000000   0.000000000000   0.000000000000
  0.000000000000   0.000000000000   0.000000000000
  0.000000000000   0.000000000000   0.000000000000
  0.000000000000   0.000000000000   0.000000000000
  0.000000000000   0.000000000000   0.000000000000
  0.000000000000   0.000000000000   0.000000000000
  0.000000000000   0.000000000000   0.000000000000
  0.000000000000   0.000000000000   0.000000000000
  0.000000000000   0.000000000000   0.000000000000
  0.000000000000   0.000000000000   0.000000000000
  0.000000000000   0.000000000000   0.000000000000
  0.000000000000   0.000000000000   0.000000000000
  0.000000000000   0.000000000000   0.000000000000
  0.000000000000   0.000000000000   0.000000000000
  0.000000000000   0.000000000000   0.000000000000
  0.000000000000   0.000000000000   0.000000000000
  0.000000000000   0.000000000000   0.000000000000
  0.000000000000   0.000000000000   0.000000000000
  0.000000000000   0.000000000000   0.000000000000
  0.000000000000   0.000000000000   0.000000000000
  0.000000000000   0.000000000000   0.000000000000
  0.000000000000   0.000000000000   0.000000000000
  0.000000000000   0.000000000000   0.000000000000
  0.000000000000   0.000000000000   0.000000000000
  0.000000000000   0.000000000000   0.000000000000
  0.000000000000   0.000000000000   0.000000000000
  0.000000000000   0.000000000000   0.000000000000
  0.000000000000   0.000000000000   0.000000000000
  0.000000000000   0.000000000000   0.000000000000
  0.000000000000   0.000000000000   0.000000000000
  0.000000000000   0.000000000000   0.000000000000
  0.000000000000   0.000000000000   0.000000000000
  0.000000000000   0.000000000000   0.000000000000
  0.000000000000   0.000000000000   0.000000000000
  0.000000000000   0.000000000000   0.000000000000
  0.000000000000   0.000000000000   0.000000000000
  0.000000000000   0.000000000000   0.000000000000
  0.000000000000   0.000000000000   0.000000000000
  0.000000000000   0.000000000000   0.000000000000
  0.000000000000   0.000000000000   0.000000000000
  0.000000000000   0.000000000000   0.000000000000
  0.000000000000   0.000000000000   0.000000000000
  0.000000000000   0.000000000000   0.000000000000
  0.000000000000   0.000000000000   0.000000000000
  0.000000000000   0.000000000000   0.000000000000
  0.000000000000   0.000000000000   0.000000000000
  0.000000000000   0.000000000000   0.000000000000
  0.000000000000   0.000000000000   0.000000000000
  0.000000000000   0.000000000000   0.000000000000
  0.000000000000   0.000000000000   0.000000000000
  0.000000000000   0.000000000000   0.000000000000
  0.000000000000   0.000000000000   0.000000000000
  0.000000000000   0.000000000000   0.000000000000
  0.000000000000   0.000000000000   0.000000000000
  0.000000000000   0.000000000000   0.000000000000
  0.000000000000   0.000000000000   0.000000000000
  0.000000000000   0.000000000000   0.000000000000
  0.000000000000   0.000000000000   0.000000000000
  0.000000000000   0.000000000000   0.000000000000
  0.000000000000   0.000000000000   0.000000000000
  0.000000000000   0.000000000000   0.000000000000
  0.000000000000   0.000000000000   0.000000000000
  0.000000000000   0.000000000000   0.000000000000
  0.000000000000   0.000000000000   0.000000000000
  0.000000000000   0.000000000000   0.000000000000
  0.000000000000   0.000000000000   0.000000000000
  0.000000000000   0.000000000000   0.000000000000
  0.000000000000   0.000000000000   0.000000000000
  0.000000000000   0.000000000000   0.000000000000
  0.000000000000   0.000000000000   0.000000000000
  0.000000000000   0.000000000000   0.000000000000
  0.000000000000   0.000000000000   0.000000000000
  0.000000000000   0.000000000000   0.000000000000
  0.000000000000   0.000000000000   0.000000000000
  0.000000000000   0.000000000000   0.000000000000
  0.000000000000   0.000000000000   0.000000000000
  0.000000000000   0.000000000000   0.000000000000
  0.000000000000   0.000000000000   0.000000000000
  0.000000000000   0.000000000000   0.000000000000
  0.000000000000   0.000000000000   0.000000000000
  0.000000000000   0.000000000000   0.000000000000
  0.000000000000   0.000000000000   0.000000000000
  0.000000000000   0.000000000000   0.000000000000
  0.000000000000   0.000000000000   0.000000000000
  0.000000000000   0.000000000000   0.000000000000
  0.000000000000   0.000000000000   0.000000000000
  0.000000000000   0.000000000000   0.000000000000
  0.000000000000   0.000000000000   0.000000000000
  0.000000000000   0.000000000000   0.000000000000
  0.000000000000   0.000000000000   0.000000000000
  0.000000000000   0.000000000000   0.000000000000
  0.000000000000   0.000000000000   0.000000000000
  0.000000000000   0.000000000000   0.000000000000
  0.000000000000   0.000000000000   0.000000000000
  0.000000000000   0.000000000000   0.000000000000
  0.000000000000   0.000000000000   0.000000000000
  0.000000000000   0.000000000000   0.000000000000
  0.000000000000   0.000000000000   0.000000000000
  0.000000000000   0.000000000000   0.000000000000
  0.000000000000   0.000000000000   0.000000000000
  0.000000000000   0.000000000000   0.000000000000
  0.000000000000   0.000000000000   0.000000000000
  0.000000000000   0.000000000000   0.000000000000
  0.000000000000   0.000000000000   0.000000000000
  0.000000000000   0.000000000000   0.000000000000
  0.000000000000   0.000000000000   0.000000000000
  0.000000000000   0.000000000000   0.000000000000
  0.000000000000   0.000000000000   0.000000000000
  0.000000000000   0.000000000000   0.000000000000
  0.000000000000   0.000000000000   0.000000000000
  0.000000000000   0.000000000000   0.000000000000
  0.000000000000   0.000000000000   0.000000000000
  0.000000000000   0.000000000000   0.000000000000
  0.000000000000   0.000000000000   0.000000000000
  0.000000000000   0.000000000000   0.000000000000
  0.000000000000   0.000000000000   0.000000000000
  0.000000000000   0.000000000000   0.000000000000
  0.000000000000   0.000000000000   0.000000000000
  0.000000000000   0.000000000000   0.000000000000
  0.000000000000   0.000000000000   0.000000000000
  0.000000000000   0.000000000000   0.000000000000
  0.000000000000   0.000000000000   0.000000000000
  0.000000000000   0.000000000000   0.000000000000
  0.000000000000   0.000000000000   0.000000000000
  0.000000000000   0.000000000000   0.000000000000
  0.000000000000   0.000000000000   0.000000000000
  0.000000000000   0.000000000000   0.000000000000
  0.000000000000   0.000000000000   0.000000000000
  0.000000000000   0.000000000000   0.000000000000
  0.000000000000   0.000000000000   0.000000000000
  0.000000000000   0.000000000000   0.000000000000
  0.000000000000   0.000000000000   0.000000000000
  0.000000000000   0.000000000000   0.000000000000
  0.000000000000   0.000000000000   0.000000000000
  0.000000000000   0.000000000000   0.000000000000
  0.000000000000   0.000000000000   0.000000000000
  0.000000000000   0.000000000000   0.000000000000
  0.000000000000   0.000000000000   0.000000000000
  0.000000000000   0.000000000000   0.000000000000
  0.000000000000   0.000000000000   0.000000000000
  0.000000000000   0.000000000000   0.000000000000
  0.000000000000   0.000000000000   0.000000000000
  0.000000000000   0.000000000000   0.000000000000
  0.000000000000   0.000000000000   0.000000000000
  0.000000000000   0.000000000000   0.000000000000
  0.000000000000   0.000000000000   0.000000000000
  0.000000000000   0.000000000000   0.000000000000
  0.000000000000   0.000000000000   0.000000000000
  0.000000000000   0.000000000000   0.000000000000
  0.000000000000   0.000000000000   0.000000000000
  0.000000000000   0.000000000000   0.000000000000
  0.000000000000   0.000000000000   0.000000000000
  0.000000000000   0.000000000000   0.000000000000
  0.000000000000   0.000000000000   0.000000000000
  0.000000000000   0.000000000000   0.000000000000
  0.000000000000   0.000000000000   0.000000000000
  105    1  0.0150  0.0000  0.0000
  0.000000000000   0.000000000000   0.000000000000
  0.000000000000   0.000000000000   0.000000000000
  0.000000000000   0.000000000000   0.000000000000
  0.000000000000   0.000000000000   0.000000000000
  0.000000000000   0.000000000000   0.000000000000
  0.000000000000   0.000000000000   0.000000000000
  0.000000000000   0.000000000000   0.000000000000
  0.000000000000   0.000000000000   0.000000000000
  0.000000000000   0.000000000000   0.000000000000
  0.000000000000   0.000000000000   0.000000000000
  0.000000000000   0.000000000000   0.000000000000
  0.000000000000   0.000000000000   0.000000000000
  0.000000000000   0.000000000000   0.000000000000
  0.000000000000   0.000000000000   0.000000000000
  0.000000000000   0.000000000000   0.000000000000
  0.000000000000   0.000000000000   0.000000000000
  0.000000000000   0.000000000000   0.000000000000
  0.000000000000   0.000000000000   0.000000000000
  0.000000000000   0.000000000000   0.000000000000
  0.000000000000   0.000000000000   0.000000000000
  0.000000000000   0.000000000000   0.000000000000
  0.000000000000   0.000000000000   0.000000000000
  0.000000000000   0.000000000000   0.000000000000
  0.000000000000   0.000000000000   0.000000000000
  0.000000000000   0.000000000000   0.000000000000
  0.000000000000   0.000000000000   0.000000000000
  0.000000000000   0.000000000000   0.000000000000
  0.000000000000   0.000000000000   0.000000000000
  0.000000000000   0.000000000000   0.000000000000
  0.000000000000   0.000000000000   0.000000000000
  0.000000000000   0.000000000000   0.000000000000
  0.000000000000   0.000000000000   0.000000000000
  0.000000000000   0.000000000000   0.000000000000
  0.000000000000   0.000000000000   0.000000000000
  0.000000000000   0.000000000000   0.000000000000
  0.000000000000   0.000000000000   0.000000000000
  0.000000000000   0.000000000000   0.000000000000
  0.000000000000   0.000000000000   0.000000000000
  0.000000000000   0.000000000000   0.000000000000
  0.000000000000   0.000000000000   0.000000000000
  0.000000000000   0.000000000000   0.000000000000
  0.000000000000   0.000000000000   0.000000000000
  0.000000000000   0.000000000000   0.000000000000
  0.000000000000   0.000000000000   0.000000000000
  0.000000000000   0.000000000000   0.000000000000
  0.000000000000   0.000000000000   0.000000000000
  0.000000000000   0.000000000000   0.000000000000
  0.000000000000   0.000000000000   0.000000000000
  0.000000000000   0.000000000000   0.000000000000
  0.000000000000   0.000000000000   0.000000000000
  0.000000000000   0.000000000000   0.000000000000
  0.000000000000   0.000000000000   0.000000000000
  0.000000000000   0.000000000000   0.000000000000
  0.000000000000   0.000000000000   0.000000000000
  0.000000000000   0.000000000000   0.000000000000
  0.000000000000   0.000000000000   0.000000000000
  0.000000000000   0.000000000000   0.000000000000
  0.000000000000   0.000000000000   0.000000000000
  0.000000000000   0.000000000000   0.000000000000
  0.000000000000   0.000000000000   0.000000000000
  0.000000000000   0.000000000000   0.000000000000
  0.000000000000   0.000000000000   0.000000000000
  0.000000000000   0.000000000000   0.000000000000
  0.000000000000   0.000000000000   0.000000000000
  0.000000000000   0.000000000000   0.000000000000
  0.000000000000   0.000000000000   0.000000000000
  0.000000000000   0.000000000000   0.000000000000
  0.000000000000   0.000000000000   0.000000000000
  0.000000000000   0.000000000000   0.000000000000
  0.000000000000   0.000000000000   0.000000000000
  0.000000000000   0.000000000000   0.000000000000
  0.000000000000   0.000000000000   0.000000000000
  0.000000000000   0.000000000000   0.000000000000
  0.000000000000   0.000000000000   0.000000000000
  0.000000000000   0.000000000000   0.000000000000
  0.000000000000   0.000000000000   0.000000000000
  0.000000000000   0.000000000000   0.000000000000
  0.000000000000   0.000000000000   0.000000000000
  0.000000000000   0.000000000000   0.000000000000
  0.000000000000   0.000000000000   0.000000000000
  0.000000000000   0.000000000000   0.000000000000
  0.000000000000   0.000000000000   0.000000000000
  0.000000000000   0.000000000000   0.000000000000
  0.000000000000   0.000000000000   0.000000000000
  0.000000000000   0.000000000000   0.000000000000
  0.000000000000   0.000000000000   0.000000000000
  0.000000000000   0.000000000000   0.000000000000
  0.000000000000   0.000000000000   0.000000000000
  0.000000000000   0.000000000000   0.000000000000
  0.000000000000   0.000000000000   0.000000000000
  0.000000000000   0.000000000000   0.000000000000
  0.000000000000   0.000000000000   0.000000000000
  0.000000000000   0.000000000000   0.000000000000
  0.000000000000   0.000000000000   0.000000000000
  0.000000000000   0.000000000000   0.000000000000
  0.000000000000   0.000000000000   0.000000000000
  0.000000000000   0.000000000000   0.000000000000
 -0.000021793835  -0.000011363738   0.000002730256
  0.000011167893   0.000012445051  -0.000005706212
 -0.000020944063  -0.000024915504  -0.000007850424
 -0.000021436494   0.000012637725  -0.000006705186
 -0.000598977750  -0.000114668507   0.000160552218
 -0.004687160494   0.001312266485  -0.040355839921
  0.003718076324   0.000994044033   0.028116768786
 -0.069464954399  -0.001196904692  -0.049368895522
 -0.000568462196   0.000095298664  -0.000196652449
  0.000169903941   0.000231576149   0.000093339611
 -0.000117043832   0.000057398775   0.000099785897
 -0.000210778440  -0.000132594645  -0.000180986591
  0.000791503853   0.000501527873  -0.000103778288
 -0.000674596546  -0.002355342126  -0.000447856729
  0.006291402026   0.002101163426   0.017819408103
  0.063183379343  -0.005207371403   0.043188225764
 -0.000426091883   0.003155412737   0.000977824464
  0.001233400323   0.000081871592   0.000153826193
  0.000000000000   0.000000000000   0.000000000000
  0.000000000000   0.000000000000   0.000000000000
  0.000000000000   0.000000000000   0.000000000000
  0.000000000000   0.000000000000   0.000000000000
  0.000000000000   0.000000000000   0.000000000000
  0.000000000000   0.000000000000   0.000000000000
  0.000000000000   0.000000000000   0.000000000000
  0.000000000000   0.000000000000   0.000000000000
  0.000000000000   0.000000000000   0.000000000000
  0.000000000000   0.000000000000   0.000000000000
  0.000000000000   0.000000000000   0.000000000000
  0.000000000000   0.000000000000   0.000000000000
  0.000000000000   0.000000000000   0.000000000000
  0.000000000000   0.000000000000   0.000000000000
  0.000000000000   0.000000000000   0.000000000000
  0.000000000000   0.000000000000   0.000000000000
  0.000000000000   0.000000000000   0.000000000000
  0.000000000000   0.000000000000   0.000000000000
  0.000000000000   0.000000000000   0.000000000000
  0.000000000000   0.000000000000   0.000000000000
  0.000000000000   0.000000000000   0.000000000000
  0.000000000000   0.000000000000   0.000000000000
  0.000000000000   0.000000000000   0.000000000000
  0.000000000000   0.000000000000   0.000000000000
  0.000000000000   0.000000000000   0.000000000000
  0.000000000000   0.000000000000   0.000000000000
  0.000000000000   0.000000000000   0.000000000000
  0.000000000000   0.000000000000   0.000000000000
  0.000000000000   0.000000000000   0.000000000000
  0.000000000000   0.000000000000   0.000000000000
  0.000000000000   0.000000000000   0.000000000000
  0.000000000000   0.000000000000   0.000000000000
  0.000000000000   0.000000000000   0.000000000000
  0.000000000000   0.000000000000   0.000000000000
  0.000000000000   0.000000000000   0.000000000000
  0.000000000000   0.000000000000   0.000000000000
  0.000000000000   0.000000000000   0.000000000000
  0.000000000000   0.000000000000   0.000000000000
  0.000000000000   0.000000000000   0.000000000000
  0.000000000000   0.000000000000   0.000000000000
  0.000000000000   0.000000000000   0.000000000000
  0.000000000000   0.000000000000   0.000000000000
  0.000000000000   0.000000000000   0.000000000000
  0.000000000000   0.000000000000   0.000000000000
  0.000000000000   0.000000000000   0.000000000000
  0.000000000000   0.000000000000   0.000000000000
  0.000000000000   0.000000000000   0.000000000000
  0.000000000000   0.000000000000   0.000000000000
  0.000000000000   0.000000000000   0.000000000000
  0.000000000000   0.000000000000   0.000000000000
  0.000000000000   0.000000000000   0.000000000000
  0.000000000000   0.000000000000   0.000000000000
  0.000000000000   0.000000000000   0.000000000000
  0.000000000000   0.000000000000   0.000000000000
  0.000000000000   0.000000000000   0.000000000000
  0.000000000000   0.000000000000   0.000000000000
  0.000000000000   0.000000000000   0.000000000000
  0.000000000000   0.000000000000   0.000000000000
  0.000000000000   0.000000000000   0.000000000000
  0.000000000000   0.000000000000   0.000000000000
  0.000000000000   0.000000000000   0.000000000000
  0.000000000000   0.000000000000   0.000000000000
  0.000000000000   0.000000000000   0.000000000000
  0.000000000000   0.000000000000   0.000000000000
  0.000000000000   0.000000000000   0.000000000000
  0.000000000000   0.000000000000   0.000000000000
  0.000000000000   0.000000000000   0.000000000000
  0.000000000000   0.000000000000   0.000000000000
  0.000000000000   0.000000000000   0.000000000000
  0.000000000000   0.000000000000   0.000000000000
  0.000000000000   0.000000000000   0.000000000000
  0.000000000000   0.000000000000   0.000000000000
  0.000000000000   0.000000000000   0.000000000000
  0.000000000000   0.000000000000   0.000000000000
  0.000000000000   0.000000000000   0.000000000000
  0.000000000000   0.000000000000   0.000000000000
  0.000000000000   0.000000000000   0.000000000000
  0.000000000000   0.000000000000   0.000000000000
  0.000000000000   0.000000000000   0.000000000000
  0.000000000000   0.000000000000   0.000000000000
  0.000000000000   0.000000000000   0.000000000000
  0.000000000000   0.000000000000   0.000000000000
  0.000000000000   0.000000000000   0.000000000000
  0.000000000000   0.000000000000   0.000000000000
  0.000000000000   0.000000000000   0.000000000000
  0.000000000000   0.000000000000   0.000000000000
  0.000000000000   0.000000000000   0.000000000000
  0.000000000000   0.000000000000   0.000000000000
  0.000000000000   0.000000000000   0.000000000000
  0.000000000000   0.000000000000   0.000000000000
  0.000000000000   0.000000000000   0.000000000000
  0.000000000000   0.000000000000   0.000000000000
  0.000000000000   0.000000000000   0.000000000000
  0.000000000000   0.000000000000   0.000000000000
  0.000000000000   0.000000000000   0.000000000000
  0.000000000000   0.000000000000   0.000000000000
  0.000000000000   0.000000000000   0.000000000000
  0.000000000000   0.000000000000   0.000000000000
  0.000000000000   0.000000000000   0.000000000000
  0.000000000000   0.000000000000   0.000000000000
  0.000000000000   0.000000000000   0.000000000000
  0.000000000000   0.000000000000   0.000000000000
  0.000000000000   0.000000000000   0.000000000000
  0.000000000000   0.000000000000   0.000000000000
  0.000000000000   0.000000000000   0.000000000000
  0.000000000000   0.000000000000   0.000000000000
  0.000000000000   0.000000000000   0.000000000000
  0.000000000000   0.000000000000   0.000000000000
  0.000000000000   0.000000000000   0.000000000000
  0.000000000000   0.000000000000   0.000000000000
  0.000000000000   0.000000000000   0.000000000000
  0.000000000000   0.000000000000   0.000000000000
  0.000000000000   0.000000000000   0.000000000000
  0.000000000000   0.000000000000   0.000000000000
  0.000000000000   0.000000000000   0.000000000000
  0.000000000000   0.000000000000   0.000000000000
  0.000000000000   0.000000000000   0.000000000000
  0.000000000000   0.000000000000   0.000000000000
  0.000000000000   0.000000000000   0.000000000000
  0.000000000000   0.000000000000   0.000000000000
  0.000000000000   0.000000000000   0.000000000000
  0.000000000000   0.000000000000   0.000000000000
  0.000000000000   0.000000000000   0.000000000000
  0.000000000000   0.000000000000   0.000000000000
  0.000000000000   0.000000000000   0.000000000000
  0.000000000000   0.000000000000   0.000000000000
  0.000000000000   0.000000000000   0.000000000000
  0.000000000000   0.000000000000   0.000000000000
  0.000000000000   0.000000000000   0.000000000000
  0.000000000000   0.000000000000   0.000000000000
  0.000000000000   0.000000000000   0.000000000000
  0.000000000000   0.000000000000   0.000000000000
  0.000000000000   0.000000000000   0.000000000000
  0.000000000000   0.000000000000   0.000000000000
  0.000000000000   0.000000000000   0.000000000000
  0.000000000000   0.000000000000   0.000000000000
  0.000000000000   0.000000000000   0.000000000000
  0.000000000000   0.000000000000   0.000000000000
  0.000000000000   0.000000000000   0.000000000000
  0.000000000000   0.000000000000   0.000000000000
  0.000000000000   0.000000000000   0.000000000000
  0.000000000000   0.000000000000   0.000000000000
  0.000000000000   0.000000000000   0.000000000000
  0.000000000000   0.000000000000   0.000000000000
  0.000000000000   0.000000000000   0.000000000000
  0.000000000000   0.000000000000   0.000000000000
  0.000000000000   0.000000000000   0.000000000000
  0.000000000000   0.000000000000   0.000000000000
  0.000000000000   0.000000000000   0.000000000000
  0.000000000000   0.000000000000   0.000000000000
  0.000000000000   0.000000000000   0.000000000000
  0.000000000000   0.000000000000   0.000000000000
  0.000000000000   0.000000000000   0.000000000000
  0.000000000000   0.000000000000   0.000000000000
  0.000000000000   0.000000000000   0.000000000000
  0.000000000000   0.000000000000   0.000000000000
  0.000000000000   0.000000000000   0.000000000000
  0.000000000000   0.000000000000   0.000000000000
  0.000000000000   0.000000000000   0.000000000000
  0.000000000000   0.000000000000   0.000000000000
  0.000000000000   0.000000000000   0.000000000000
  0.000000000000   0.000000000000   0.000000000000
  0.000000000000   0.000000000000   0.000000000000
  0.000000000000   0.000000000000   0.000000000000
  0.000000000000   0.000000000000   0.000000000000
  0.000000000000   0.000000000000   0.000000000000
  0.000000000000   0.000000000000   0.000000000000
  0.000000000000   0.000000000000   0.000000000000
  0.000000000000   0.000000000000   0.000000000000
  0.000000000000   0.000000000000   0.000000000000
  0.000000000000   0.000000000000   0.000000000000
  0.000000000000   0.000000000000   0.000000000000
  0.000000000000   0.000000000000   0.000000000000
  0.000000000000   0.000000000000   0.000000000000
  0.000000000000   0.000000000000   0.000000000000
  0.000000000000   0.000000000000   0.000000000000
  0.000000000000   0.000000000000   0.000000000000
  0.000000000000   0.000000000000   0.000000000000
  0.000000000000   0.000000000000   0.000000000000
  0.000000000000   0.000000000000   0.000000000000
  0.000000000000   0.000000000000   0.000000000000
  0.000000000000   0.000000000000   0.000000000000
  0.000000000000   0.000000000000   0.000000000000
  0.000000000000   0.000000000000   0.000000000000
  0.000000000000   0.000000000000   0.000000000000
  0.000000000000   0.000000000000   0.000000000000
  0.000000000000   0.000000000000   0.000000000000
  0.000000000000   0.000000000000   0.000000000000
  0.000000000000   0.000000000000   0.000000000000
  0.000000000000   0.000000000000   0.000000000000
  0.000000000000   0.000000000000   0.000000000000
  0.000000000000   0.000000000000   0.000000000000
  105    2  0.0000  0.0150  0.0000
  0.000000000000   0.000000000000   0.000000000000
  0.000000000000   0.000000000000   0.000000000000
  0.000000000000   0.000000000000   0.000000000000
  0.000000000000   0.000000000000   0.000000000000
  0.000000000000   0.000000000000   0.000000000000
  0.000000000000   0.000000000000   0.000000000000
  0.000000000000   0.000000000000   0.000000000000
  0.000000000000   0.000000000000   0.000000000000
  0.000000000000   0.000000000000   0.000000000000
  0.000000000000   0.000000000000   0.000000000000
  0.000000000000   0.000000000000   0.000000000000
  0.000000000000   0.000000000000   0.000000000000
  0.000000000000   0.000000000000   0.000000000000
  0.000000000000   0.000000000000   0.000000000000
  0.000000000000   0.000000000000   0.000000000000
  0.000000000000   0.000000000000   0.000000000000
  0.000000000000   0.000000000000   0.000000000000
  0.000000000000   0.000000000000   0.000000000000
  0.000000000000   0.000000000000   0.000000000000
  0.000000000000   0.000000000000   0.000000000000
  0.000000000000   0.000000000000   0.000000000000
  0.000000000000   0.000000000000   0.000000000000
  0.000000000000   0.000000000000   0.000000000000
  0.000000000000   0.000000000000   0.000000000000
  0.000000000000   0.000000000000   0.000000000000
  0.000000000000   0.000000000000   0.000000000000
  0.000000000000   0.000000000000   0.000000000000
  0.000000000000   0.000000000000   0.000000000000
  0.000000000000   0.000000000000   0.000000000000
  0.000000000000   0.000000000000   0.000000000000
  0.000000000000   0.000000000000   0.000000000000
  0.000000000000   0.000000000000   0.000000000000
  0.000000000000   0.000000000000   0.000000000000
  0.000000000000   0.000000000000   0.000000000000
  0.000000000000   0.000000000000   0.000000000000
  0.000000000000   0.000000000000   0.000000000000
  0.000000000000   0.000000000000   0.000000000000
  0.000000000000   0.000000000000   0.000000000000
  0.000000000000   0.000000000000   0.000000000000
  0.000000000000   0.000000000000   0.000000000000
  0.000000000000   0.000000000000   0.000000000000
  0.000000000000   0.000000000000   0.000000000000
  0.000000000000   0.000000000000   0.000000000000
  0.000000000000   0.000000000000   0.000000000000
  0.000000000000   0.000000000000   0.000000000000
  0.000000000000   0.000000000000   0.000000000000
  0.000000000000   0.000000000000   0.000000000000
  0.000000000000   0.000000000000   0.000000000000
  0.000000000000   0.000000000000   0.000000000000
  0.000000000000   0.000000000000   0.000000000000
  0.000000000000   0.000000000000   0.000000000000
  0.000000000000   0.000000000000   0.000000000000
  0.000000000000   0.000000000000   0.000000000000
  0.000000000000   0.000000000000   0.000000000000
  0.000000000000   0.000000000000   0.000000000000
  0.000000000000   0.000000000000   0.000000000000
  0.000000000000   0.000000000000   0.000000000000
  0.000000000000   0.000000000000   0.000000000000
  0.000000000000   0.000000000000   0.000000000000
  0.000000000000   0.000000000000   0.000000000000
  0.000000000000   0.000000000000   0.000000000000
  0.000000000000   0.000000000000   0.000000000000
  0.000000000000   0.000000000000   0.000000000000
  0.000000000000   0.000000000000   0.000000000000
  0.000000000000   0.000000000000   0.000000000000
  0.000000000000   0.000000000000   0.000000000000
  0.000000000000   0.000000000000   0.000000000000
  0.000000000000   0.000000000000   0.000000000000
  0.000000000000   0.000000000000   0.000000000000
  0.000000000000   0.000000000000   0.000000000000
  0.000000000000   0.000000000000   0.000000000000
  0.000000000000   0.000000000000   0.000000000000
  0.000000000000   0.000000000000   0.000000000000
  0.000000000000   0.000000000000   0.000000000000
  0.000000000000   0.000000000000   0.000000000000
  0.000000000000   0.000000000000   0.000000000000
  0.000000000000   0.000000000000   0.000000000000
  0.000000000000   0.000000000000   0.000000000000
  0.000000000000   0.000000000000   0.000000000000
  0.000000000000   0.000000000000   0.000000000000
  0.000000000000   0.000000000000   0.000000000000
  0.000000000000   0.000000000000   0.000000000000
  0.000000000000   0.000000000000   0.000000000000
  0.000000000000   0.000000000000   0.000000000000
  0.000000000000   0.000000000000   0.000000000000
  0.000000000000   0.000000000000   0.000000000000
  0.000000000000   0.000000000000   0.000000000000
  0.000000000000   0.000000000000   0.000000000000
  0.000000000000   0.000000000000   0.000000000000
  0.000000000000   0.000000000000   0.000000000000
  0.000000000000   0.000000000000   0.000000000000
  0.000000000000   0.000000000000   0.000000000000
  0.000000000000   0.000000000000   0.000000000000
  0.000000000000   0.000000000000   0.000000000000
  0.000000000000   0.000000000000   0.000000000000
  0.000000000000   0.000000000000   0.000000000000
  0.000000000000   0.000000000000   0.000000000000
  0.000080157506   0.000067395860   0.000036303656
 -0.000004312056   0.000069081058   0.000025450979
 -0.000006030219   0.000045456953  -0.000053969917
 -0.000056725970  -0.000015079196  -0.000048549889
 -0.000764111656   0.000336397209  -0.000469232488
 -0.001777406209   0.001384293931  -0.008029147012
 -0.001552310886   0.000690900945  -0.032233867441
 -0.001292737493  -0.069419043280   0.009120705794
 -0.000118252716   0.000024629807   0.000440097414
  0.000332541113   0.000384735825   0.000061493641
 -0.000073824944   0.000150184915   0.000065889945
  0.000226329399  -0.000395582590   0.000550580767
  0.000183627020  -0.000481944771  -0.000311978212
  0.001462914539  -0.001590055632   0.000684025741
  0.006091471124   0.000382490063   0.041538980266
 -0.004711975192   0.062833381138  -0.011811557126
  0.000419647796   0.005214379977   0.000331715618
  0.001739846187   0.000436680711   0.000148159319
  0.000000000000   0.000000000000   0.000000000000
  0.000000000000   0.000000000000   0.000000000000
  0.000000000000   0.000000000000   0.000000000000
  0.000000000000   0.000000000000   0.000000000000
  0.000000000000   0.000000000000   0.000000000000
  0.000000000000   0.000000000000   0.000000000000
  0.000000000000   0.000000000000   0.000000000000
  0.000000000000   0.000000000000   0.000000000000
  0.000000000000   0.000000000000   0.000000000000
  0.000000000000   0.000000000000   0.000000000000
  0.000000000000   0.000000000000   0.000000000000
  0.000000000000   0.000000000000   0.000000000000
  0.000000000000   0.000000000000   0.000000000000
  0.000000000000   0.000000000000   0.000000000000
  0.000000000000   0.000000000000   0.000000000000
  0.000000000000   0.000000000000   0.000000000000
  0.000000000000   0.000000000000   0.000000000000
  0.000000000000   0.000000000000   0.000000000000
  0.000000000000   0.000000000000   0.000000000000
  0.000000000000   0.000000000000   0.000000000000
  0.000000000000   0.000000000000   0.000000000000
  0.000000000000   0.000000000000   0.000000000000
  0.000000000000   0.000000000000   0.000000000000
  0.000000000000   0.000000000000   0.000000000000
  0.000000000000   0.000000000000   0.000000000000
  0.000000000000   0.000000000000   0.000000000000
  0.000000000000   0.000000000000   0.000000000000
  0.000000000000   0.000000000000   0.000000000000
  0.000000000000   0.000000000000   0.000000000000
  0.000000000000   0.000000000000   0.000000000000
  0.000000000000   0.000000000000   0.000000000000
  0.000000000000   0.000000000000   0.000000000000
  0.000000000000   0.000000000000   0.000000000000
  0.000000000000   0.000000000000   0.000000000000
  0.000000000000   0.000000000000   0.000000000000
  0.000000000000   0.000000000000   0.000000000000
  0.000000000000   0.000000000000   0.000000000000
  0.000000000000   0.000000000000   0.000000000000
  0.000000000000   0.000000000000   0.000000000000
  0.000000000000   0.000000000000   0.000000000000
  0.000000000000   0.000000000000   0.000000000000
  0.000000000000   0.000000000000   0.000000000000
  0.000000000000   0.000000000000   0.000000000000
  0.000000000000   0.000000000000   0.000000000000
  0.000000000000   0.000000000000   0.000000000000
  0.000000000000   0.000000000000   0.000000000000
  0.000000000000   0.000000000000   0.000000000000
  0.000000000000   0.000000000000   0.000000000000
  0.000000000000   0.000000000000   0.000000000000
  0.000000000000   0.000000000000   0.000000000000
  0.000000000000   0.000000000000   0.000000000000
  0.000000000000   0.000000000000   0.000000000000
  0.000000000000   0.000000000000   0.000000000000
  0.000000000000   0.000000000000   0.000000000000
  0.000000000000   0.000000000000   0.000000000000
  0.000000000000   0.000000000000   0.000000000000
  0.000000000000   0.000000000000   0.000000000000
  0.000000000000   0.000000000000   0.000000000000
  0.000000000000   0.000000000000   0.000000000000
  0.000000000000   0.000000000000   0.000000000000
  0.000000000000   0.000000000000   0.000000000000
  0.000000000000   0.000000000000   0.000000000000
  0.000000000000   0.000000000000   0.000000000000
  0.000000000000   0.000000000000   0.000000000000
  0.000000000000   0.000000000000   0.000000000000
  0.000000000000   0.000000000000   0.000000000000
  0.000000000000   0.000000000000   0.000000000000
  0.000000000000   0.000000000000   0.000000000000
  0.000000000000   0.000000000000   0.000000000000
  0.000000000000   0.000000000000   0.000000000000
  0.000000000000   0.000000000000   0.000000000000
  0.000000000000   0.000000000000   0.000000000000
  0.000000000000   0.000000000000   0.000000000000
  0.000000000000   0.000000000000   0.000000000000
  0.000000000000   0.000000000000   0.000000000000
  0.000000000000   0.000000000000   0.000000000000
  0.000000000000   0.000000000000   0.000000000000
  0.000000000000   0.000000000000   0.000000000000
  0.000000000000   0.000000000000   0.000000000000
  0.000000000000   0.000000000000   0.000000000000
  0.000000000000   0.000000000000   0.000000000000
  0.000000000000   0.000000000000   0.000000000000
  0.000000000000   0.000000000000   0.000000000000
  0.000000000000   0.000000000000   0.000000000000
  0.000000000000   0.000000000000   0.000000000000
  0.000000000000   0.000000000000   0.000000000000
  0.000000000000   0.000000000000   0.000000000000
  0.000000000000   0.000000000000   0.000000000000
  0.000000000000   0.000000000000   0.000000000000
  0.000000000000   0.000000000000   0.000000000000
  0.000000000000   0.000000000000   0.000000000000
  0.000000000000   0.000000000000   0.000000000000
  0.000000000000   0.000000000000   0.000000000000
  0.000000000000   0.000000000000   0.000000000000
  0.000000000000   0.000000000000   0.000000000000
  0.000000000000   0.000000000000   0.000000000000
  0.000000000000   0.000000000000   0.000000000000
  0.000000000000   0.000000000000   0.000000000000
  0.000000000000   0.000000000000   0.000000000000
  0.000000000000   0.000000000000   0.000000000000
  0.000000000000   0.000000000000   0.000000000000
  0.000000000000   0.000000000000   0.000000000000
  0.000000000000   0.000000000000   0.000000000000
  0.000000000000   0.000000000000   0.000000000000
  0.000000000000   0.000000000000   0.000000000000
  0.000000000000   0.000000000000   0.000000000000
  0.000000000000   0.000000000000   0.000000000000
  0.000000000000   0.000000000000   0.000000000000
  0.000000000000   0.000000000000   0.000000000000
  0.000000000000   0.000000000000   0.000000000000
  0.000000000000   0.000000000000   0.000000000000
  0.000000000000   0.000000000000   0.000000000000
  0.000000000000   0.000000000000   0.000000000000
  0.000000000000   0.000000000000   0.000000000000
  0.000000000000   0.000000000000   0.000000000000
  0.000000000000   0.000000000000   0.000000000000
  0.000000000000   0.000000000000   0.000000000000
  0.000000000000   0.000000000000   0.000000000000
  0.000000000000   0.000000000000   0.000000000000
  0.000000000000   0.000000000000   0.000000000000
  0.000000000000   0.000000000000   0.000000000000
  0.000000000000   0.000000000000   0.000000000000
  0.000000000000   0.000000000000   0.000000000000
  0.000000000000   0.000000000000   0.000000000000
  0.000000000000   0.000000000000   0.000000000000
  0.000000000000   0.000000000000   0.000000000000
  0.000000000000   0.000000000000   0.000000000000
  0.000000000000   0.000000000000   0.000000000000
  0.000000000000   0.000000000000   0.000000000000
  0.000000000000   0.000000000000   0.000000000000
  0.000000000000   0.000000000000   0.000000000000
  0.000000000000   0.000000000000   0.000000000000
  0.000000000000   0.000000000000   0.000000000000
  0.000000000000   0.000000000000   0.000000000000
  0.000000000000   0.000000000000   0.000000000000
  0.000000000000   0.000000000000   0.000000000000
  0.000000000000   0.000000000000   0.000000000000
  0.000000000000   0.000000000000   0.000000000000
  0.000000000000   0.000000000000   0.000000000000
  0.000000000000   0.000000000000   0.000000000000
  0.000000000000   0.000000000000   0.000000000000
  0.000000000000   0.000000000000   0.000000000000
  0.000000000000   0.000000000000   0.000000000000
  0.000000000000   0.000000000000   0.000000000000
  0.000000000000   0.000000000000   0.000000000000
  0.000000000000   0.000000000000   0.000000000000
  0.000000000000   0.000000000000   0.000000000000
  0.000000000000   0.000000000000   0.000000000000
  0.000000000000   0.000000000000   0.000000000000
  0.000000000000   0.000000000000   0.000000000000
  0.000000000000   0.000000000000   0.000000000000
  0.000000000000   0.000000000000   0.000000000000
  0.000000000000   0.000000000000   0.000000000000
  0.000000000000   0.000000000000   0.000000000000
  0.000000000000   0.000000000000   0.000000000000
  0.000000000000   0.000000000000   0.000000000000
  0.000000000000   0.000000000000   0.000000000000
  0.000000000000   0.000000000000   0.000000000000
  0.000000000000   0.000000000000   0.000000000000
  0.000000000000   0.000000000000   0.000000000000
  0.000000000000   0.000000000000   0.000000000000
  0.000000000000   0.000000000000   0.000000000000
  0.000000000000   0.000000000000   0.000000000000
  0.000000000000   0.000000000000   0.000000000000
  0.000000000000   0.000000000000   0.000000000000
  0.000000000000   0.000000000000   0.000000000000
  0.000000000000   0.000000000000   0.000000000000
  0.000000000000   0.000000000000   0.000000000000
  0.000000000000   0.000000000000   0.000000000000
  0.000000000000   0.000000000000   0.000000000000
  0.000000000000   0.000000000000   0.000000000000
  0.000000000000   0.000000000000   0.000000000000
  0.000000000000   0.000000000000   0.000000000000
  0.000000000000   0.000000000000   0.000000000000
  0.000000000000   0.000000000000   0.000000000000
  0.000000000000   0.000000000000   0.000000000000
  0.000000000000   0.000000000000   0.000000000000
  0.000000000000   0.000000000000   0.000000000000
  0.000000000000   0.000000000000   0.000000000000
  0.000000000000   0.000000000000   0.000000000000
  0.000000000000   0.000000000000   0.000000000000
  0.000000000000   0.000000000000   0.000000000000
  0.000000000000   0.000000000000   0.000000000000
  0.000000000000   0.000000000000   0.000000000000
  0.000000000000   0.000000000000   0.000000000000
  0.000000000000   0.000000000000   0.000000000000
  0.000000000000   0.000000000000   0.000000000000
  0.000000000000   0.000000000000   0.000000000000
  0.000000000000   0.000000000000   0.000000000000
  0.000000000000   0.000000000000   0.000000000000
  0.000000000000   0.000000000000   0.000000000000
  0.000000000000   0.000000000000   0.000000000000
  105    3  0.0000  0.0000  0.0150
  0.000000000000   0.000000000000   0.000000000000
  0.000000000000   0.000000000000   0.000000000000
  0.000000000000   0.000000000000   0.000000000000
  0.000000000000   0.000000000000   0.000000000000
  0.000000000000   0.000000000000   0.000000000000
  0.000000000000   0.000000000000   0.000000000000
  0.000000000000   0.000000000000   0.000000000000
  0.000000000000   0.000000000000   0.000000000000
  0.000000000000   0.000000000000   0.000000000000
  0.000000000000   0.000000000000   0.000000000000
  0.000000000000   0.000000000000   0.000000000000
  0.000000000000   0.000000000000   0.000000000000
  0.000000000000   0.000000000000   0.000000000000
  0.000000000000   0.000000000000   0.000000000000
  0.000000000000   0.000000000000   0.000000000000
  0.000000000000   0.000000000000   0.000000000000
  0.000000000000   0.000000000000   0.000000000000
  0.000000000000   0.000000000000   0.000000000000
  0.000000000000   0.000000000000   0.000000000000
  0.000000000000   0.000000000000   0.000000000000
  0.000000000000   0.000000000000   0.000000000000
  0.000000000000   0.000000000000   0.000000000000
  0.000000000000   0.000000000000   0.000000000000
  0.000000000000   0.000000000000   0.000000000000
  0.000000000000   0.000000000000   0.000000000000
  0.000000000000   0.000000000000   0.000000000000
  0.000000000000   0.000000000000   0.000000000000
  0.000000000000   0.000000000000   0.000000000000
  0.000000000000   0.000000000000   0.000000000000
  0.000000000000   0.000000000000   0.000000000000
  0.000000000000   0.000000000000   0.000000000000
  0.000000000000   0.000000000000   0.000000000000
  0.000000000000   0.000000000000   0.000000000000
  0.000000000000   0.000000000000   0.000000000000
  0.000000000000   0.000000000000   0.000000000000
  0.000000000000   0.000000000000   0.000000000000
  0.000000000000   0.000000000000   0.000000000000
  0.000000000000   0.000000000000   0.000000000000
  0.000000000000   0.000000000000   0.000000000000
  0.000000000000   0.000000000000   0.000000000000
  0.000000000000   0.000000000000   0.000000000000
  0.000000000000   0.000000000000   0.000000000000
  0.000000000000   0.000000000000   0.000000000000
  0.000000000000   0.000000000000   0.000000000000
  0.000000000000   0.000000000000   0.000000000000
  0.000000000000   0.000000000000   0.000000000000
  0.000000000000   0.000000000000   0.000000000000
  0.000000000000   0.000000000000   0.000000000000
  0.000000000000   0.000000000000   0.000000000000
  0.000000000000   0.000000000000   0.000000000000
  0.000000000000   0.000000000000   0.000000000000
  0.000000000000   0.000000000000   0.000000000000
  0.000000000000   0.000000000000   0.000000000000
  0.000000000000   0.000000000000   0.000000000000
  0.000000000000   0.000000000000   0.000000000000
  0.000000000000   0.000000000000   0.000000000000
  0.000000000000   0.000000000000   0.000000000000
  0.000000000000   0.000000000000   0.000000000000
  0.000000000000   0.000000000000   0.000000000000
  0.000000000000   0.000000000000   0.000000000000
  0.000000000000   0.000000000000   0.000000000000
  0.000000000000   0.000000000000   0.000000000000
  0.000000000000   0.000000000000   0.000000000000
  0.000000000000   0.000000000000   0.000000000000
  0.000000000000   0.000000000000   0.000000000000
  0.000000000000   0.000000000000   0.000000000000
  0.000000000000   0.000000000000   0.000000000000
  0.000000000000   0.000000000000   0.000000000000
  0.000000000000   0.000000000000   0.000000000000
  0.000000000000   0.000000000000   0.000000000000
  0.000000000000   0.000000000000   0.000000000000
  0.000000000000   0.000000000000   0.000000000000
  0.000000000000   0.000000000000   0.000000000000
  0.000000000000   0.000000000000   0.000000000000
  0.000000000000   0.000000000000   0.000000000000
  0.000000000000   0.000000000000   0.000000000000
  0.000000000000   0.000000000000   0.000000000000
  0.000000000000   0.000000000000   0.000000000000
  0.000000000000   0.000000000000   0.000000000000
  0.000000000000   0.000000000000   0.000000000000
  0.000000000000   0.000000000000   0.000000000000
  0.000000000000   0.000000000000   0.000000000000
  0.000000000000   0.000000000000   0.000000000000
  0.000000000000   0.000000000000   0.000000000000
  0.000000000000   0.000000000000   0.000000000000
  0.000000000000   0.000000000000   0.000000000000
  0.000000000000   0.000000000000   0.000000000000
  0.000000000000   0.000000000000   0.000000000000
  0.000000000000   0.000000000000   0.000000000000
  0.000000000000   0.000000000000   0.000000000000
  0.000000000000   0.000000000000   0.000000000000
  0.000000000000   0.000000000000   0.000000000000
  0.000000000000   0.000000000000   0.000000000000
  0.000000000000   0.000000000000   0.000000000000
  0.000000000000   0.000000000000   0.000000000000
  0.000000000000   0.000000000000   0.000000000000
  0.000000000000   0.000000000000   0.000000000000
  0.000018019166   0.000022462112  -0.000005659009
  0.000038370905   0.000052999939   0.000031026092
  0.000011182227  -0.000023704568  -0.000015589571
 -0.000033615511   0.000012632791   0.000053990600
 -0.000774840087   0.000710743349   0.000152856830
  0.002147582216  -0.001130634444   0.018256225098
 -0.000009853876  -0.000199139714   0.007334472538
 -0.049523091707   0.009194606360  -0.467497416013
 -0.000334344299   0.000018498613  -0.000087915452
  0.000100050443   0.000158965589   0.000038026988
 -0.000201624158   0.000132727352   0.000145855155
 -0.000435953679  -0.000027779674  -0.000472549102
  0.000913030145   0.000674054862  -0.000053314871
  0.000758440199  -0.002958169841  -0.001147386056
  0.003280362011   0.001575934907   0.013023354012
  0.045009944027  -0.009525774840   0.428011983710
 -0.000952279315   0.002567727972   0.000065811231
  0.000549047046  -0.000575931532  -0.000100255800
  0.000000000000   0.000000000000   0.000000000000
  0.000000000000   0.000000000000   0.000000000000
  0.000000000000   0.000000000000   0.000000000000
  0.000000000000   0.000000000000   0.000000000000
  0.000000000000   0.000000000000   0.000000000000
  0.000000000000   0.000000000000   0.000000000000
  0.000000000000   0.000000000000   0.000000000000
  0.000000000000   0.000000000000   0.000000000000
  0.000000000000   0.000000000000   0.000000000000
  0.000000000000   0.000000000000   0.000000000000
  0.000000000000   0.000000000000   0.000000000000
  0.000000000000   0.000000000000   0.000000000000
  0.000000000000   0.000000000000   0.000000000000
  0.000000000000   0.000000000000   0.000000000000
  0.000000000000   0.000000000000   0.000000000000
  0.000000000000   0.000000000000   0.000000000000
  0.000000000000   0.000000000000   0.000000000000
  0.000000000000   0.000000000000   0.000000000000
  0.000000000000   0.000000000000   0.000000000000
  0.000000000000   0.000000000000   0.000000000000
  0.000000000000   0.000000000000   0.000000000000
  0.000000000000   0.000000000000   0.000000000000
  0.000000000000   0.000000000000   0.000000000000
  0.000000000000   0.000000000000   0.000000000000
  0.000000000000   0.000000000000   0.000000000000
  0.000000000000   0.000000000000   0.000000000000
  0.000000000000   0.000000000000   0.000000000000
  0.000000000000   0.000000000000   0.000000000000
  0.000000000000   0.000000000000   0.000000000000
  0.000000000000   0.000000000000   0.000000000000
  0.000000000000   0.000000000000   0.000000000000
  0.000000000000   0.000000000000   0.000000000000
  0.000000000000   0.000000000000   0.000000000000
  0.000000000000   0.000000000000   0.000000000000
  0.000000000000   0.000000000000   0.000000000000
  0.000000000000   0.000000000000   0.000000000000
  0.000000000000   0.000000000000   0.000000000000
  0.000000000000   0.000000000000   0.000000000000
  0.000000000000   0.000000000000   0.000000000000
  0.000000000000   0.000000000000   0.000000000000
  0.000000000000   0.000000000000   0.000000000000
  0.000000000000   0.000000000000   0.000000000000
  0.000000000000   0.000000000000   0.000000000000
  0.000000000000   0.000000000000   0.000000000000
  0.000000000000   0.000000000000   0.000000000000
  0.000000000000   0.000000000000   0.000000000000
  0.000000000000   0.000000000000   0.000000000000
  0.000000000000   0.000000000000   0.000000000000
  0.000000000000   0.000000000000   0.000000000000
  0.000000000000   0.000000000000   0.000000000000
  0.000000000000   0.000000000000   0.000000000000
  0.000000000000   0.000000000000   0.000000000000
  0.000000000000   0.000000000000   0.000000000000
  0.000000000000   0.000000000000   0.000000000000
  0.000000000000   0.000000000000   0.000000000000
  0.000000000000   0.000000000000   0.000000000000
  0.000000000000   0.000000000000   0.000000000000
  0.000000000000   0.000000000000   0.000000000000
  0.000000000000   0.000000000000   0.000000000000
  0.000000000000   0.000000000000   0.000000000000
  0.000000000000   0.000000000000   0.000000000000
  0.000000000000   0.000000000000   0.000000000000
  0.000000000000   0.000000000000   0.000000000000
  0.000000000000   0.000000000000   0.000000000000
  0.000000000000   0.000000000000   0.000000000000
  0.000000000000   0.000000000000   0.000000000000
  0.000000000000   0.000000000000   0.000000000000
  0.000000000000   0.000000000000   0.000000000000
  0.000000000000   0.000000000000   0.000000000000
  0.000000000000   0.000000000000   0.000000000000
  0.000000000000   0.000000000000   0.000000000000
  0.000000000000   0.000000000000   0.000000000000
  0.000000000000   0.000000000000   0.000000000000
  0.000000000000   0.000000000000   0.000000000000
  0.000000000000   0.000000000000   0.000000000000
  0.000000000000   0.000000000000   0.000000000000
  0.000000000000   0.000000000000   0.000000000000
  0.000000000000   0.000000000000   0.000000000000
  0.000000000000   0.000000000000   0.000000000000
  0.000000000000   0.000000000000   0.000000000000
  0.000000000000   0.000000000000   0.000000000000
  0.000000000000   0.000000000000   0.000000000000
  0.000000000000   0.000000000000   0.000000000000
  0.000000000000   0.000000000000   0.000000000000
  0.000000000000   0.000000000000   0.000000000000
  0.000000000000   0.000000000000   0.000000000000
  0.000000000000   0.000000000000   0.000000000000
  0.000000000000   0.000000000000   0.000000000000
  0.000000000000   0.000000000000   0.000000000000
  0.000000000000   0.000000000000   0.000000000000
  0.000000000000   0.000000000000   0.000000000000
  0.000000000000   0.000000000000   0.000000000000
  0.000000000000   0.000000000000   0.000000000000
  0.000000000000   0.000000000000   0.000000000000
  0.000000000000   0.000000000000   0.000000000000
  0.000000000000   0.000000000000   0.000000000000
  0.000000000000   0.000000000000   0.000000000000
  0.000000000000   0.000000000000   0.000000000000
  0.000000000000   0.000000000000   0.000000000000
  0.000000000000   0.000000000000   0.000000000000
  0.000000000000   0.000000000000   0.000000000000
  0.000000000000   0.000000000000   0.000000000000
  0.000000000000   0.000000000000   0.000000000000
  0.000000000000   0.000000000000   0.000000000000
  0.000000000000   0.000000000000   0.000000000000
  0.000000000000   0.000000000000   0.000000000000
  0.000000000000   0.000000000000   0.000000000000
  0.000000000000   0.000000000000   0.000000000000
  0.000000000000   0.000000000000   0.000000000000
  0.000000000000   0.000000000000   0.000000000000
  0.000000000000   0.000000000000   0.000000000000
  0.000000000000   0.000000000000   0.000000000000
  0.000000000000   0.000000000000   0.000000000000
  0.000000000000   0.000000000000   0.000000000000
  0.000000000000   0.000000000000   0.000000000000
  0.000000000000   0.000000000000   0.000000000000
  0.000000000000   0.000000000000   0.000000000000
  0.000000000000   0.000000000000   0.000000000000
  0.000000000000   0.000000000000   0.000000000000
  0.000000000000   0.000000000000   0.000000000000
  0.000000000000   0.000000000000   0.000000000000
  0.000000000000   0.000000000000   0.000000000000
  0.000000000000   0.000000000000   0.000000000000
  0.000000000000   0.000000000000   0.000000000000
  0.000000000000   0.000000000000   0.000000000000
  0.000000000000   0.000000000000   0.000000000000
  0.000000000000   0.000000000000   0.000000000000
  0.000000000000   0.000000000000   0.000000000000
  0.000000000000   0.000000000000   0.000000000000
  0.000000000000   0.000000000000   0.000000000000
  0.000000000000   0.000000000000   0.000000000000
  0.000000000000   0.000000000000   0.000000000000
  0.000000000000   0.000000000000   0.000000000000
  0.000000000000   0.000000000000   0.000000000000
  0.000000000000   0.000000000000   0.000000000000
  0.000000000000   0.000000000000   0.000000000000
  0.000000000000   0.000000000000   0.000000000000
  0.000000000000   0.000000000000   0.000000000000
  0.000000000000   0.000000000000   0.000000000000
  0.000000000000   0.000000000000   0.000000000000
  0.000000000000   0.000000000000   0.000000000000
  0.000000000000   0.000000000000   0.000000000000
  0.000000000000   0.000000000000   0.000000000000
  0.000000000000   0.000000000000   0.000000000000
  0.000000000000   0.000000000000   0.000000000000
  0.000000000000   0.000000000000   0.000000000000
  0.000000000000   0.000000000000   0.000000000000
  0.000000000000   0.000000000000   0.000000000000
  0.000000000000   0.000000000000   0.000000000000
  0.000000000000   0.000000000000   0.000000000000
  0.000000000000   0.000000000000   0.000000000000
  0.000000000000   0.000000000000   0.000000000000
  0.000000000000   0.000000000000   0.000000000000
  0.000000000000   0.000000000000   0.000000000000
  0.000000000000   0.000000000000   0.000000000000
  0.000000000000   0.000000000000   0.000000000000
  0.000000000000   0.000000000000   0.000000000000
  0.000000000000   0.000000000000   0.000000000000
  0.000000000000   0.000000000000   0.000000000000
  0.000000000000   0.000000000000   0.000000000000
  0.000000000000   0.000000000000   0.000000000000
  0.000000000000   0.000000000000   0.000000000000
  0.000000000000   0.000000000000   0.000000000000
  0.000000000000   0.000000000000   0.000000000000
  0.000000000000   0.000000000000   0.000000000000
  0.000000000000   0.000000000000   0.000000000000
  0.000000000000   0.000000000000   0.000000000000
  0.000000000000   0.000000000000   0.000000000000
  0.000000000000   0.000000000000   0.000000000000
  0.000000000000   0.000000000000   0.000000000000
  0.000000000000   0.000000000000   0.000000000000
  0.000000000000   0.000000000000   0.000000000000
  0.000000000000   0.000000000000   0.000000000000
  0.000000000000   0.000000000000   0.000000000000
  0.000000000000   0.000000000000   0.000000000000
  0.000000000000   0.000000000000   0.000000000000
  0.000000000000   0.000000000000   0.000000000000
  0.000000000000   0.000000000000   0.000000000000
  0.000000000000   0.000000000000   0.000000000000
  0.000000000000   0.000000000000   0.000000000000
  0.000000000000   0.000000000000   0.000000000000
  0.000000000000   0.000000000000   0.000000000000
  0.000000000000   0.000000000000   0.000000000000
  0.000000000000   0.000000000000   0.000000000000
  0.000000000000   0.000000000000   0.000000000000
  0.000000000000   0.000000000000   0.000000000000
  0.000000000000   0.000000000000   0.000000000000
  0.000000000000   0.000000000000   0.000000000000
  0.000000000000   0.000000000000   0.000000000000
  0.000000000000   0.000000000000   0.000000000000
  0.000000000000   0.000000000000   0.000000000000
  0.000000000000   0.000000000000   0.000000000000
  106    1  0.0150  0.0000  0.0000
  0.000000000000   0.000000000000   0.000000000000
  0.000000000000   0.000000000000   0.000000000000
  0.000000000000   0.000000000000   0.000000000000
  0.000000000000   0.000000000000   0.000000000000
  0.000000000000   0.000000000000   0.000000000000
  0.000000000000   0.000000000000   0.000000000000
  0.000000000000   0.000000000000   0.000000000000
  0.000000000000   0.000000000000   0.000000000000
  0.000000000000   0.000000000000   0.000000000000
  0.000000000000   0.000000000000   0.000000000000
  0.000000000000   0.000000000000   0.000000000000
  0.000000000000   0.000000000000   0.000000000000
  0.000000000000   0.000000000000   0.000000000000
  0.000000000000   0.000000000000   0.000000000000
  0.000000000000   0.000000000000   0.000000000000
  0.000000000000   0.000000000000   0.000000000000
  0.000000000000   0.000000000000   0.000000000000
  0.000000000000   0.000000000000   0.000000000000
  0.000000000000   0.000000000000   0.000000000000
  0.000000000000   0.000000000000   0.000000000000
  0.000000000000   0.000000000000   0.000000000000
  0.000000000000   0.000000000000   0.000000000000
  0.000000000000   0.000000000000   0.000000000000
  0.000000000000   0.000000000000   0.000000000000
  0.000000000000   0.000000000000   0.000000000000
  0.000000000000   0.000000000000   0.000000000000
  0.000000000000   0.000000000000   0.000000000000
  0.000000000000   0.000000000000   0.000000000000
  0.000000000000   0.000000000000   0.000000000000
  0.000000000000   0.000000000000   0.000000000000
  0.000000000000   0.000000000000   0.000000000000
  0.000000000000   0.000000000000   0.000000000000
  0.000000000000   0.000000000000   0.000000000000
  0.000000000000   0.000000000000   0.000000000000
  0.000000000000   0.000000000000   0.000000000000
  0.000000000000   0.000000000000   0.000000000000
  0.000000000000   0.000000000000   0.000000000000
  0.000000000000   0.000000000000   0.000000000000
  0.000000000000   0.000000000000   0.000000000000
  0.000000000000   0.000000000000   0.000000000000
  0.000000000000   0.000000000000   0.000000000000
  0.000000000000   0.000000000000   0.000000000000
  0.000000000000   0.000000000000   0.000000000000
  0.000000000000   0.000000000000   0.000000000000
  0.000000000000   0.000000000000   0.000000000000
  0.000000000000   0.000000000000   0.000000000000
  0.000000000000   0.000000000000   0.000000000000
  0.000000000000   0.000000000000   0.000000000000
  0.000000000000   0.000000000000   0.000000000000
  0.000000000000   0.000000000000   0.000000000000
  0.000000000000   0.000000000000   0.000000000000
  0.000000000000   0.000000000000   0.000000000000
  0.000000000000   0.000000000000   0.000000000000
  0.000000000000   0.000000000000   0.000000000000
  0.000000000000   0.000000000000   0.000000000000
  0.000000000000   0.000000000000   0.000000000000
  0.000000000000   0.000000000000   0.000000000000
  0.000000000000   0.000000000000   0.000000000000
  0.000000000000   0.000000000000   0.000000000000
  0.000000000000   0.000000000000   0.000000000000
  0.000000000000   0.000000000000   0.000000000000
  0.000000000000   0.000000000000   0.000000000000
  0.000000000000   0.000000000000   0.000000000000
  0.000000000000   0.000000000000   0.000000000000
  0.000000000000   0.000000000000   0.000000000000
  0.000000000000   0.000000000000   0.000000000000
  0.000000000000   0.000000000000   0.000000000000
  0.000000000000   0.000000000000   0.000000000000
  0.000000000000   0.000000000000   0.000000000000
  0.000000000000   0.000000000000   0.000000000000
  0.000000000000   0.000000000000   0.000000000000
  0.000000000000   0.000000000000   0.000000000000
  0.000000000000   0.000000000000   0.000000000000
  0.000000000000   0.000000000000   0.000000000000
  0.000000000000   0.000000000000   0.000000000000
  0.000000000000   0.000000000000   0.000000000000
  0.000000000000   0.000000000000   0.000000000000
  0.000000000000   0.000000000000   0.000000000000
  0.000000000000   0.000000000000   0.000000000000
  0.000000000000   0.000000000000   0.000000000000
  0.000000000000   0.000000000000   0.000000000000
  0.000000000000   0.000000000000   0.000000000000
  0.000000000000   0.000000000000   0.000000000000
  0.000000000000   0.000000000000   0.000000000000
  0.000000000000   0.000000000000   0.000000000000
  0.000000000000   0.000000000000   0.000000000000
  0.000000000000   0.000000000000   0.000000000000
  0.000000000000   0.000000000000   0.000000000000
  0.000000000000   0.000000000000   0.000000000000
  0.000000000000   0.000000000000   0.000000000000
  0.000000000000   0.000000000000   0.000000000000
  0.000000000000   0.000000000000   0.000000000000
  0.000000000000   0.000000000000   0.000000000000
  0.000000000000   0.000000000000   0.000000000000
  0.000000000000   0.000000000000   0.000000000000
  0.000000000000   0.000000000000   0.000000000000
  0.000000000000   0.000000000000   0.000000000000
 -0.000011227952   0.000051160406  -0.000020477946
  0.000048706778   0.000104009619   0.000130021693
  0.000077647461  -0.000077505776  -0.000013998091
  0.000753896868  -0.000103128362  -0.000766669871
  0.000511885382  -0.001491681211   0.000511744034
  0.000599367902   0.000429726163   0.000648472650
 -0.000116246515   0.000443214723   0.000569064286
 -0.000590867084  -0.000126779079  -0.000490078715
 -0.099623824395   0.110740479286  -0.078513176496
  0.002551094915  -0.000403840140  -0.003139189586
 -0.000750415487   0.000163218245  -0.000078245660
 -0.005607151720   0.003112268889   0.005173093560
  0.001432071568   0.001097957578  -0.000049999416
 -0.000470505041   0.001669009794   0.008922039990
  0.005123426234  -0.027114960598   0.012864540795
  0.001936182424  -0.001398737009  -0.003689991663
  0.098097572624  -0.100220831643   0.066369418953
 -0.007181490743   0.011518178629  -0.007002233264
  0.000000000000   0.000000000000   0.000000000000
  0.000000000000   0.000000000000   0.000000000000
  0.000000000000   0.000000000000   0.000000000000
  0.000000000000   0.000000000000   0.000000000000
  0.000000000000   0.000000000000   0.000000000000
  0.000000000000   0.000000000000   0.000000000000
  0.000000000000   0.000000000000   0.000000000000
  0.000000000000   0.000000000000   0.000000000000
  0.000000000000   0.000000000000   0.000000000000
  0.000000000000   0.000000000000   0.000000000000
  0.000000000000   0.000000000000   0.000000000000
  0.000000000000   0.000000000000   0.000000000000
  0.000000000000   0.000000000000   0.000000000000
  0.000000000000   0.000000000000   0.000000000000
  0.000000000000   0.000000000000   0.000000000000
  0.000000000000   0.000000000000   0.000000000000
  0.000000000000   0.000000000000   0.000000000000
  0.000000000000   0.000000000000   0.000000000000
  0.000000000000   0.000000000000   0.000000000000
  0.000000000000   0.000000000000   0.000000000000
  0.000000000000   0.000000000000   0.000000000000
  0.000000000000   0.000000000000   0.000000000000
  0.000000000000   0.000000000000   0.000000000000
  0.000000000000   0.000000000000   0.000000000000
  0.000000000000   0.000000000000   0.000000000000
  0.000000000000   0.000000000000   0.000000000000
  0.000000000000   0.000000000000   0.000000000000
  0.000000000000   0.000000000000   0.000000000000
  0.000000000000   0.000000000000   0.000000000000
  0.000000000000   0.000000000000   0.000000000000
  0.000000000000   0.000000000000   0.000000000000
  0.000000000000   0.000000000000   0.000000000000
  0.000000000000   0.000000000000   0.000000000000
  0.000000000000   0.000000000000   0.000000000000
  0.000000000000   0.000000000000   0.000000000000
  0.000000000000   0.000000000000   0.000000000000
  0.000000000000   0.000000000000   0.000000000000
  0.000000000000   0.000000000000   0.000000000000
  0.000000000000   0.000000000000   0.000000000000
  0.000000000000   0.000000000000   0.000000000000
  0.000000000000   0.000000000000   0.000000000000
  0.000000000000   0.000000000000   0.000000000000
  0.000000000000   0.000000000000   0.000000000000
  0.000000000000   0.000000000000   0.000000000000
  0.000000000000   0.000000000000   0.000000000000
  0.000000000000   0.000000000000   0.000000000000
  0.000000000000   0.000000000000   0.000000000000
  0.000000000000   0.000000000000   0.000000000000
  0.000000000000   0.000000000000   0.000000000000
  0.000000000000   0.000000000000   0.000000000000
  0.000000000000   0.000000000000   0.000000000000
  0.000000000000   0.000000000000   0.000000000000
  0.000000000000   0.000000000000   0.000000000000
  0.000000000000   0.000000000000   0.000000000000
  0.000000000000   0.000000000000   0.000000000000
  0.000000000000   0.000000000000   0.000000000000
  0.000000000000   0.000000000000   0.000000000000
  0.000000000000   0.000000000000   0.000000000000
  0.000000000000   0.000000000000   0.000000000000
  0.000000000000   0.000000000000   0.000000000000
  0.000000000000   0.000000000000   0.000000000000
  0.000000000000   0.000000000000   0.000000000000
  0.000000000000   0.000000000000   0.000000000000
  0.000000000000   0.000000000000   0.000000000000
  0.000000000000   0.000000000000   0.000000000000
  0.000000000000   0.000000000000   0.000000000000
  0.000000000000   0.000000000000   0.000000000000
  0.000000000000   0.000000000000   0.000000000000
  0.000000000000   0.000000000000   0.000000000000
  0.000000000000   0.000000000000   0.000000000000
  0.000000000000   0.000000000000   0.000000000000
  0.000000000000   0.000000000000   0.000000000000
  0.000000000000   0.000000000000   0.000000000000
  0.000000000000   0.000000000000   0.000000000000
  0.000000000000   0.000000000000   0.000000000000
  0.000000000000   0.000000000000   0.000000000000
  0.000000000000   0.000000000000   0.000000000000
  0.000000000000   0.000000000000   0.000000000000
  0.000000000000   0.000000000000   0.000000000000
  0.000000000000   0.000000000000   0.000000000000
  0.000000000000   0.000000000000   0.000000000000
  0.000000000000   0.000000000000   0.000000000000
  0.000000000000   0.000000000000   0.000000000000
  0.000000000000   0.000000000000   0.000000000000
  0.000000000000   0.000000000000   0.000000000000
  0.000000000000   0.000000000000   0.000000000000
  0.000000000000   0.000000000000   0.000000000000
  0.000000000000   0.000000000000   0.000000000000
  0.000000000000   0.000000000000   0.000000000000
  0.000000000000   0.000000000000   0.000000000000
  0.000000000000   0.000000000000   0.000000000000
  0.000000000000   0.000000000000   0.000000000000
  0.000000000000   0.000000000000   0.000000000000
  0.000000000000   0.000000000000   0.000000000000
  0.000000000000   0.000000000000   0.000000000000
  0.000000000000   0.000000000000   0.000000000000
  0.000000000000   0.000000000000   0.000000000000
  0.000000000000   0.000000000000   0.000000000000
  0.000000000000   0.000000000000   0.000000000000
  0.000000000000   0.000000000000   0.000000000000
  0.000000000000   0.000000000000   0.000000000000
  0.000000000000   0.000000000000   0.000000000000
  0.000000000000   0.000000000000   0.000000000000
  0.000000000000   0.000000000000   0.000000000000
  0.000000000000   0.000000000000   0.000000000000
  0.000000000000   0.000000000000   0.000000000000
  0.000000000000   0.000000000000   0.000000000000
  0.000000000000   0.000000000000   0.000000000000
  0.000000000000   0.000000000000   0.000000000000
  0.000000000000   0.000000000000   0.000000000000
  0.000000000000   0.000000000000   0.000000000000
  0.000000000000   0.000000000000   0.000000000000
  0.000000000000   0.000000000000   0.000000000000
  0.000000000000   0.000000000000   0.000000000000
  0.000000000000   0.000000000000   0.000000000000
  0.000000000000   0.000000000000   0.000000000000
  0.000000000000   0.000000000000   0.000000000000
  0.000000000000   0.000000000000   0.000000000000
  0.000000000000   0.000000000000   0.000000000000
  0.000000000000   0.000000000000   0.000000000000
  0.000000000000   0.000000000000   0.000000000000
  0.000000000000   0.000000000000   0.000000000000
  0.000000000000   0.000000000000   0.000000000000
  0.000000000000   0.000000000000   0.000000000000
  0.000000000000   0.000000000000   0.000000000000
  0.000000000000   0.000000000000   0.000000000000
  0.000000000000   0.000000000000   0.000000000000
  0.000000000000   0.000000000000   0.000000000000
  0.000000000000   0.000000000000   0.000000000000
  0.000000000000   0.000000000000   0.000000000000
  0.000000000000   0.000000000000   0.000000000000
  0.000000000000   0.000000000000   0.000000000000
  0.000000000000   0.000000000000   0.000000000000
  0.000000000000   0.000000000000   0.000000000000
  0.000000000000   0.000000000000   0.000000000000
  0.000000000000   0.000000000000   0.000000000000
  0.000000000000   0.000000000000   0.000000000000
  0.000000000000   0.000000000000   0.000000000000
  0.000000000000   0.000000000000   0.000000000000
  0.000000000000   0.000000000000   0.000000000000
  0.000000000000   0.000000000000   0.000000000000
  0.000000000000   0.000000000000   0.000000000000
  0.000000000000   0.000000000000   0.000000000000
  0.000000000000   0.000000000000   0.000000000000
  0.000000000000   0.000000000000   0.000000000000
  0.000000000000   0.000000000000   0.000000000000
  0.000000000000   0.000000000000   0.000000000000
  0.000000000000   0.000000000000   0.000000000000
  0.000000000000   0.000000000000   0.000000000000
  0.000000000000   0.000000000000   0.000000000000
  0.000000000000   0.000000000000   0.000000000000
  0.000000000000   0.000000000000   0.000000000000
  0.000000000000   0.000000000000   0.000000000000
  0.000000000000   0.000000000000   0.000000000000
  0.000000000000   0.000000000000   0.000000000000
  0.000000000000   0.000000000000   0.000000000000
  0.000000000000   0.000000000000   0.000000000000
  0.000000000000   0.000000000000   0.000000000000
  0.000000000000   0.000000000000   0.000000000000
  0.000000000000   0.000000000000   0.000000000000
  0.000000000000   0.000000000000   0.000000000000
  0.000000000000   0.000000000000   0.000000000000
  0.000000000000   0.000000000000   0.000000000000
  0.000000000000   0.000000000000   0.000000000000
  0.000000000000   0.000000000000   0.000000000000
  0.000000000000   0.000000000000   0.000000000000
  0.000000000000   0.000000000000   0.000000000000
  0.000000000000   0.000000000000   0.000000000000
  0.000000000000   0.000000000000   0.000000000000
  0.000000000000   0.000000000000   0.000000000000
  0.000000000000   0.000000000000   0.000000000000
  0.000000000000   0.000000000000   0.000000000000
  0.000000000000   0.000000000000   0.000000000000
  0.000000000000   0.000000000000   0.000000000000
  0.000000000000   0.000000000000   0.000000000000
  0.000000000000   0.000000000000   0.000000000000
  0.000000000000   0.000000000000   0.000000000000
  0.000000000000   0.000000000000   0.000000000000
  0.000000000000   0.000000000000   0.000000000000
  0.000000000000   0.000000000000   0.000000000000
  0.000000000000   0.000000000000   0.000000000000
  0.000000000000   0.000000000000   0.000000000000
  0.000000000000   0.000000000000   0.000000000000
  0.000000000000   0.000000000000   0.000000000000
  0.000000000000   0.000000000000   0.000000000000
  0.000000000000   0.000000000000   0.000000000000
  0.000000000000   0.000000000000   0.000000000000
  0.000000000000   0.000000000000   0.000000000000
  0.000000000000   0.000000000000   0.000000000000
  0.000000000000   0.000000000000   0.000000000000
  0.000000000000   0.000000000000   0.000000000000
  0.000000000000   0.000000000000   0.000000000000
  106    2  0.0000  0.0150  0.0000
  0.000000000000   0.000000000000   0.000000000000
  0.000000000000   0.000000000000   0.000000000000
  0.000000000000   0.000000000000   0.000000000000
  0.000000000000   0.000000000000   0.000000000000
  0.000000000000   0.000000000000   0.000000000000
  0.000000000000   0.000000000000   0.000000000000
  0.000000000000   0.000000000000   0.000000000000
  0.000000000000   0.000000000000   0.000000000000
  0.000000000000   0.000000000000   0.000000000000
  0.000000000000   0.000000000000   0.000000000000
  0.000000000000   0.000000000000   0.000000000000
  0.000000000000   0.000000000000   0.000000000000
  0.000000000000   0.000000000000   0.000000000000
  0.000000000000   0.000000000000   0.000000000000
  0.000000000000   0.000000000000   0.000000000000
  0.000000000000   0.000000000000   0.000000000000
  0.000000000000   0.000000000000   0.000000000000
  0.000000000000   0.000000000000   0.000000000000
  0.000000000000   0.000000000000   0.000000000000
  0.000000000000   0.000000000000   0.000000000000
  0.000000000000   0.000000000000   0.000000000000
  0.000000000000   0.000000000000   0.000000000000
  0.000000000000   0.000000000000   0.000000000000
  0.000000000000   0.000000000000   0.000000000000
  0.000000000000   0.000000000000   0.000000000000
  0.000000000000   0.000000000000   0.000000000000
  0.000000000000   0.000000000000   0.000000000000
  0.000000000000   0.000000000000   0.000000000000
  0.000000000000   0.000000000000   0.000000000000
  0.000000000000   0.000000000000   0.000000000000
  0.000000000000   0.000000000000   0.000000000000
  0.000000000000   0.000000000000   0.000000000000
  0.000000000000   0.000000000000   0.000000000000
  0.000000000000   0.000000000000   0.000000000000
  0.000000000000   0.000000000000   0.000000000000
  0.000000000000   0.000000000000   0.000000000000
  0.000000000000   0.000000000000   0.000000000000
  0.000000000000   0.000000000000   0.000000000000
  0.000000000000   0.000000000000   0.000000000000
  0.000000000000   0.000000000000   0.000000000000
  0.000000000000   0.000000000000   0.000000000000
  0.000000000000   0.000000000000   0.000000000000
  0.000000000000   0.000000000000   0.000000000000
  0.000000000000   0.000000000000   0.000000000000
  0.000000000000   0.000000000000   0.000000000000
  0.000000000000   0.000000000000   0.000000000000
  0.000000000000   0.000000000000   0.000000000000
  0.000000000000   0.000000000000   0.000000000000
  0.000000000000   0.000000000000   0.000000000000
  0.000000000000   0.000000000000   0.000000000000
  0.000000000000   0.000000000000   0.000000000000
  0.000000000000   0.000000000000   0.000000000000
  0.000000000000   0.000000000000   0.000000000000
  0.000000000000   0.000000000000   0.000000000000
  0.000000000000   0.000000000000   0.000000000000
  0.000000000000   0.000000000000   0.000000000000
  0.000000000000   0.000000000000   0.000000000000
  0.000000000000   0.000000000000   0.000000000000
  0.000000000000   0.000000000000   0.000000000000
  0.000000000000   0.000000000000   0.000000000000
  0.000000000000   0.000000000000   0.000000000000
  0.000000000000   0.000000000000   0.000000000000
  0.000000000000   0.000000000000   0.000000000000
  0.000000000000   0.000000000000   0.000000000000
  0.000000000000   0.000000000000   0.000000000000
  0.000000000000   0.000000000000   0.000000000000
  0.000000000000   0.000000000000   0.000000000000
  0.000000000000   0.000000000000   0.000000000000
  0.000000000000   0.000000000000   0.000000000000
  0.000000000000   0.000000000000   0.000000000000
  0.000000000000   0.000000000000   0.000000000000
  0.000000000000   0.000000000000   0.000000000000
  0.000000000000   0.000000000000   0.000000000000
  0.000000000000   0.000000000000   0.000000000000
  0.000000000000   0.000000000000   0.000000000000
  0.000000000000   0.000000000000   0.000000000000
  0.000000000000   0.000000000000   0.000000000000
  0.000000000000   0.000000000000   0.000000000000
  0.000000000000   0.000000000000   0.000000000000
  0.000000000000   0.000000000000   0.000000000000
  0.000000000000   0.000000000000   0.000000000000
  0.000000000000   0.000000000000   0.000000000000
  0.000000000000   0.000000000000   0.000000000000
  0.000000000000   0.000000000000   0.000000000000
  0.000000000000   0.000000000000   0.000000000000
  0.000000000000   0.000000000000   0.000000000000
  0.000000000000   0.000000000000   0.000000000000
  0.000000000000   0.000000000000   0.000000000000
  0.000000000000   0.000000000000   0.000000000000
  0.000000000000   0.000000000000   0.000000000000
  0.000000000000   0.000000000000   0.000000000000
  0.000000000000   0.000000000000   0.000000000000
  0.000000000000   0.000000000000   0.000000000000
  0.000000000000   0.000000000000   0.000000000000
  0.000000000000   0.000000000000   0.000000000000
  0.000000000000   0.000000000000   0.000000000000
  0.000000000000   0.000000000000   0.000000000000
  0.000044858915   0.000525997880   0.000201925923
  0.000042251671   0.000244257294   0.000037204488
 -0.000008309295  -0.000085188350  -0.000002580043
 -0.000141678682   0.000141898004  -0.000036178170
  0.000166770052  -0.000192248712  -0.000044581180
  0.000031871599  -0.000156804169  -0.000115753306
 -0.000720901473  -0.000478544964  -0.000495263063
  0.000112840845  -0.000028298802   0.000052981654
  0.110994844070  -0.372944584788   0.150910784642
 -0.000249548636  -0.001295125059   0.000390176527
 -0.000971765109   0.000901326463  -0.001064363523
  0.004475710870   0.003811853118   0.004093340193
  0.000612276240   0.000018319031   0.000766296906
  0.001039173007  -0.002459736867   0.000081230528
  0.001393583344  -0.002470871342   0.001928729157
  0.000845926863  -0.002042428590   0.001233667015
 -0.102339373114   0.347867852932  -0.137805718682
 -0.013993633711   0.026852954041  -0.018369735582
  0.000000000000   0.000000000000   0.000000000000
  0.000000000000   0.000000000000   0.000000000000
  0.000000000000   0.000000000000   0.000000000000
  0.000000000000   0.000000000000   0.000000000000
  0.000000000000   0.000000000000   0.000000000000
  0.000000000000   0.000000000000   0.000000000000
  0.000000000000   0.000000000000   0.000000000000
  0.000000000000   0.000000000000   0.000000000000
  0.000000000000   0.000000000000   0.000000000000
  0.000000000000   0.000000000000   0.000000000000
  0.000000000000   0.000000000000   0.000000000000
  0.000000000000   0.000000000000   0.000000000000
  0.000000000000   0.000000000000   0.000000000000
  0.000000000000   0.000000000000   0.000000000000
  0.000000000000   0.000000000000   0.000000000000
  0.000000000000   0.000000000000   0.000000000000
  0.000000000000   0.000000000000   0.000000000000
  0.000000000000   0.000000000000   0.000000000000
  0.000000000000   0.000000000000   0.000000000000
  0.000000000000   0.000000000000   0.000000000000
  0.000000000000   0.000000000000   0.000000000000
  0.000000000000   0.000000000000   0.000000000000
  0.000000000000   0.000000000000   0.000000000000
  0.000000000000   0.000000000000   0.000000000000
  0.000000000000   0.000000000000   0.000000000000
  0.000000000000   0.000000000000   0.000000000000
  0.000000000000   0.000000000000   0.000000000000
  0.000000000000   0.000000000000   0.000000000000
  0.000000000000   0.000000000000   0.000000000000
  0.000000000000   0.000000000000   0.000000000000
  0.000000000000   0.000000000000   0.000000000000
  0.000000000000   0.000000000000   0.000000000000
  0.000000000000   0.000000000000   0.000000000000
  0.000000000000   0.000000000000   0.000000000000
  0.000000000000   0.000000000000   0.000000000000
  0.000000000000   0.000000000000   0.000000000000
  0.000000000000   0.000000000000   0.000000000000
  0.000000000000   0.000000000000   0.000000000000
  0.000000000000   0.000000000000   0.000000000000
  0.000000000000   0.000000000000   0.000000000000
  0.000000000000   0.000000000000   0.000000000000
  0.000000000000   0.000000000000   0.000000000000
  0.000000000000   0.000000000000   0.000000000000
  0.000000000000   0.000000000000   0.000000000000
  0.000000000000   0.000000000000   0.000000000000
  0.000000000000   0.000000000000   0.000000000000
  0.000000000000   0.000000000000   0.000000000000
  0.000000000000   0.000000000000   0.000000000000
  0.000000000000   0.000000000000   0.000000000000
  0.000000000000   0.000000000000   0.000000000000
  0.000000000000   0.000000000000   0.000000000000
  0.000000000000   0.000000000000   0.000000000000
  0.000000000000   0.000000000000   0.000000000000
  0.000000000000   0.000000000000   0.000000000000
  0.000000000000   0.000000000000   0.000000000000
  0.000000000000   0.000000000000   0.000000000000
  0.000000000000   0.000000000000   0.000000000000
  0.000000000000   0.000000000000   0.000000000000
  0.000000000000   0.000000000000   0.000000000000
  0.000000000000   0.000000000000   0.000000000000
  0.000000000000   0.000000000000   0.000000000000
  0.000000000000   0.000000000000   0.000000000000
  0.000000000000   0.000000000000   0.000000000000
  0.000000000000   0.000000000000   0.000000000000
  0.000000000000   0.000000000000   0.000000000000
  0.000000000000   0.000000000000   0.000000000000
  0.000000000000   0.000000000000   0.000000000000
  0.000000000000   0.000000000000   0.000000000000
  0.000000000000   0.000000000000   0.000000000000
  0.000000000000   0.000000000000   0.000000000000
  0.000000000000   0.000000000000   0.000000000000
  0.000000000000   0.000000000000   0.000000000000
  0.000000000000   0.000000000000   0.000000000000
  0.000000000000   0.000000000000   0.000000000000
  0.000000000000   0.000000000000   0.000000000000
  0.000000000000   0.000000000000   0.000000000000
  0.000000000000   0.000000000000   0.000000000000
  0.000000000000   0.000000000000   0.000000000000
  0.000000000000   0.000000000000   0.000000000000
  0.000000000000   0.000000000000   0.000000000000
  0.000000000000   0.000000000000   0.000000000000
  0.000000000000   0.000000000000   0.000000000000
  0.000000000000   0.000000000000   0.000000000000
  0.000000000000   0.000000000000   0.000000000000
  0.000000000000   0.000000000000   0.000000000000
  0.000000000000   0.000000000000   0.000000000000
  0.000000000000   0.000000000000   0.000000000000
  0.000000000000   0.000000000000   0.000000000000
  0.000000000000   0.000000000000   0.000000000000
  0.000000000000   0.000000000000   0.000000000000
  0.000000000000   0.000000000000   0.000000000000
  0.000000000000   0.000000000000   0.000000000000
  0.000000000000   0.000000000000   0.000000000000
  0.000000000000   0.000000000000   0.000000000000
  0.000000000000   0.000000000000   0.000000000000
  0.000000000000   0.000000000000   0.000000000000
  0.000000000000   0.000000000000   0.000000000000
  0.000000000000   0.000000000000   0.000000000000
  0.000000000000   0.000000000000   0.000000000000
  0.000000000000   0.000000000000   0.000000000000
  0.000000000000   0.000000000000   0.000000000000
  0.000000000000   0.000000000000   0.000000000000
  0.000000000000   0.000000000000   0.000000000000
  0.000000000000   0.000000000000   0.000000000000
  0.000000000000   0.000000000000   0.000000000000
  0.000000000000   0.000000000000   0.000000000000
  0.000000000000   0.000000000000   0.000000000000
  0.000000000000   0.000000000000   0.000000000000
  0.000000000000   0.000000000000   0.000000000000
  0.000000000000   0.000000000000   0.000000000000
  0.000000000000   0.000000000000   0.000000000000
  0.000000000000   0.000000000000   0.000000000000
  0.000000000000   0.000000000000   0.000000000000
  0.000000000000   0.000000000000   0.000000000000
  0.000000000000   0.000000000000   0.000000000000
  0.000000000000   0.000000000000   0.000000000000
  0.000000000000   0.000000000000   0.000000000000
  0.000000000000   0.000000000000   0.000000000000
  0.000000000000   0.000000000000   0.000000000000
  0.000000000000   0.000000000000   0.000000000000
  0.000000000000   0.000000000000   0.000000000000
  0.000000000000   0.000000000000   0.000000000000
  0.000000000000   0.000000000000   0.000000000000
  0.000000000000   0.000000000000   0.000000000000
  0.000000000000   0.000000000000   0.000000000000
  0.000000000000   0.000000000000   0.000000000000
  0.000000000000   0.000000000000   0.000000000000
  0.000000000000   0.000000000000   0.000000000000
  0.000000000000   0.000000000000   0.000000000000
  0.000000000000   0.000000000000   0.000000000000
  0.000000000000   0.000000000000   0.000000000000
  0.000000000000   0.000000000000   0.000000000000
  0.000000000000   0.000000000000   0.000000000000
  0.000000000000   0.000000000000   0.000000000000
  0.000000000000   0.000000000000   0.000000000000
  0.000000000000   0.000000000000   0.000000000000
  0.000000000000   0.000000000000   0.000000000000
  0.000000000000   0.000000000000   0.000000000000
  0.000000000000   0.000000000000   0.000000000000
  0.000000000000   0.000000000000   0.000000000000
  0.000000000000   0.000000000000   0.000000000000
  0.000000000000   0.000000000000   0.000000000000
  0.000000000000   0.000000000000   0.000000000000
  0.000000000000   0.000000000000   0.000000000000
  0.000000000000   0.000000000000   0.000000000000
  0.000000000000   0.000000000000   0.000000000000
  0.000000000000   0.000000000000   0.000000000000
  0.000000000000   0.000000000000   0.000000000000
  0.000000000000   0.000000000000   0.000000000000
  0.000000000000   0.000000000000   0.000000000000
  0.000000000000   0.000000000000   0.000000000000
  0.000000000000   0.000000000000   0.000000000000
  0.000000000000   0.000000000000   0.000000000000
  0.000000000000   0.000000000000   0.000000000000
  0.000000000000   0.000000000000   0.000000000000
  0.000000000000   0.000000000000   0.000000000000
  0.000000000000   0.000000000000   0.000000000000
  0.000000000000   0.000000000000   0.000000000000
  0.000000000000   0.000000000000   0.000000000000
  0.000000000000   0.000000000000   0.000000000000
  0.000000000000   0.000000000000   0.000000000000
  0.000000000000   0.000000000000   0.000000000000
  0.000000000000   0.000000000000   0.000000000000
  0.000000000000   0.000000000000   0.000000000000
  0.000000000000   0.000000000000   0.000000000000
  0.000000000000   0.000000000000   0.000000000000
  0.000000000000   0.000000000000   0.000000000000
  0.000000000000   0.000000000000   0.000000000000
  0.000000000000   0.000000000000   0.000000000000
  0.000000000000   0.000000000000   0.000000000000
  0.000000000000   0.000000000000   0.000000000000
  0.000000000000   0.000000000000   0.000000000000
  0.000000000000   0.000000000000   0.000000000000
  0.000000000000   0.000000000000   0.000000000000
  0.000000000000   0.000000000000   0.000000000000
  0.000000000000   0.000000000000   0.000000000000
  0.000000000000   0.000000000000   0.000000000000
  0.000000000000   0.000000000000   0.000000000000
  0.000000000000   0.000000000000   0.000000000000
  0.000000000000   0.000000000000   0.000000000000
  0.000000000000   0.000000000000   0.000000000000
  0.000000000000   0.000000000000   0.000000000000
  0.000000000000   0.000000000000   0.000000000000
  0.000000000000   0.000000000000   0.000000000000
  0.000000000000   0.000000000000   0.000000000000
  0.000000000000   0.000000000000   0.000000000000
  0.000000000000   0.000000000000   0.000000000000
  0.000000000000   0.000000000000   0.000000000000
  0.000000000000   0.000000000000   0.000000000000
  0.000000000000   0.000000000000   0.000000000000
  0.000000000000   0.000000000000   0.000000000000
  0.000000000000   0.000000000000   0.000000000000
  106    3  0.0000  0.0000  0.0150
  0.000000000000   0.000000000000   0.000000000000
  0.000000000000   0.000000000000   0.000000000000
  0.000000000000   0.000000000000   0.000000000000
  0.000000000000   0.000000000000   0.000000000000
  0.000000000000   0.000000000000   0.000000000000
  0.000000000000   0.000000000000   0.000000000000
  0.000000000000   0.000000000000   0.000000000000
  0.000000000000   0.000000000000   0.000000000000
  0.000000000000   0.000000000000   0.000000000000
  0.000000000000   0.000000000000   0.000000000000
  0.000000000000   0.000000000000   0.000000000000
  0.000000000000   0.000000000000   0.000000000000
  0.000000000000   0.000000000000   0.000000000000
  0.000000000000   0.000000000000   0.000000000000
  0.000000000000   0.000000000000   0.000000000000
  0.000000000000   0.000000000000   0.000000000000
  0.000000000000   0.000000000000   0.000000000000
  0.000000000000   0.000000000000   0.000000000000
  0.000000000000   0.000000000000   0.000000000000
  0.000000000000   0.000000000000   0.000000000000
  0.000000000000   0.000000000000   0.000000000000
  0.000000000000   0.000000000000   0.000000000000
  0.000000000000   0.000000000000   0.000000000000
  0.000000000000   0.000000000000   0.000000000000
  0.000000000000   0.000000000000   0.000000000000
  0.000000000000   0.000000000000   0.000000000000
  0.000000000000   0.000000000000   0.000000000000
  0.000000000000   0.000000000000   0.000000000000
  0.000000000000   0.000000000000   0.000000000000
  0.000000000000   0.000000000000   0.000000000000
  0.000000000000   0.000000000000   0.000000000000
  0.000000000000   0.000000000000   0.000000000000
  0.000000000000   0.000000000000   0.000000000000
  0.000000000000   0.000000000000   0.000000000000
  0.000000000000   0.000000000000   0.000000000000
  0.000000000000   0.000000000000   0.000000000000
  0.000000000000   0.000000000000   0.000000000000
  0.000000000000   0.000000000000   0.000000000000
  0.000000000000   0.000000000000   0.000000000000
  0.000000000000   0.000000000000   0.000000000000
  0.000000000000   0.000000000000   0.000000000000
  0.000000000000   0.000000000000   0.000000000000
  0.000000000000   0.000000000000   0.000000000000
  0.000000000000   0.000000000000   0.000000000000
  0.000000000000   0.000000000000   0.000000000000
  0.000000000000   0.000000000000   0.000000000000
  0.000000000000   0.000000000000   0.000000000000
  0.000000000000   0.000000000000   0.000000000000
  0.000000000000   0.000000000000   0.000000000000
  0.000000000000   0.000000000000   0.000000000000
  0.000000000000   0.000000000000   0.000000000000
  0.000000000000   0.000000000000   0.000000000000
  0.000000000000   0.000000000000   0.000000000000
  0.000000000000   0.000000000000   0.000000000000
  0.000000000000   0.000000000000   0.000000000000
  0.000000000000   0.000000000000   0.000000000000
  0.000000000000   0.000000000000   0.000000000000
  0.000000000000   0.000000000000   0.000000000000
  0.000000000000   0.000000000000   0.000000000000
  0.000000000000   0.000000000000   0.000000000000
  0.000000000000   0.000000000000   0.000000000000
  0.000000000000   0.000000000000   0.000000000000
  0.000000000000   0.000000000000   0.000000000000
  0.000000000000   0.000000000000   0.000000000000
  0.000000000000   0.000000000000   0.000000000000
  0.000000000000   0.000000000000   0.000000000000
  0.000000000000   0.000000000000   0.000000000000
  0.000000000000   0.000000000000   0.000000000000
  0.000000000000   0.000000000000   0.000000000000
  0.000000000000   0.000000000000   0.000000000000
  0.000000000000   0.000000000000   0.000000000000
  0.000000000000   0.000000000000   0.000000000000
  0.000000000000   0.000000000000   0.000000000000
  0.000000000000   0.000000000000   0.000000000000
  0.000000000000   0.000000000000   0.000000000000
  0.000000000000   0.000000000000   0.000000000000
  0.000000000000   0.000000000000   0.000000000000
  0.000000000000   0.000000000000   0.000000000000
  0.000000000000   0.000000000000   0.000000000000
  0.000000000000   0.000000000000   0.000000000000
  0.000000000000   0.000000000000   0.000000000000
  0.000000000000   0.000000000000   0.000000000000
  0.000000000000   0.000000000000   0.000000000000
  0.000000000000   0.000000000000   0.000000000000
  0.000000000000   0.000000000000   0.000000000000
  0.000000000000   0.000000000000   0.000000000000
  0.000000000000   0.000000000000   0.000000000000
  0.000000000000   0.000000000000   0.000000000000
  0.000000000000   0.000000000000   0.000000000000
  0.000000000000   0.000000000000   0.000000000000
  0.000000000000   0.000000000000   0.000000000000
  0.000000000000   0.000000000000   0.000000000000
  0.000000000000   0.000000000000   0.000000000000
  0.000000000000   0.000000000000   0.000000000000
  0.000000000000   0.000000000000   0.000000000000
  0.000000000000   0.000000000000   0.000000000000
  0.000000000000   0.000000000000   0.000000000000
  0.000053764439   0.000276559044   0.000113377979
 -0.000021692453   0.000005531186  -0.000042455765
 -0.000048279831  -0.000009216334  -0.000013371491
 -0.000772731647  -0.000063830376   0.000624983218
  0.000532259470  -0.001501309015   0.000216484543
 -0.000435832794  -0.000156151221  -0.000266490101
 -0.000230745001   0.001550893888   0.000127922210
 -0.000156146043   0.000435932891  -0.000049578082
 -0.078545639818   0.150665369697  -0.135661149688
 -0.003143639099  -0.000417276129   0.001692213175
 -0.000000011789   0.000585023263  -0.000571736003
  0.005280564586   0.003382592870  -0.003485444156
  0.000064724804   0.000816141325   0.001494665720
  0.008488566993   0.000631739488  -0.000040842666
  0.008640206066  -0.026110319757   0.007407922925
 -0.002484306825  -0.002665970535   0.001154057897
  0.069924309583  -0.140415886876   0.134322973720
 -0.006502582529   0.015244323958  -0.009993316663
  0.000000000000   0.000000000000   0.000000000000
  0.000000000000   0.000000000000   0.000000000000
  0.000000000000   0.000000000000   0.000000000000
  0.000000000000   0.000000000000   0.000000000000
  0.000000000000   0.000000000000   0.000000000000
  0.000000000000   0.000000000000   0.000000000000
  0.000000000000   0.000000000000   0.000000000000
  0.000000000000   0.000000000000   0.000000000000
  0.000000000000   0.000000000000   0.000000000000
  0.000000000000   0.000000000000   0.000000000000
  0.000000000000   0.000000000000   0.000000000000
  0.000000000000   0.000000000000   0.000000000000
  0.000000000000   0.000000000000   0.000000000000
  0.000000000000   0.000000000000   0.000000000000
  0.000000000000   0.000000000000   0.000000000000
  0.000000000000   0.000000000000   0.000000000000
  0.000000000000   0.000000000000   0.000000000000
  0.000000000000   0.000000000000   0.000000000000
  0.000000000000   0.000000000000   0.000000000000
  0.000000000000   0.000000000000   0.000000000000
  0.000000000000   0.000000000000   0.000000000000
  0.000000000000   0.000000000000   0.000000000000
  0.000000000000   0.000000000000   0.000000000000
  0.000000000000   0.000000000000   0.000000000000
  0.000000000000   0.000000000000   0.000000000000
  0.000000000000   0.000000000000   0.000000000000
  0.000000000000   0.000000000000   0.000000000000
  0.000000000000   0.000000000000   0.000000000000
  0.000000000000   0.000000000000   0.000000000000
  0.000000000000   0.000000000000   0.000000000000
  0.000000000000   0.000000000000   0.000000000000
  0.000000000000   0.000000000000   0.000000000000
  0.000000000000   0.000000000000   0.000000000000
  0.000000000000   0.000000000000   0.000000000000
  0.000000000000   0.000000000000   0.000000000000
  0.000000000000   0.000000000000   0.000000000000
  0.000000000000   0.000000000000   0.000000000000
  0.000000000000   0.000000000000   0.000000000000
  0.000000000000   0.000000000000   0.000000000000
  0.000000000000   0.000000000000   0.000000000000
  0.000000000000   0.000000000000   0.000000000000
  0.000000000000   0.000000000000   0.000000000000
  0.000000000000   0.000000000000   0.000000000000
  0.000000000000   0.000000000000   0.000000000000
  0.000000000000   0.000000000000   0.000000000000
  0.000000000000   0.000000000000   0.000000000000
  0.000000000000   0.000000000000   0.000000000000
  0.000000000000   0.000000000000   0.000000000000
  0.000000000000   0.000000000000   0.000000000000
  0.000000000000   0.000000000000   0.000000000000
  0.000000000000   0.000000000000   0.000000000000
  0.000000000000   0.000000000000   0.000000000000
  0.000000000000   0.000000000000   0.000000000000
  0.000000000000   0.000000000000   0.000000000000
  0.000000000000   0.000000000000   0.000000000000
  0.000000000000   0.000000000000   0.000000000000
  0.000000000000   0.000000000000   0.000000000000
  0.000000000000   0.000000000000   0.000000000000
  0.000000000000   0.000000000000   0.000000000000
  0.000000000000   0.000000000000   0.000000000000
  0.000000000000   0.000000000000   0.000000000000
  0.000000000000   0.000000000000   0.000000000000
  0.000000000000   0.000000000000   0.000000000000
  0.000000000000   0.000000000000   0.000000000000
  0.000000000000   0.000000000000   0.000000000000
  0.000000000000   0.000000000000   0.000000000000
  0.000000000000   0.000000000000   0.000000000000
  0.000000000000   0.000000000000   0.000000000000
  0.000000000000   0.000000000000   0.000000000000
  0.000000000000   0.000000000000   0.000000000000
  0.000000000000   0.000000000000   0.000000000000
  0.000000000000   0.000000000000   0.000000000000
  0.000000000000   0.000000000000   0.000000000000
  0.000000000000   0.000000000000   0.000000000000
  0.000000000000   0.000000000000   0.000000000000
  0.000000000000   0.000000000000   0.000000000000
  0.000000000000   0.000000000000   0.000000000000
  0.000000000000   0.000000000000   0.000000000000
  0.000000000000   0.000000000000   0.000000000000
  0.000000000000   0.000000000000   0.000000000000
  0.000000000000   0.000000000000   0.000000000000
  0.000000000000   0.000000000000   0.000000000000
  0.000000000000   0.000000000000   0.000000000000
  0.000000000000   0.000000000000   0.000000000000
  0.000000000000   0.000000000000   0.000000000000
  0.000000000000   0.000000000000   0.000000000000
  0.000000000000   0.000000000000   0.000000000000
  0.000000000000   0.000000000000   0.000000000000
  0.000000000000   0.000000000000   0.000000000000
  0.000000000000   0.000000000000   0.000000000000
  0.000000000000   0.000000000000   0.000000000000
  0.000000000000   0.000000000000   0.000000000000
  0.000000000000   0.000000000000   0.000000000000
  0.000000000000   0.000000000000   0.000000000000
  0.000000000000   0.000000000000   0.000000000000
  0.000000000000   0.000000000000   0.000000000000
  0.000000000000   0.000000000000   0.000000000000
  0.000000000000   0.000000000000   0.000000000000
  0.000000000000   0.000000000000   0.000000000000
  0.000000000000   0.000000000000   0.000000000000
  0.000000000000   0.000000000000   0.000000000000
  0.000000000000   0.000000000000   0.000000000000
  0.000000000000   0.000000000000   0.000000000000
  0.000000000000   0.000000000000   0.000000000000
  0.000000000000   0.000000000000   0.000000000000
  0.000000000000   0.000000000000   0.000000000000
  0.000000000000   0.000000000000   0.000000000000
  0.000000000000   0.000000000000   0.000000000000
  0.000000000000   0.000000000000   0.000000000000
  0.000000000000   0.000000000000   0.000000000000
  0.000000000000   0.000000000000   0.000000000000
  0.000000000000   0.000000000000   0.000000000000
  0.000000000000   0.000000000000   0.000000000000
  0.000000000000   0.000000000000   0.000000000000
  0.000000000000   0.000000000000   0.000000000000
  0.000000000000   0.000000000000   0.000000000000
  0.000000000000   0.000000000000   0.000000000000
  0.000000000000   0.000000000000   0.000000000000
  0.000000000000   0.000000000000   0.000000000000
  0.000000000000   0.000000000000   0.000000000000
  0.000000000000   0.000000000000   0.000000000000
  0.000000000000   0.000000000000   0.000000000000
  0.000000000000   0.000000000000   0.000000000000
  0.000000000000   0.000000000000   0.000000000000
  0.000000000000   0.000000000000   0.000000000000
  0.000000000000   0.000000000000   0.000000000000
  0.000000000000   0.000000000000   0.000000000000
  0.000000000000   0.000000000000   0.000000000000
  0.000000000000   0.000000000000   0.000000000000
  0.000000000000   0.000000000000   0.000000000000
  0.000000000000   0.000000000000   0.000000000000
  0.000000000000   0.000000000000   0.000000000000
  0.000000000000   0.000000000000   0.000000000000
  0.000000000000   0.000000000000   0.000000000000
  0.000000000000   0.000000000000   0.000000000000
  0.000000000000   0.000000000000   0.000000000000
  0.000000000000   0.000000000000   0.000000000000
  0.000000000000   0.000000000000   0.000000000000
  0.000000000000   0.000000000000   0.000000000000
  0.000000000000   0.000000000000   0.000000000000
  0.000000000000   0.000000000000   0.000000000000
  0.000000000000   0.000000000000   0.000000000000
  0.000000000000   0.000000000000   0.000000000000
  0.000000000000   0.000000000000   0.000000000000
  0.000000000000   0.000000000000   0.000000000000
  0.000000000000   0.000000000000   0.000000000000
  0.000000000000   0.000000000000   0.000000000000
  0.000000000000   0.000000000000   0.000000000000
  0.000000000000   0.000000000000   0.000000000000
  0.000000000000   0.000000000000   0.000000000000
  0.000000000000   0.000000000000   0.000000000000
  0.000000000000   0.000000000000   0.000000000000
  0.000000000000   0.000000000000   0.000000000000
  0.000000000000   0.000000000000   0.000000000000
  0.000000000000   0.000000000000   0.000000000000
  0.000000000000   0.000000000000   0.000000000000
  0.000000000000   0.000000000000   0.000000000000
  0.000000000000   0.000000000000   0.000000000000
  0.000000000000   0.000000000000   0.000000000000
  0.000000000000   0.000000000000   0.000000000000
  0.000000000000   0.000000000000   0.000000000000
  0.000000000000   0.000000000000   0.000000000000
  0.000000000000   0.000000000000   0.000000000000
  0.000000000000   0.000000000000   0.000000000000
  0.000000000000   0.000000000000   0.000000000000
  0.000000000000   0.000000000000   0.000000000000
  0.000000000000   0.000000000000   0.000000000000
  0.000000000000   0.000000000000   0.000000000000
  0.000000000000   0.000000000000   0.000000000000
  0.000000000000   0.000000000000   0.000000000000
  0.000000000000   0.000000000000   0.000000000000
  0.000000000000   0.000000000000   0.000000000000
  0.000000000000   0.000000000000   0.000000000000
  0.000000000000   0.000000000000   0.000000000000
  0.000000000000   0.000000000000   0.000000000000
  0.000000000000   0.000000000000   0.000000000000
  0.000000000000   0.000000000000   0.000000000000
  0.000000000000   0.000000000000   0.000000000000
  0.000000000000   0.000000000000   0.000000000000
  0.000000000000   0.000000000000   0.000000000000
  0.000000000000   0.000000000000   0.000000000000
  0.000000000000   0.000000000000   0.000000000000
  0.000000000000   0.000000000000   0.000000000000
  0.000000000000   0.000000000000   0.000000000000
  0.000000000000   0.000000000000   0.000000000000
  0.000000000000   0.000000000000   0.000000000000
  0.000000000000   0.000000000000   0.000000000000
  0.000000000000   0.000000000000   0.000000000000
  0.000000000000   0.000000000000   0.000000000000
  0.000000000000   0.000000000000   0.000000000000
  0.000000000000   0.000000000000   0.000000000000
  0.000000000000   0.000000000000   0.000000000000
  107    1  0.0150  0.0000  0.0000
  0.000000000000   0.000000000000   0.000000000000
  0.000000000000   0.000000000000   0.000000000000
  0.000000000000   0.000000000000   0.000000000000
  0.000000000000   0.000000000000   0.000000000000
  0.000000000000   0.000000000000   0.000000000000
  0.000000000000   0.000000000000   0.000000000000
  0.000000000000   0.000000000000   0.000000000000
  0.000000000000   0.000000000000   0.000000000000
  0.000000000000   0.000000000000   0.000000000000
  0.000000000000   0.000000000000   0.000000000000
  0.000000000000   0.000000000000   0.000000000000
  0.000000000000   0.000000000000   0.000000000000
  0.000000000000   0.000000000000   0.000000000000
  0.000000000000   0.000000000000   0.000000000000
  0.000000000000   0.000000000000   0.000000000000
  0.000000000000   0.000000000000   0.000000000000
  0.000000000000   0.000000000000   0.000000000000
  0.000000000000   0.000000000000   0.000000000000
  0.000000000000   0.000000000000   0.000000000000
  0.000000000000   0.000000000000   0.000000000000
  0.000000000000   0.000000000000   0.000000000000
  0.000000000000   0.000000000000   0.000000000000
  0.000000000000   0.000000000000   0.000000000000
  0.000000000000   0.000000000000   0.000000000000
  0.000000000000   0.000000000000   0.000000000000
  0.000000000000   0.000000000000   0.000000000000
  0.000000000000   0.000000000000   0.000000000000
  0.000000000000   0.000000000000   0.000000000000
  0.000000000000   0.000000000000   0.000000000000
  0.000000000000   0.000000000000   0.000000000000
  0.000000000000   0.000000000000   0.000000000000
  0.000000000000   0.000000000000   0.000000000000
  0.000000000000   0.000000000000   0.000000000000
  0.000000000000   0.000000000000   0.000000000000
  0.000000000000   0.000000000000   0.000000000000
  0.000000000000   0.000000000000   0.000000000000
  0.000000000000   0.000000000000   0.000000000000
  0.000000000000   0.000000000000   0.000000000000
  0.000000000000   0.000000000000   0.000000000000
  0.000000000000   0.000000000000   0.000000000000
  0.000000000000   0.000000000000   0.000000000000
  0.000000000000   0.000000000000   0.000000000000
  0.000000000000   0.000000000000   0.000000000000
  0.000000000000   0.000000000000   0.000000000000
  0.000000000000   0.000000000000   0.000000000000
  0.000000000000   0.000000000000   0.000000000000
  0.000000000000   0.000000000000   0.000000000000
  0.000000000000   0.000000000000   0.000000000000
  0.000000000000   0.000000000000   0.000000000000
  0.000000000000   0.000000000000   0.000000000000
  0.000000000000   0.000000000000   0.000000000000
  0.000000000000   0.000000000000   0.000000000000
  0.000000000000   0.000000000000   0.000000000000
  0.000000000000   0.000000000000   0.000000000000
  0.000000000000   0.000000000000   0.000000000000
  0.000000000000   0.000000000000   0.000000000000
  0.000000000000   0.000000000000   0.000000000000
  0.000000000000   0.000000000000   0.000000000000
  0.000000000000   0.000000000000   0.000000000000
  0.000000000000   0.000000000000   0.000000000000
  0.000000000000   0.000000000000   0.000000000000
  0.000000000000   0.000000000000   0.000000000000
  0.000000000000   0.000000000000   0.000000000000
  0.000000000000   0.000000000000   0.000000000000
  0.000000000000   0.000000000000   0.000000000000
  0.000000000000   0.000000000000   0.000000000000
  0.000000000000   0.000000000000   0.000000000000
  0.000000000000   0.000000000000   0.000000000000
  0.000000000000   0.000000000000   0.000000000000
  0.000000000000   0.000000000000   0.000000000000
  0.000000000000   0.000000000000   0.000000000000
  0.000000000000   0.000000000000   0.000000000000
  0.000000000000   0.000000000000   0.000000000000
  0.000000000000   0.000000000000   0.000000000000
  0.000000000000   0.000000000000   0.000000000000
  0.000000000000   0.000000000000   0.000000000000
  0.000000000000   0.000000000000   0.000000000000
  0.000000000000   0.000000000000   0.000000000000
  0.000000000000   0.000000000000   0.000000000000
  0.000000000000   0.000000000000   0.000000000000
  0.000000000000   0.000000000000   0.000000000000
  0.000000000000   0.000000000000   0.000000000000
  0.000000000000   0.000000000000   0.000000000000
  0.000000000000   0.000000000000   0.000000000000
  0.000000000000   0.000000000000   0.000000000000
  0.000000000000   0.000000000000   0.000000000000
  0.000000000000   0.000000000000   0.000000000000
  0.000000000000   0.000000000000   0.000000000000
  0.000000000000   0.000000000000   0.000000000000
  0.000000000000   0.000000000000   0.000000000000
  0.000000000000   0.000000000000   0.000000000000
  0.000000000000   0.000000000000   0.000000000000
  0.000000000000   0.000000000000   0.000000000000
  0.000000000000   0.000000000000   0.000000000000
  0.000000000000   0.000000000000   0.000000000000
  0.000000000000   0.000000000000   0.000000000000
  0.000000000000   0.000000000000   0.000000000000
 -0.000168370790   0.000399687057   0.000019570480
  0.000016862221  -0.001006424398  -0.000071326967
 -0.000012860705  -0.000798319128   0.000240497756
  0.000605721426  -0.000020613789   0.000646655815
  0.000888814058   0.000039092020  -0.000713755952
  0.000028533348  -0.000021163674   0.000097319485
  0.000086556207  -0.000031241071  -0.000006907853
  0.000165051293   0.000325851790   0.000082702271
  0.002603910943  -0.000256881084  -0.003114595640
 -0.238175965156  -0.005295779592  -0.224890093409
  0.001735844929   0.001246783191  -0.003683271019
  0.006954709114   0.003249824846   0.013425299462
 -0.005185083642  -0.003805319593   0.004471672603
  0.000467503294  -0.000252996466  -0.001104742843
 -0.006422581631   0.003089865267   0.003971133231
  0.000108191125  -0.000180493683   0.000862623246
  0.006457824106  -0.001907494000   0.009637000245
  0.230708871533   0.005373793941   0.201859151154
  0.000000000000   0.000000000000   0.000000000000
  0.000000000000   0.000000000000   0.000000000000
  0.000000000000   0.000000000000   0.000000000000
  0.000000000000   0.000000000000   0.000000000000
  0.000000000000   0.000000000000   0.000000000000
  0.000000000000   0.000000000000   0.000000000000
  0.000000000000   0.000000000000   0.000000000000
  0.000000000000   0.000000000000   0.000000000000
  0.000000000000   0.000000000000   0.000000000000
  0.000000000000   0.000000000000   0.000000000000
  0.000000000000   0.000000000000   0.000000000000
  0.000000000000   0.000000000000   0.000000000000
  0.000000000000   0.000000000000   0.000000000000
  0.000000000000   0.000000000000   0.000000000000
  0.000000000000   0.000000000000   0.000000000000
  0.000000000000   0.000000000000   0.000000000000
  0.000000000000   0.000000000000   0.000000000000
  0.000000000000   0.000000000000   0.000000000000
  0.000000000000   0.000000000000   0.000000000000
  0.000000000000   0.000000000000   0.000000000000
  0.000000000000   0.000000000000   0.000000000000
  0.000000000000   0.000000000000   0.000000000000
  0.000000000000   0.000000000000   0.000000000000
  0.000000000000   0.000000000000   0.000000000000
  0.000000000000   0.000000000000   0.000000000000
  0.000000000000   0.000000000000   0.000000000000
  0.000000000000   0.000000000000   0.000000000000
  0.000000000000   0.000000000000   0.000000000000
  0.000000000000   0.000000000000   0.000000000000
  0.000000000000   0.000000000000   0.000000000000
  0.000000000000   0.000000000000   0.000000000000
  0.000000000000   0.000000000000   0.000000000000
  0.000000000000   0.000000000000   0.000000000000
  0.000000000000   0.000000000000   0.000000000000
  0.000000000000   0.000000000000   0.000000000000
  0.000000000000   0.000000000000   0.000000000000
  0.000000000000   0.000000000000   0.000000000000
  0.000000000000   0.000000000000   0.000000000000
  0.000000000000   0.000000000000   0.000000000000
  0.000000000000   0.000000000000   0.000000000000
  0.000000000000   0.000000000000   0.000000000000
  0.000000000000   0.000000000000   0.000000000000
  0.000000000000   0.000000000000   0.000000000000
  0.000000000000   0.000000000000   0.000000000000
  0.000000000000   0.000000000000   0.000000000000
  0.000000000000   0.000000000000   0.000000000000
  0.000000000000   0.000000000000   0.000000000000
  0.000000000000   0.000000000000   0.000000000000
  0.000000000000   0.000000000000   0.000000000000
  0.000000000000   0.000000000000   0.000000000000
  0.000000000000   0.000000000000   0.000000000000
  0.000000000000   0.000000000000   0.000000000000
  0.000000000000   0.000000000000   0.000000000000
  0.000000000000   0.000000000000   0.000000000000
  0.000000000000   0.000000000000   0.000000000000
  0.000000000000   0.000000000000   0.000000000000
  0.000000000000   0.000000000000   0.000000000000
  0.000000000000   0.000000000000   0.000000000000
  0.000000000000   0.000000000000   0.000000000000
  0.000000000000   0.000000000000   0.000000000000
  0.000000000000   0.000000000000   0.000000000000
  0.000000000000   0.000000000000   0.000000000000
  0.000000000000   0.000000000000   0.000000000000
  0.000000000000   0.000000000000   0.000000000000
  0.000000000000   0.000000000000   0.000000000000
  0.000000000000   0.000000000000   0.000000000000
  0.000000000000   0.000000000000   0.000000000000
  0.000000000000   0.000000000000   0.000000000000
  0.000000000000   0.000000000000   0.000000000000
  0.000000000000   0.000000000000   0.000000000000
  0.000000000000   0.000000000000   0.000000000000
  0.000000000000   0.000000000000   0.000000000000
  0.000000000000   0.000000000000   0.000000000000
  0.000000000000   0.000000000000   0.000000000000
  0.000000000000   0.000000000000   0.000000000000
  0.000000000000   0.000000000000   0.000000000000
  0.000000000000   0.000000000000   0.000000000000
  0.000000000000   0.000000000000   0.000000000000
  0.000000000000   0.000000000000   0.000000000000
  0.000000000000   0.000000000000   0.000000000000
  0.000000000000   0.000000000000   0.000000000000
  0.000000000000   0.000000000000   0.000000000000
  0.000000000000   0.000000000000   0.000000000000
  0.000000000000   0.000000000000   0.000000000000
  0.000000000000   0.000000000000   0.000000000000
  0.000000000000   0.000000000000   0.000000000000
  0.000000000000   0.000000000000   0.000000000000
  0.000000000000   0.000000000000   0.000000000000
  0.000000000000   0.000000000000   0.000000000000
  0.000000000000   0.000000000000   0.000000000000
  0.000000000000   0.000000000000   0.000000000000
  0.000000000000   0.000000000000   0.000000000000
  0.000000000000   0.000000000000   0.000000000000
  0.000000000000   0.000000000000   0.000000000000
  0.000000000000   0.000000000000   0.000000000000
  0.000000000000   0.000000000000   0.000000000000
  0.000000000000   0.000000000000   0.000000000000
  0.000000000000   0.000000000000   0.000000000000
  0.000000000000   0.000000000000   0.000000000000
  0.000000000000   0.000000000000   0.000000000000
  0.000000000000   0.000000000000   0.000000000000
  0.000000000000   0.000000000000   0.000000000000
  0.000000000000   0.000000000000   0.000000000000
  0.000000000000   0.000000000000   0.000000000000
  0.000000000000   0.000000000000   0.000000000000
  0.000000000000   0.000000000000   0.000000000000
  0.000000000000   0.000000000000   0.000000000000
  0.000000000000   0.000000000000   0.000000000000
  0.000000000000   0.000000000000   0.000000000000
  0.000000000000   0.000000000000   0.000000000000
  0.000000000000   0.000000000000   0.000000000000
  0.000000000000   0.000000000000   0.000000000000
  0.000000000000   0.000000000000   0.000000000000
  0.000000000000   0.000000000000   0.000000000000
  0.000000000000   0.000000000000   0.000000000000
  0.000000000000   0.000000000000   0.000000000000
  0.000000000000   0.000000000000   0.000000000000
  0.000000000000   0.000000000000   0.000000000000
  0.000000000000   0.000000000000   0.000000000000
  0.000000000000   0.000000000000   0.000000000000
  0.000000000000   0.000000000000   0.000000000000
  0.000000000000   0.000000000000   0.000000000000
  0.000000000000   0.000000000000   0.000000000000
  0.000000000000   0.000000000000   0.000000000000
  0.000000000000   0.000000000000   0.000000000000
  0.000000000000   0.000000000000   0.000000000000
  0.000000000000   0.000000000000   0.000000000000
  0.000000000000   0.000000000000   0.000000000000
  0.000000000000   0.000000000000   0.000000000000
  0.000000000000   0.000000000000   0.000000000000
  0.000000000000   0.000000000000   0.000000000000
  0.000000000000   0.000000000000   0.000000000000
  0.000000000000   0.000000000000   0.000000000000
  0.000000000000   0.000000000000   0.000000000000
  0.000000000000   0.000000000000   0.000000000000
  0.000000000000   0.000000000000   0.000000000000
  0.000000000000   0.000000000000   0.000000000000
  0.000000000000   0.000000000000   0.000000000000
  0.000000000000   0.000000000000   0.000000000000
  0.000000000000   0.000000000000   0.000000000000
  0.000000000000   0.000000000000   0.000000000000
  0.000000000000   0.000000000000   0.000000000000
  0.000000000000   0.000000000000   0.000000000000
  0.000000000000   0.000000000000   0.000000000000
  0.000000000000   0.000000000000   0.000000000000
  0.000000000000   0.000000000000   0.000000000000
  0.000000000000   0.000000000000   0.000000000000
  0.000000000000   0.000000000000   0.000000000000
  0.000000000000   0.000000000000   0.000000000000
  0.000000000000   0.000000000000   0.000000000000
  0.000000000000   0.000000000000   0.000000000000
  0.000000000000   0.000000000000   0.000000000000
  0.000000000000   0.000000000000   0.000000000000
  0.000000000000   0.000000000000   0.000000000000
  0.000000000000   0.000000000000   0.000000000000
  0.000000000000   0.000000000000   0.000000000000
  0.000000000000   0.000000000000   0.000000000000
  0.000000000000   0.000000000000   0.000000000000
  0.000000000000   0.000000000000   0.000000000000
  0.000000000000   0.000000000000   0.000000000000
  0.000000000000   0.000000000000   0.000000000000
  0.000000000000   0.000000000000   0.000000000000
  0.000000000000   0.000000000000   0.000000000000
  0.000000000000   0.000000000000   0.000000000000
  0.000000000000   0.000000000000   0.000000000000
  0.000000000000   0.000000000000   0.000000000000
  0.000000000000   0.000000000000   0.000000000000
  0.000000000000   0.000000000000   0.000000000000
  0.000000000000   0.000000000000   0.000000000000
  0.000000000000   0.000000000000   0.000000000000
  0.000000000000   0.000000000000   0.000000000000
  0.000000000000   0.000000000000   0.000000000000
  0.000000000000   0.000000000000   0.000000000000
  0.000000000000   0.000000000000   0.000000000000
  0.000000000000   0.000000000000   0.000000000000
  0.000000000000   0.000000000000   0.000000000000
  0.000000000000   0.000000000000   0.000000000000
  0.000000000000   0.000000000000   0.000000000000
  0.000000000000   0.000000000000   0.000000000000
  0.000000000000   0.000000000000   0.000000000000
  0.000000000000   0.000000000000   0.000000000000
  0.000000000000   0.000000000000   0.000000000000
  0.000000000000   0.000000000000   0.000000000000
  0.000000000000   0.000000000000   0.000000000000
  0.000000000000   0.000000000000   0.000000000000
  0.000000000000   0.000000000000   0.000000000000
  0.000000000000   0.000000000000   0.000000000000
  0.000000000000   0.000000000000   0.000000000000
  0.000000000000   0.000000000000   0.000000000000
  0.000000000000   0.000000000000   0.000000000000
  0.000000000000   0.000000000000   0.000000000000
  0.000000000000   0.000000000000   0.000000000000
  107    2  0.0000  0.0150  0.0000
  0.000000000000   0.000000000000   0.000000000000
  0.000000000000   0.000000000000   0.000000000000
  0.000000000000   0.000000000000   0.000000000000
  0.000000000000   0.000000000000   0.000000000000
  0.000000000000   0.000000000000   0.000000000000
  0.000000000000   0.000000000000   0.000000000000
  0.000000000000   0.000000000000   0.000000000000
  0.000000000000   0.000000000000   0.000000000000
  0.000000000000   0.000000000000   0.000000000000
  0.000000000000   0.000000000000   0.000000000000
  0.000000000000   0.000000000000   0.000000000000
  0.000000000000   0.000000000000   0.000000000000
  0.000000000000   0.000000000000   0.000000000000
  0.000000000000   0.000000000000   0.000000000000
  0.000000000000   0.000000000000   0.000000000000
  0.000000000000   0.000000000000   0.000000000000
  0.000000000000   0.000000000000   0.000000000000
  0.000000000000   0.000000000000   0.000000000000
  0.000000000000   0.000000000000   0.000000000000
  0.000000000000   0.000000000000   0.000000000000
  0.000000000000   0.000000000000   0.000000000000
  0.000000000000   0.000000000000   0.000000000000
  0.000000000000   0.000000000000   0.000000000000
  0.000000000000   0.000000000000   0.000000000000
  0.000000000000   0.000000000000   0.000000000000
  0.000000000000   0.000000000000   0.000000000000
  0.000000000000   0.000000000000   0.000000000000
  0.000000000000   0.000000000000   0.000000000000
  0.000000000000   0.000000000000   0.000000000000
  0.000000000000   0.000000000000   0.000000000000
  0.000000000000   0.000000000000   0.000000000000
  0.000000000000   0.000000000000   0.000000000000
  0.000000000000   0.000000000000   0.000000000000
  0.000000000000   0.000000000000   0.000000000000
  0.000000000000   0.000000000000   0.000000000000
  0.000000000000   0.000000000000   0.000000000000
  0.000000000000   0.000000000000   0.000000000000
  0.000000000000   0.000000000000   0.000000000000
  0.000000000000   0.000000000000   0.000000000000
  0.000000000000   0.000000000000   0.000000000000
  0.000000000000   0.000000000000   0.000000000000
  0.000000000000   0.000000000000   0.000000000000
  0.000000000000   0.000000000000   0.000000000000
  0.000000000000   0.000000000000   0.000000000000
  0.000000000000   0.000000000000   0.000000000000
  0.000000000000   0.000000000000   0.000000000000
  0.000000000000   0.000000000000   0.000000000000
  0.000000000000   0.000000000000   0.000000000000
  0.000000000000   0.000000000000   0.000000000000
  0.000000000000   0.000000000000   0.000000000000
  0.000000000000   0.000000000000   0.000000000000
  0.000000000000   0.000000000000   0.000000000000
  0.000000000000   0.000000000000   0.000000000000
  0.000000000000   0.000000000000   0.000000000000
  0.000000000000   0.000000000000   0.000000000000
  0.000000000000   0.000000000000   0.000000000000
  0.000000000000   0.000000000000   0.000000000000
  0.000000000000   0.000000000000   0.000000000000
  0.000000000000   0.000000000000   0.000000000000
  0.000000000000   0.000000000000   0.000000000000
  0.000000000000   0.000000000000   0.000000000000
  0.000000000000   0.000000000000   0.000000000000
  0.000000000000   0.000000000000   0.000000000000
  0.000000000000   0.000000000000   0.000000000000
  0.000000000000   0.000000000000   0.000000000000
  0.000000000000   0.000000000000   0.000000000000
  0.000000000000   0.000000000000   0.000000000000
  0.000000000000   0.000000000000   0.000000000000
  0.000000000000   0.000000000000   0.000000000000
  0.000000000000   0.000000000000   0.000000000000
  0.000000000000   0.000000000000   0.000000000000
  0.000000000000   0.000000000000   0.000000000000
  0.000000000000   0.000000000000   0.000000000000
  0.000000000000   0.000000000000   0.000000000000
  0.000000000000   0.000000000000   0.000000000000
  0.000000000000   0.000000000000   0.000000000000
  0.000000000000   0.000000000000   0.000000000000
  0.000000000000   0.000000000000   0.000000000000
  0.000000000000   0.000000000000   0.000000000000
  0.000000000000   0.000000000000   0.000000000000
  0.000000000000   0.000000000000   0.000000000000
  0.000000000000   0.000000000000   0.000000000000
  0.000000000000   0.000000000000   0.000000000000
  0.000000000000   0.000000000000   0.000000000000
  0.000000000000   0.000000000000   0.000000000000
  0.000000000000   0.000000000000   0.000000000000
  0.000000000000   0.000000000000   0.000000000000
  0.000000000000   0.000000000000   0.000000000000
  0.000000000000   0.000000000000   0.000000000000
  0.000000000000   0.000000000000   0.000000000000
  0.000000000000   0.000000000000   0.000000000000
  0.000000000000   0.000000000000   0.000000000000
  0.000000000000   0.000000000000   0.000000000000
  0.000000000000   0.000000000000   0.000000000000
  0.000000000000   0.000000000000   0.000000000000
  0.000000000000   0.000000000000   0.000000000000
  0.000000000000   0.000000000000   0.000000000000
  0.000383832589  -0.000222538486   0.000233848898
 -0.000025715858   0.000175762878  -0.000045678303
  0.001006815438   0.000275923958   0.000302576647
 -0.001539402515  -0.000269388225  -0.001368799348
  0.000049264625  -0.000161501004   0.000038627347
  0.000090294271   0.000192642638   0.000103545372
 -0.000067178052  -0.000016476699  -0.000042452697
  0.000227446409   0.000390355182   0.000146499294
 -0.000399589878  -0.001424149781  -0.000395383259
 -0.005339385194  -0.079553049525  -0.006971371288
 -0.002076705570  -0.002465370031  -0.001102307305
 -0.024146362362  -0.005291959072  -0.027160263843
 -0.002773201770   0.006426319575  -0.002657992626
  0.000011712975   0.001787914725  -0.000007209241
  0.001786771021   0.006482543062   0.001609129105
  0.001094850219  -0.000473454404   0.001145498111
  0.026418619898  -0.004104854865   0.029606413648
  0.004829665927   0.077711923033   0.006241050479
  0.000000000000   0.000000000000   0.000000000000
  0.000000000000   0.000000000000   0.000000000000
  0.000000000000   0.000000000000   0.000000000000
  0.000000000000   0.000000000000   0.000000000000
  0.000000000000   0.000000000000   0.000000000000
  0.000000000000   0.000000000000   0.000000000000
  0.000000000000   0.000000000000   0.000000000000
  0.000000000000   0.000000000000   0.000000000000
  0.000000000000   0.000000000000   0.000000000000
  0.000000000000   0.000000000000   0.000000000000
  0.000000000000   0.000000000000   0.000000000000
  0.000000000000   0.000000000000   0.000000000000
  0.000000000000   0.000000000000   0.000000000000
  0.000000000000   0.000000000000   0.000000000000
  0.000000000000   0.000000000000   0.000000000000
  0.000000000000   0.000000000000   0.000000000000
  0.000000000000   0.000000000000   0.000000000000
  0.000000000000   0.000000000000   0.000000000000
  0.000000000000   0.000000000000   0.000000000000
  0.000000000000   0.000000000000   0.000000000000
  0.000000000000   0.000000000000   0.000000000000
  0.000000000000   0.000000000000   0.000000000000
  0.000000000000   0.000000000000   0.000000000000
  0.000000000000   0.000000000000   0.000000000000
  0.000000000000   0.000000000000   0.000000000000
  0.000000000000   0.000000000000   0.000000000000
  0.000000000000   0.000000000000   0.000000000000
  0.000000000000   0.000000000000   0.000000000000
  0.000000000000   0.000000000000   0.000000000000
  0.000000000000   0.000000000000   0.000000000000
  0.000000000000   0.000000000000   0.000000000000
  0.000000000000   0.000000000000   0.000000000000
  0.000000000000   0.000000000000   0.000000000000
  0.000000000000   0.000000000000   0.000000000000
  0.000000000000   0.000000000000   0.000000000000
  0.000000000000   0.000000000000   0.000000000000
  0.000000000000   0.000000000000   0.000000000000
  0.000000000000   0.000000000000   0.000000000000
  0.000000000000   0.000000000000   0.000000000000
  0.000000000000   0.000000000000   0.000000000000
  0.000000000000   0.000000000000   0.000000000000
  0.000000000000   0.000000000000   0.000000000000
  0.000000000000   0.000000000000   0.000000000000
  0.000000000000   0.000000000000   0.000000000000
  0.000000000000   0.000000000000   0.000000000000
  0.000000000000   0.000000000000   0.000000000000
  0.000000000000   0.000000000000   0.000000000000
  0.000000000000   0.000000000000   0.000000000000
  0.000000000000   0.000000000000   0.000000000000
  0.000000000000   0.000000000000   0.000000000000
  0.000000000000   0.000000000000   0.000000000000
  0.000000000000   0.000000000000   0.000000000000
  0.000000000000   0.000000000000   0.000000000000
  0.000000000000   0.000000000000   0.000000000000
  0.000000000000   0.000000000000   0.000000000000
  0.000000000000   0.000000000000   0.000000000000
  0.000000000000   0.000000000000   0.000000000000
  0.000000000000   0.000000000000   0.000000000000
  0.000000000000   0.000000000000   0.000000000000
  0.000000000000   0.000000000000   0.000000000000
  0.000000000000   0.000000000000   0.000000000000
  0.000000000000   0.000000000000   0.000000000000
  0.000000000000   0.000000000000   0.000000000000
  0.000000000000   0.000000000000   0.000000000000
  0.000000000000   0.000000000000   0.000000000000
  0.000000000000   0.000000000000   0.000000000000
  0.000000000000   0.000000000000   0.000000000000
  0.000000000000   0.000000000000   0.000000000000
  0.000000000000   0.000000000000   0.000000000000
  0.000000000000   0.000000000000   0.000000000000
  0.000000000000   0.000000000000   0.000000000000
  0.000000000000   0.000000000000   0.000000000000
  0.000000000000   0.000000000000   0.000000000000
  0.000000000000   0.000000000000   0.000000000000
  0.000000000000   0.000000000000   0.000000000000
  0.000000000000   0.000000000000   0.000000000000
  0.000000000000   0.000000000000   0.000000000000
  0.000000000000   0.000000000000   0.000000000000
  0.000000000000   0.000000000000   0.000000000000
  0.000000000000   0.000000000000   0.000000000000
  0.000000000000   0.000000000000   0.000000000000
  0.000000000000   0.000000000000   0.000000000000
  0.000000000000   0.000000000000   0.000000000000
  0.000000000000   0.000000000000   0.000000000000
  0.000000000000   0.000000000000   0.000000000000
  0.000000000000   0.000000000000   0.000000000000
  0.000000000000   0.000000000000   0.000000000000
  0.000000000000   0.000000000000   0.000000000000
  0.000000000000   0.000000000000   0.000000000000
  0.000000000000   0.000000000000   0.000000000000
  0.000000000000   0.000000000000   0.000000000000
  0.000000000000   0.000000000000   0.000000000000
  0.000000000000   0.000000000000   0.000000000000
  0.000000000000   0.000000000000   0.000000000000
  0.000000000000   0.000000000000   0.000000000000
  0.000000000000   0.000000000000   0.000000000000
  0.000000000000   0.000000000000   0.000000000000
  0.000000000000   0.000000000000   0.000000000000
  0.000000000000   0.000000000000   0.000000000000
  0.000000000000   0.000000000000   0.000000000000
  0.000000000000   0.000000000000   0.000000000000
  0.000000000000   0.000000000000   0.000000000000
  0.000000000000   0.000000000000   0.000000000000
  0.000000000000   0.000000000000   0.000000000000
  0.000000000000   0.000000000000   0.000000000000
  0.000000000000   0.000000000000   0.000000000000
  0.000000000000   0.000000000000   0.000000000000
  0.000000000000   0.000000000000   0.000000000000
  0.000000000000   0.000000000000   0.000000000000
  0.000000000000   0.000000000000   0.000000000000
  0.000000000000   0.000000000000   0.000000000000
  0.000000000000   0.000000000000   0.000000000000
  0.000000000000   0.000000000000   0.000000000000
  0.000000000000   0.000000000000   0.000000000000
  0.000000000000   0.000000000000   0.000000000000
  0.000000000000   0.000000000000   0.000000000000
  0.000000000000   0.000000000000   0.000000000000
  0.000000000000   0.000000000000   0.000000000000
  0.000000000000   0.000000000000   0.000000000000
  0.000000000000   0.000000000000   0.000000000000
  0.000000000000   0.000000000000   0.000000000000
  0.000000000000   0.000000000000   0.000000000000
  0.000000000000   0.000000000000   0.000000000000
  0.000000000000   0.000000000000   0.000000000000
  0.000000000000   0.000000000000   0.000000000000
  0.000000000000   0.000000000000   0.000000000000
  0.000000000000   0.000000000000   0.000000000000
  0.000000000000   0.000000000000   0.000000000000
  0.000000000000   0.000000000000   0.000000000000
  0.000000000000   0.000000000000   0.000000000000
  0.000000000000   0.000000000000   0.000000000000
  0.000000000000   0.000000000000   0.000000000000
  0.000000000000   0.000000000000   0.000000000000
  0.000000000000   0.000000000000   0.000000000000
  0.000000000000   0.000000000000   0.000000000000
  0.000000000000   0.000000000000   0.000000000000
  0.000000000000   0.000000000000   0.000000000000
  0.000000000000   0.000000000000   0.000000000000
  0.000000000000   0.000000000000   0.000000000000
  0.000000000000   0.000000000000   0.000000000000
  0.000000000000   0.000000000000   0.000000000000
  0.000000000000   0.000000000000   0.000000000000
  0.000000000000   0.000000000000   0.000000000000
  0.000000000000   0.000000000000   0.000000000000
  0.000000000000   0.000000000000   0.000000000000
  0.000000000000   0.000000000000   0.000000000000
  0.000000000000   0.000000000000   0.000000000000
  0.000000000000   0.000000000000   0.000000000000
  0.000000000000   0.000000000000   0.000000000000
  0.000000000000   0.000000000000   0.000000000000
  0.000000000000   0.000000000000   0.000000000000
  0.000000000000   0.000000000000   0.000000000000
  0.000000000000   0.000000000000   0.000000000000
  0.000000000000   0.000000000000   0.000000000000
  0.000000000000   0.000000000000   0.000000000000
  0.000000000000   0.000000000000   0.000000000000
  0.000000000000   0.000000000000   0.000000000000
  0.000000000000   0.000000000000   0.000000000000
  0.000000000000   0.000000000000   0.000000000000
  0.000000000000   0.000000000000   0.000000000000
  0.000000000000   0.000000000000   0.000000000000
  0.000000000000   0.000000000000   0.000000000000
  0.000000000000   0.000000000000   0.000000000000
  0.000000000000   0.000000000000   0.000000000000
  0.000000000000   0.000000000000   0.000000000000
  0.000000000000   0.000000000000   0.000000000000
  0.000000000000   0.000000000000   0.000000000000
  0.000000000000   0.000000000000   0.000000000000
  0.000000000000   0.000000000000   0.000000000000
  0.000000000000   0.000000000000   0.000000000000
  0.000000000000   0.000000000000   0.000000000000
  0.000000000000   0.000000000000   0.000000000000
  0.000000000000   0.000000000000   0.000000000000
  0.000000000000   0.000000000000   0.000000000000
  0.000000000000   0.000000000000   0.000000000000
  0.000000000000   0.000000000000   0.000000000000
  0.000000000000   0.000000000000   0.000000000000
  0.000000000000   0.000000000000   0.000000000000
  0.000000000000   0.000000000000   0.000000000000
  0.000000000000   0.000000000000   0.000000000000
  0.000000000000   0.000000000000   0.000000000000
  0.000000000000   0.000000000000   0.000000000000
  0.000000000000   0.000000000000   0.000000000000
  0.000000000000   0.000000000000   0.000000000000
  0.000000000000   0.000000000000   0.000000000000
  0.000000000000   0.000000000000   0.000000000000
  0.000000000000   0.000000000000   0.000000000000
  0.000000000000   0.000000000000   0.000000000000
  0.000000000000   0.000000000000   0.000000000000
  0.000000000000   0.000000000000   0.000000000000
  0.000000000000   0.000000000000   0.000000000000
  0.000000000000   0.000000000000   0.000000000000
  107    3  0.0000  0.0000  0.0150
  0.000000000000   0.000000000000   0.000000000000
  0.000000000000   0.000000000000   0.000000000000
  0.000000000000   0.000000000000   0.000000000000
  0.000000000000   0.000000000000   0.000000000000
  0.000000000000   0.000000000000   0.000000000000
  0.000000000000   0.000000000000   0.000000000000
  0.000000000000   0.000000000000   0.000000000000
  0.000000000000   0.000000000000   0.000000000000
  0.000000000000   0.000000000000   0.000000000000
  0.000000000000   0.000000000000   0.000000000000
  0.000000000000   0.000000000000   0.000000000000
  0.000000000000   0.000000000000   0.000000000000
  0.000000000000   0.000000000000   0.000000000000
  0.000000000000   0.000000000000   0.000000000000
  0.000000000000   0.000000000000   0.000000000000
  0.000000000000   0.000000000000   0.000000000000
  0.000000000000   0.000000000000   0.000000000000
  0.000000000000   0.000000000000   0.000000000000
  0.000000000000   0.000000000000   0.000000000000
  0.000000000000   0.000000000000   0.000000000000
  0.000000000000   0.000000000000   0.000000000000
  0.000000000000   0.000000000000   0.000000000000
  0.000000000000   0.000000000000   0.000000000000
  0.000000000000   0.000000000000   0.000000000000
  0.000000000000   0.000000000000   0.000000000000
  0.000000000000   0.000000000000   0.000000000000
  0.000000000000   0.000000000000   0.000000000000
  0.000000000000   0.000000000000   0.000000000000
  0.000000000000   0.000000000000   0.000000000000
  0.000000000000   0.000000000000   0.000000000000
  0.000000000000   0.000000000000   0.000000000000
  0.000000000000   0.000000000000   0.000000000000
  0.000000000000   0.000000000000   0.000000000000
  0.000000000000   0.000000000000   0.000000000000
  0.000000000000   0.000000000000   0.000000000000
  0.000000000000   0.000000000000   0.000000000000
  0.000000000000   0.000000000000   0.000000000000
  0.000000000000   0.000000000000   0.000000000000
  0.000000000000   0.000000000000   0.000000000000
  0.000000000000   0.000000000000   0.000000000000
  0.000000000000   0.000000000000   0.000000000000
  0.000000000000   0.000000000000   0.000000000000
  0.000000000000   0.000000000000   0.000000000000
  0.000000000000   0.000000000000   0.000000000000
  0.000000000000   0.000000000000   0.000000000000
  0.000000000000   0.000000000000   0.000000000000
  0.000000000000   0.000000000000   0.000000000000
  0.000000000000   0.000000000000   0.000000000000
  0.000000000000   0.000000000000   0.000000000000
  0.000000000000   0.000000000000   0.000000000000
  0.000000000000   0.000000000000   0.000000000000
  0.000000000000   0.000000000000   0.000000000000
  0.000000000000   0.000000000000   0.000000000000
  0.000000000000   0.000000000000   0.000000000000
  0.000000000000   0.000000000000   0.000000000000
  0.000000000000   0.000000000000   0.000000000000
  0.000000000000   0.000000000000   0.000000000000
  0.000000000000   0.000000000000   0.000000000000
  0.000000000000   0.000000000000   0.000000000000
  0.000000000000   0.000000000000   0.000000000000
  0.000000000000   0.000000000000   0.000000000000
  0.000000000000   0.000000000000   0.000000000000
  0.000000000000   0.000000000000   0.000000000000
  0.000000000000   0.000000000000   0.000000000000
  0.000000000000   0.000000000000   0.000000000000
  0.000000000000   0.000000000000   0.000000000000
  0.000000000000   0.000000000000   0.000000000000
  0.000000000000   0.000000000000   0.000000000000
  0.000000000000   0.000000000000   0.000000000000
  0.000000000000   0.000000000000   0.000000000000
  0.000000000000   0.000000000000   0.000000000000
  0.000000000000   0.000000000000   0.000000000000
  0.000000000000   0.000000000000   0.000000000000
  0.000000000000   0.000000000000   0.000000000000
  0.000000000000   0.000000000000   0.000000000000
  0.000000000000   0.000000000000   0.000000000000
  0.000000000000   0.000000000000   0.000000000000
  0.000000000000   0.000000000000   0.000000000000
  0.000000000000   0.000000000000   0.000000000000
  0.000000000000   0.000000000000   0.000000000000
  0.000000000000   0.000000000000   0.000000000000
  0.000000000000   0.000000000000   0.000000000000
  0.000000000000   0.000000000000   0.000000000000
  0.000000000000   0.000000000000   0.000000000000
  0.000000000000   0.000000000000   0.000000000000
  0.000000000000   0.000000000000   0.000000000000
  0.000000000000   0.000000000000   0.000000000000
  0.000000000000   0.000000000000   0.000000000000
  0.000000000000   0.000000000000   0.000000000000
  0.000000000000   0.000000000000   0.000000000000
  0.000000000000   0.000000000000   0.000000000000
  0.000000000000   0.000000000000   0.000000000000
  0.000000000000   0.000000000000   0.000000000000
  0.000000000000   0.000000000000   0.000000000000
  0.000000000000   0.000000000000   0.000000000000
  0.000000000000   0.000000000000   0.000000000000
  0.000000000000   0.000000000000   0.000000000000
 -0.000250435734  -0.000193533441  -0.000174749465
 -0.000224395416   0.000489041178   0.000062241816
 -0.000639485971  -0.001068931221  -0.000728569225
  0.000526051747   0.000096190411   0.000639141405
 -0.000698467442   0.000029077902   0.000748620745
  0.000084355529   0.000236792396   0.000079770661
 -0.000085839538   0.000022153934  -0.000017615997
  0.000077073506   0.000063720592   0.000018034258
 -0.003084230165   0.000387802652   0.001785907555
 -0.224946175910  -0.007133266345  -0.283814108440
 -0.002199886931   0.001276472508   0.002009737063
  0.012336518305   0.002873690427   0.007810654879
  0.004508251294  -0.003420225606  -0.004242346252
 -0.000879427962  -0.000269994654   0.000512410522
  0.003703653541   0.002841249006  -0.005486265345
  0.000729168868  -0.000436890449   0.000054743338
  0.008175005067  -0.001547350631   0.007653857358
  0.202923625363   0.004878989321   0.272656003553
  0.000000000000   0.000000000000   0.000000000000
  0.000000000000   0.000000000000   0.000000000000
  0.000000000000   0.000000000000   0.000000000000
  0.000000000000   0.000000000000   0.000000000000
  0.000000000000   0.000000000000   0.000000000000
  0.000000000000   0.000000000000   0.000000000000
  0.000000000000   0.000000000000   0.000000000000
  0.000000000000   0.000000000000   0.000000000000
  0.000000000000   0.000000000000   0.000000000000
  0.000000000000   0.000000000000   0.000000000000
  0.000000000000   0.000000000000   0.000000000000
  0.000000000000   0.000000000000   0.000000000000
  0.000000000000   0.000000000000   0.000000000000
  0.000000000000   0.000000000000   0.000000000000
  0.000000000000   0.000000000000   0.000000000000
  0.000000000000   0.000000000000   0.000000000000
  0.000000000000   0.000000000000   0.000000000000
  0.000000000000   0.000000000000   0.000000000000
  0.000000000000   0.000000000000   0.000000000000
  0.000000000000   0.000000000000   0.000000000000
  0.000000000000   0.000000000000   0.000000000000
  0.000000000000   0.000000000000   0.000000000000
  0.000000000000   0.000000000000   0.000000000000
  0.000000000000   0.000000000000   0.000000000000
  0.000000000000   0.000000000000   0.000000000000
  0.000000000000   0.000000000000   0.000000000000
  0.000000000000   0.000000000000   0.000000000000
  0.000000000000   0.000000000000   0.000000000000
  0.000000000000   0.000000000000   0.000000000000
  0.000000000000   0.000000000000   0.000000000000
  0.000000000000   0.000000000000   0.000000000000
  0.000000000000   0.000000000000   0.000000000000
  0.000000000000   0.000000000000   0.000000000000
  0.000000000000   0.000000000000   0.000000000000
  0.000000000000   0.000000000000   0.000000000000
  0.000000000000   0.000000000000   0.000000000000
  0.000000000000   0.000000000000   0.000000000000
  0.000000000000   0.000000000000   0.000000000000
  0.000000000000   0.000000000000   0.000000000000
  0.000000000000   0.000000000000   0.000000000000
  0.000000000000   0.000000000000   0.000000000000
  0.000000000000   0.000000000000   0.000000000000
  0.000000000000   0.000000000000   0.000000000000
  0.000000000000   0.000000000000   0.000000000000
  0.000000000000   0.000000000000   0.000000000000
  0.000000000000   0.000000000000   0.000000000000
  0.000000000000   0.000000000000   0.000000000000
  0.000000000000   0.000000000000   0.000000000000
  0.000000000000   0.000000000000   0.000000000000
  0.000000000000   0.000000000000   0.000000000000
  0.000000000000   0.000000000000   0.000000000000
  0.000000000000   0.000000000000   0.000000000000
  0.000000000000   0.000000000000   0.000000000000
  0.000000000000   0.000000000000   0.000000000000
  0.000000000000   0.000000000000   0.000000000000
  0.000000000000   0.000000000000   0.000000000000
  0.000000000000   0.000000000000   0.000000000000
  0.000000000000   0.000000000000   0.000000000000
  0.000000000000   0.000000000000   0.000000000000
  0.000000000000   0.000000000000   0.000000000000
  0.000000000000   0.000000000000   0.000000000000
  0.000000000000   0.000000000000   0.000000000000
  0.000000000000   0.000000000000   0.000000000000
  0.000000000000   0.000000000000   0.000000000000
  0.000000000000   0.000000000000   0.000000000000
  0.000000000000   0.000000000000   0.000000000000
  0.000000000000   0.000000000000   0.000000000000
  0.000000000000   0.000000000000   0.000000000000
  0.000000000000   0.000000000000   0.000000000000
  0.000000000000   0.000000000000   0.000000000000
  0.000000000000   0.000000000000   0.000000000000
  0.000000000000   0.000000000000   0.000000000000
  0.000000000000   0.000000000000   0.000000000000
  0.000000000000   0.000000000000   0.000000000000
  0.000000000000   0.000000000000   0.000000000000
  0.000000000000   0.000000000000   0.000000000000
  0.000000000000   0.000000000000   0.000000000000
  0.000000000000   0.000000000000   0.000000000000
  0.000000000000   0.000000000000   0.000000000000
  0.000000000000   0.000000000000   0.000000000000
  0.000000000000   0.000000000000   0.000000000000
  0.000000000000   0.000000000000   0.000000000000
  0.000000000000   0.000000000000   0.000000000000
  0.000000000000   0.000000000000   0.000000000000
  0.000000000000   0.000000000000   0.000000000000
  0.000000000000   0.000000000000   0.000000000000
  0.000000000000   0.000000000000   0.000000000000
  0.000000000000   0.000000000000   0.000000000000
  0.000000000000   0.000000000000   0.000000000000
  0.000000000000   0.000000000000   0.000000000000
  0.000000000000   0.000000000000   0.000000000000
  0.000000000000   0.000000000000   0.000000000000
  0.000000000000   0.000000000000   0.000000000000
  0.000000000000   0.000000000000   0.000000000000
  0.000000000000   0.000000000000   0.000000000000
  0.000000000000   0.000000000000   0.000000000000
  0.000000000000   0.000000000000   0.000000000000
  0.000000000000   0.000000000000   0.000000000000
  0.000000000000   0.000000000000   0.000000000000
  0.000000000000   0.000000000000   0.000000000000
  0.000000000000   0.000000000000   0.000000000000
  0.000000000000   0.000000000000   0.000000000000
  0.000000000000   0.000000000000   0.000000000000
  0.000000000000   0.000000000000   0.000000000000
  0.000000000000   0.000000000000   0.000000000000
  0.000000000000   0.000000000000   0.000000000000
  0.000000000000   0.000000000000   0.000000000000
  0.000000000000   0.000000000000   0.000000000000
  0.000000000000   0.000000000000   0.000000000000
  0.000000000000   0.000000000000   0.000000000000
  0.000000000000   0.000000000000   0.000000000000
  0.000000000000   0.000000000000   0.000000000000
  0.000000000000   0.000000000000   0.000000000000
  0.000000000000   0.000000000000   0.000000000000
  0.000000000000   0.000000000000   0.000000000000
  0.000000000000   0.000000000000   0.000000000000
  0.000000000000   0.000000000000   0.000000000000
  0.000000000000   0.000000000000   0.000000000000
  0.000000000000   0.000000000000   0.000000000000
  0.000000000000   0.000000000000   0.000000000000
  0.000000000000   0.000000000000   0.000000000000
  0.000000000000   0.000000000000   0.000000000000
  0.000000000000   0.000000000000   0.000000000000
  0.000000000000   0.000000000000   0.000000000000
  0.000000000000   0.000000000000   0.000000000000
  0.000000000000   0.000000000000   0.000000000000
  0.000000000000   0.000000000000   0.000000000000
  0.000000000000   0.000000000000   0.000000000000
  0.000000000000   0.000000000000   0.000000000000
  0.000000000000   0.000000000000   0.000000000000
  0.000000000000   0.000000000000   0.000000000000
  0.000000000000   0.000000000000   0.000000000000
  0.000000000000   0.000000000000   0.000000000000
  0.000000000000   0.000000000000   0.000000000000
  0.000000000000   0.000000000000   0.000000000000
  0.000000000000   0.000000000000   0.000000000000
  0.000000000000   0.000000000000   0.000000000000
  0.000000000000   0.000000000000   0.000000000000
  0.000000000000   0.000000000000   0.000000000000
  0.000000000000   0.000000000000   0.000000000000
  0.000000000000   0.000000000000   0.000000000000
  0.000000000000   0.000000000000   0.000000000000
  0.000000000000   0.000000000000   0.000000000000
  0.000000000000   0.000000000000   0.000000000000
  0.000000000000   0.000000000000   0.000000000000
  0.000000000000   0.000000000000   0.000000000000
  0.000000000000   0.000000000000   0.000000000000
  0.000000000000   0.000000000000   0.000000000000
  0.000000000000   0.000000000000   0.000000000000
  0.000000000000   0.000000000000   0.000000000000
  0.000000000000   0.000000000000   0.000000000000
  0.000000000000   0.000000000000   0.000000000000
  0.000000000000   0.000000000000   0.000000000000
  0.000000000000   0.000000000000   0.000000000000
  0.000000000000   0.000000000000   0.000000000000
  0.000000000000   0.000000000000   0.000000000000
  0.000000000000   0.000000000000   0.000000000000
  0.000000000000   0.000000000000   0.000000000000
  0.000000000000   0.000000000000   0.000000000000
  0.000000000000   0.000000000000   0.000000000000
  0.000000000000   0.000000000000   0.000000000000
  0.000000000000   0.000000000000   0.000000000000
  0.000000000000   0.000000000000   0.000000000000
  0.000000000000   0.000000000000   0.000000000000
  0.000000000000   0.000000000000   0.000000000000
  0.000000000000   0.000000000000   0.000000000000
  0.000000000000   0.000000000000   0.000000000000
  0.000000000000   0.000000000000   0.000000000000
  0.000000000000   0.000000000000   0.000000000000
  0.000000000000   0.000000000000   0.000000000000
  0.000000000000   0.000000000000   0.000000000000
  0.000000000000   0.000000000000   0.000000000000
  0.000000000000   0.000000000000   0.000000000000
  0.000000000000   0.000000000000   0.000000000000
  0.000000000000   0.000000000000   0.000000000000
  0.000000000000   0.000000000000   0.000000000000
  0.000000000000   0.000000000000   0.000000000000
  0.000000000000   0.000000000000   0.000000000000
  0.000000000000   0.000000000000   0.000000000000
  0.000000000000   0.000000000000   0.000000000000
  0.000000000000   0.000000000000   0.000000000000
  0.000000000000   0.000000000000   0.000000000000
  0.000000000000   0.000000000000   0.000000000000
  0.000000000000   0.000000000000   0.000000000000
  0.000000000000   0.000000000000   0.000000000000
  0.000000000000   0.000000000000   0.000000000000
  0.000000000000   0.000000000000   0.000000000000
  0.000000000000   0.000000000000   0.000000000000
  0.000000000000   0.000000000000   0.000000000000
  0.000000000000   0.000000000000   0.000000000000
  0.000000000000   0.000000000000   0.000000000000
  0.000000000000   0.000000000000   0.000000000000
  108    1  0.0150  0.0000  0.0000
  0.000000000000   0.000000000000   0.000000000000
  0.000000000000   0.000000000000   0.000000000000
  0.000000000000   0.000000000000   0.000000000000
  0.000000000000   0.000000000000   0.000000000000
  0.000000000000   0.000000000000   0.000000000000
  0.000000000000   0.000000000000   0.000000000000
  0.000000000000   0.000000000000   0.000000000000
  0.000000000000   0.000000000000   0.000000000000
  0.000000000000   0.000000000000   0.000000000000
  0.000000000000   0.000000000000   0.000000000000
  0.000000000000   0.000000000000   0.000000000000
  0.000000000000   0.000000000000   0.000000000000
  0.000000000000   0.000000000000   0.000000000000
  0.000000000000   0.000000000000   0.000000000000
  0.000000000000   0.000000000000   0.000000000000
  0.000000000000   0.000000000000   0.000000000000
  0.000000000000   0.000000000000   0.000000000000
  0.000000000000   0.000000000000   0.000000000000
  0.000000000000   0.000000000000   0.000000000000
  0.000000000000   0.000000000000   0.000000000000
  0.000000000000   0.000000000000   0.000000000000
  0.000000000000   0.000000000000   0.000000000000
  0.000000000000   0.000000000000   0.000000000000
  0.000000000000   0.000000000000   0.000000000000
  0.000000000000   0.000000000000   0.000000000000
  0.000000000000   0.000000000000   0.000000000000
  0.000000000000   0.000000000000   0.000000000000
  0.000000000000   0.000000000000   0.000000000000
  0.000000000000   0.000000000000   0.000000000000
  0.000000000000   0.000000000000   0.000000000000
  0.000000000000   0.000000000000   0.000000000000
  0.000000000000   0.000000000000   0.000000000000
  0.000000000000   0.000000000000   0.000000000000
  0.000000000000   0.000000000000   0.000000000000
  0.000000000000   0.000000000000   0.000000000000
  0.000000000000   0.000000000000   0.000000000000
  0.000000000000   0.000000000000   0.000000000000
  0.000000000000   0.000000000000   0.000000000000
  0.000000000000   0.000000000000   0.000000000000
  0.000000000000   0.000000000000   0.000000000000
  0.000000000000   0.000000000000   0.000000000000
  0.000000000000   0.000000000000   0.000000000000
  0.000000000000   0.000000000000   0.000000000000
  0.000000000000   0.000000000000   0.000000000000
  0.000000000000   0.000000000000   0.000000000000
  0.000000000000   0.000000000000   0.000000000000
  0.000000000000   0.000000000000   0.000000000000
  0.000000000000   0.000000000000   0.000000000000
  0.000000000000   0.000000000000   0.000000000000
  0.000000000000   0.000000000000   0.000000000000
  0.000000000000   0.000000000000   0.000000000000
  0.000000000000   0.000000000000   0.000000000000
  0.000000000000   0.000000000000   0.000000000000
  0.000000000000   0.000000000000   0.000000000000
  0.000000000000   0.000000000000   0.000000000000
  0.000000000000   0.000000000000   0.000000000000
  0.000000000000   0.000000000000   0.000000000000
  0.000000000000   0.000000000000   0.000000000000
  0.000000000000   0.000000000000   0.000000000000
  0.000000000000   0.000000000000   0.000000000000
  0.000000000000   0.000000000000   0.000000000000
  0.000000000000   0.000000000000   0.000000000000
  0.000000000000   0.000000000000   0.000000000000
  0.000000000000   0.000000000000   0.000000000000
  0.000000000000   0.000000000000   0.000000000000
  0.000000000000   0.000000000000   0.000000000000
  0.000000000000   0.000000000000   0.000000000000
  0.000000000000   0.000000000000   0.000000000000
  0.000000000000   0.000000000000   0.000000000000
  0.000000000000   0.000000000000   0.000000000000
  0.000000000000   0.000000000000   0.000000000000
  0.000000000000   0.000000000000   0.000000000000
  0.000000000000   0.000000000000   0.000000000000
  0.000000000000   0.000000000000   0.000000000000
  0.000000000000   0.000000000000   0.000000000000
  0.000000000000   0.000000000000   0.000000000000
  0.000000000000   0.000000000000   0.000000000000
  0.000000000000   0.000000000000   0.000000000000
  0.000000000000   0.000000000000   0.000000000000
  0.000000000000   0.000000000000   0.000000000000
  0.000000000000   0.000000000000   0.000000000000
  0.000000000000   0.000000000000   0.000000000000
  0.000000000000   0.000000000000   0.000000000000
  0.000000000000   0.000000000000   0.000000000000
  0.000000000000   0.000000000000   0.000000000000
  0.000000000000   0.000000000000   0.000000000000
  0.000000000000   0.000000000000   0.000000000000
  0.000000000000   0.000000000000   0.000000000000
  0.000000000000   0.000000000000   0.000000000000
  0.000000000000   0.000000000000   0.000000000000
  0.000000000000   0.000000000000   0.000000000000
  0.000000000000   0.000000000000   0.000000000000
  0.000000000000   0.000000000000   0.000000000000
  0.000000000000   0.000000000000   0.000000000000
  0.000000000000   0.000000000000   0.000000000000
  0.000000000000   0.000000000000   0.000000000000
  0.000000000000   0.000000000000   0.000000000000
  0.061584907637   0.011876828032  -0.008129150294
  0.215249364582  -0.079480505393  -0.164368740115
  0.368702978534  -0.023477415133   0.144677274266
  0.001174742921   0.000770187766  -0.003851284310
  0.000430048979   0.001237788561   0.000339637625
  0.000095449155  -0.000120159478  -0.000013520590
  0.000084826667  -0.000016284661   0.000039772301
 -0.000120577391  -0.000075803816  -0.000220094708
 -0.000725737521  -0.000977862712   0.000006768368
  0.001735281893  -0.002000875601  -0.002375623385
 -0.767392584203   0.018042174137  -0.022587681802
  0.122814542603   0.054228048091   0.034739745696
  0.007425757694   0.032603839038   0.016754305935
 -0.001447860887  -0.001203050391   0.008699529455
  0.001386979623  -0.000472515039  -0.000707532411
  0.000149745549   0.000238619897  -0.000489319204
 -0.003089771561  -0.002352172253   0.005645117198
 -0.008810800169  -0.011664333236  -0.005199044856
  0.000000000000   0.000000000000   0.000000000000
  0.000000000000   0.000000000000   0.000000000000
  0.000000000000   0.000000000000   0.000000000000
  0.000000000000   0.000000000000   0.000000000000
  0.000000000000   0.000000000000   0.000000000000
  0.000000000000   0.000000000000   0.000000000000
  0.000000000000   0.000000000000   0.000000000000
  0.000000000000   0.000000000000   0.000000000000
  0.000000000000   0.000000000000   0.000000000000
  0.000000000000   0.000000000000   0.000000000000
  0.000000000000   0.000000000000   0.000000000000
  0.000000000000   0.000000000000   0.000000000000
  0.000000000000   0.000000000000   0.000000000000
  0.000000000000   0.000000000000   0.000000000000
  0.000000000000   0.000000000000   0.000000000000
  0.000000000000   0.000000000000   0.000000000000
  0.000000000000   0.000000000000   0.000000000000
  0.000000000000   0.000000000000   0.000000000000
  0.000000000000   0.000000000000   0.000000000000
  0.000000000000   0.000000000000   0.000000000000
  0.000000000000   0.000000000000   0.000000000000
  0.000000000000   0.000000000000   0.000000000000
  0.000000000000   0.000000000000   0.000000000000
  0.000000000000   0.000000000000   0.000000000000
  0.000000000000   0.000000000000   0.000000000000
  0.000000000000   0.000000000000   0.000000000000
  0.000000000000   0.000000000000   0.000000000000
  0.000000000000   0.000000000000   0.000000000000
  0.000000000000   0.000000000000   0.000000000000
  0.000000000000   0.000000000000   0.000000000000
  0.000000000000   0.000000000000   0.000000000000
  0.000000000000   0.000000000000   0.000000000000
  0.000000000000   0.000000000000   0.000000000000
  0.000000000000   0.000000000000   0.000000000000
  0.000000000000   0.000000000000   0.000000000000
  0.000000000000   0.000000000000   0.000000000000
  0.000000000000   0.000000000000   0.000000000000
  0.000000000000   0.000000000000   0.000000000000
  0.000000000000   0.000000000000   0.000000000000
  0.000000000000   0.000000000000   0.000000000000
  0.000000000000   0.000000000000   0.000000000000
  0.000000000000   0.000000000000   0.000000000000
  0.000000000000   0.000000000000   0.000000000000
  0.000000000000   0.000000000000   0.000000000000
  0.000000000000   0.000000000000   0.000000000000
  0.000000000000   0.000000000000   0.000000000000
  0.000000000000   0.000000000000   0.000000000000
  0.000000000000   0.000000000000   0.000000000000
  0.000000000000   0.000000000000   0.000000000000
  0.000000000000   0.000000000000   0.000000000000
  0.000000000000   0.000000000000   0.000000000000
  0.000000000000   0.000000000000   0.000000000000
  0.000000000000   0.000000000000   0.000000000000
  0.000000000000   0.000000000000   0.000000000000
  0.000000000000   0.000000000000   0.000000000000
  0.000000000000   0.000000000000   0.000000000000
  0.000000000000   0.000000000000   0.000000000000
  0.000000000000   0.000000000000   0.000000000000
  0.000000000000   0.000000000000   0.000000000000
  0.000000000000   0.000000000000   0.000000000000
  0.000000000000   0.000000000000   0.000000000000
  0.000000000000   0.000000000000   0.000000000000
  0.000000000000   0.000000000000   0.000000000000
  0.000000000000   0.000000000000   0.000000000000
  0.000000000000   0.000000000000   0.000000000000
  0.000000000000   0.000000000000   0.000000000000
  0.000000000000   0.000000000000   0.000000000000
  0.000000000000   0.000000000000   0.000000000000
  0.000000000000   0.000000000000   0.000000000000
  0.000000000000   0.000000000000   0.000000000000
  0.000000000000   0.000000000000   0.000000000000
  0.000000000000   0.000000000000   0.000000000000
  0.000000000000   0.000000000000   0.000000000000
  0.000000000000   0.000000000000   0.000000000000
  0.000000000000   0.000000000000   0.000000000000
  0.000000000000   0.000000000000   0.000000000000
  0.000000000000   0.000000000000   0.000000000000
  0.000000000000   0.000000000000   0.000000000000
  0.000000000000   0.000000000000   0.000000000000
  0.000000000000   0.000000000000   0.000000000000
  0.000000000000   0.000000000000   0.000000000000
  0.000000000000   0.000000000000   0.000000000000
  0.000000000000   0.000000000000   0.000000000000
  0.000000000000   0.000000000000   0.000000000000
  0.000000000000   0.000000000000   0.000000000000
  0.000000000000   0.000000000000   0.000000000000
  0.000000000000   0.000000000000   0.000000000000
  0.000000000000   0.000000000000   0.000000000000
  0.000000000000   0.000000000000   0.000000000000
  0.000000000000   0.000000000000   0.000000000000
  0.000000000000   0.000000000000   0.000000000000
  0.000000000000   0.000000000000   0.000000000000
  0.000000000000   0.000000000000   0.000000000000
  0.000000000000   0.000000000000   0.000000000000
  0.000000000000   0.000000000000   0.000000000000
  0.000000000000   0.000000000000   0.000000000000
  0.000000000000   0.000000000000   0.000000000000
  0.000000000000   0.000000000000   0.000000000000
  0.000000000000   0.000000000000   0.000000000000
  0.000000000000   0.000000000000   0.000000000000
  0.000000000000   0.000000000000   0.000000000000
  0.000000000000   0.000000000000   0.000000000000
  0.000000000000   0.000000000000   0.000000000000
  0.000000000000   0.000000000000   0.000000000000
  0.000000000000   0.000000000000   0.000000000000
  0.000000000000   0.000000000000   0.000000000000
  0.000000000000   0.000000000000   0.000000000000
  0.000000000000   0.000000000000   0.000000000000
  0.000000000000   0.000000000000   0.000000000000
  0.000000000000   0.000000000000   0.000000000000
  0.000000000000   0.000000000000   0.000000000000
  0.000000000000   0.000000000000   0.000000000000
  0.000000000000   0.000000000000   0.000000000000
  0.000000000000   0.000000000000   0.000000000000
  0.000000000000   0.000000000000   0.000000000000
  0.000000000000   0.000000000000   0.000000000000
  0.000000000000   0.000000000000   0.000000000000
  0.000000000000   0.000000000000   0.000000000000
  0.000000000000   0.000000000000   0.000000000000
  0.000000000000   0.000000000000   0.000000000000
  0.000000000000   0.000000000000   0.000000000000
  0.000000000000   0.000000000000   0.000000000000
  0.000000000000   0.000000000000   0.000000000000
  0.000000000000   0.000000000000   0.000000000000
  0.000000000000   0.000000000000   0.000000000000
  0.000000000000   0.000000000000   0.000000000000
  0.000000000000   0.000000000000   0.000000000000
  0.000000000000   0.000000000000   0.000000000000
  0.000000000000   0.000000000000   0.000000000000
  0.000000000000   0.000000000000   0.000000000000
  0.000000000000   0.000000000000   0.000000000000
  0.000000000000   0.000000000000   0.000000000000
  0.000000000000   0.000000000000   0.000000000000
  0.000000000000   0.000000000000   0.000000000000
  0.000000000000   0.000000000000   0.000000000000
  0.000000000000   0.000000000000   0.000000000000
  0.000000000000   0.000000000000   0.000000000000
  0.000000000000   0.000000000000   0.000000000000
  0.000000000000   0.000000000000   0.000000000000
  0.000000000000   0.000000000000   0.000000000000
  0.000000000000   0.000000000000   0.000000000000
  0.000000000000   0.000000000000   0.000000000000
  0.000000000000   0.000000000000   0.000000000000
  0.000000000000   0.000000000000   0.000000000000
  0.000000000000   0.000000000000   0.000000000000
  0.000000000000   0.000000000000   0.000000000000
  0.000000000000   0.000000000000   0.000000000000
  0.000000000000   0.000000000000   0.000000000000
  0.000000000000   0.000000000000   0.000000000000
  0.000000000000   0.000000000000   0.000000000000
  0.000000000000   0.000000000000   0.000000000000
  0.000000000000   0.000000000000   0.000000000000
  0.000000000000   0.000000000000   0.000000000000
  0.000000000000   0.000000000000   0.000000000000
  0.000000000000   0.000000000000   0.000000000000
  0.000000000000   0.000000000000   0.000000000000
  0.000000000000   0.000000000000   0.000000000000
  0.000000000000   0.000000000000   0.000000000000
  0.000000000000   0.000000000000   0.000000000000
  0.000000000000   0.000000000000   0.000000000000
  0.000000000000   0.000000000000   0.000000000000
  0.000000000000   0.000000000000   0.000000000000
  0.000000000000   0.000000000000   0.000000000000
  0.000000000000   0.000000000000   0.000000000000
  0.000000000000   0.000000000000   0.000000000000
  0.000000000000   0.000000000000   0.000000000000
  0.000000000000   0.000000000000   0.000000000000
  0.000000000000   0.000000000000   0.000000000000
  0.000000000000   0.000000000000   0.000000000000
  0.000000000000   0.000000000000   0.000000000000
  0.000000000000   0.000000000000   0.000000000000
  0.000000000000   0.000000000000   0.000000000000
  0.000000000000   0.000000000000   0.000000000000
  0.000000000000   0.000000000000   0.000000000000
  0.000000000000   0.000000000000   0.000000000000
  0.000000000000   0.000000000000   0.000000000000
  0.000000000000   0.000000000000   0.000000000000
  0.000000000000   0.000000000000   0.000000000000
  0.000000000000   0.000000000000   0.000000000000
  0.000000000000   0.000000000000   0.000000000000
  0.000000000000   0.000000000000   0.000000000000
  0.000000000000   0.000000000000   0.000000000000
  0.000000000000   0.000000000000   0.000000000000
  0.000000000000   0.000000000000   0.000000000000
  0.000000000000   0.000000000000   0.000000000000
  0.000000000000   0.000000000000   0.000000000000
  0.000000000000   0.000000000000   0.000000000000
  0.000000000000   0.000000000000   0.000000000000
  0.000000000000   0.000000000000   0.000000000000
  0.000000000000   0.000000000000   0.000000000000
  0.000000000000   0.000000000000   0.000000000000
  0.000000000000   0.000000000000   0.000000000000
  108    2  0.0000  0.0150  0.0000
  0.000000000000   0.000000000000   0.000000000000
  0.000000000000   0.000000000000   0.000000000000
  0.000000000000   0.000000000000   0.000000000000
  0.000000000000   0.000000000000   0.000000000000
  0.000000000000   0.000000000000   0.000000000000
  0.000000000000   0.000000000000   0.000000000000
  0.000000000000   0.000000000000   0.000000000000
  0.000000000000   0.000000000000   0.000000000000
  0.000000000000   0.000000000000   0.000000000000
  0.000000000000   0.000000000000   0.000000000000
  0.000000000000   0.000000000000   0.000000000000
  0.000000000000   0.000000000000   0.000000000000
  0.000000000000   0.000000000000   0.000000000000
  0.000000000000   0.000000000000   0.000000000000
  0.000000000000   0.000000000000   0.000000000000
  0.000000000000   0.000000000000   0.000000000000
  0.000000000000   0.000000000000   0.000000000000
  0.000000000000   0.000000000000   0.000000000000
  0.000000000000   0.000000000000   0.000000000000
  0.000000000000   0.000000000000   0.000000000000
  0.000000000000   0.000000000000   0.000000000000
  0.000000000000   0.000000000000   0.000000000000
  0.000000000000   0.000000000000   0.000000000000
  0.000000000000   0.000000000000   0.000000000000
  0.000000000000   0.000000000000   0.000000000000
  0.000000000000   0.000000000000   0.000000000000
  0.000000000000   0.000000000000   0.000000000000
  0.000000000000   0.000000000000   0.000000000000
  0.000000000000   0.000000000000   0.000000000000
  0.000000000000   0.000000000000   0.000000000000
  0.000000000000   0.000000000000   0.000000000000
  0.000000000000   0.000000000000   0.000000000000
  0.000000000000   0.000000000000   0.000000000000
  0.000000000000   0.000000000000   0.000000000000
  0.000000000000   0.000000000000   0.000000000000
  0.000000000000   0.000000000000   0.000000000000
  0.000000000000   0.000000000000   0.000000000000
  0.000000000000   0.000000000000   0.000000000000
  0.000000000000   0.000000000000   0.000000000000
  0.000000000000   0.000000000000   0.000000000000
  0.000000000000   0.000000000000   0.000000000000
  0.000000000000   0.000000000000   0.000000000000
  0.000000000000   0.000000000000   0.000000000000
  0.000000000000   0.000000000000   0.000000000000
  0.000000000000   0.000000000000   0.000000000000
  0.000000000000   0.000000000000   0.000000000000
  0.000000000000   0.000000000000   0.000000000000
  0.000000000000   0.000000000000   0.000000000000
  0.000000000000   0.000000000000   0.000000000000
  0.000000000000   0.000000000000   0.000000000000
  0.000000000000   0.000000000000   0.000000000000
  0.000000000000   0.000000000000   0.000000000000
  0.000000000000   0.000000000000   0.000000000000
  0.000000000000   0.000000000000   0.000000000000
  0.000000000000   0.000000000000   0.000000000000
  0.000000000000   0.000000000000   0.000000000000
  0.000000000000   0.000000000000   0.000000000000
  0.000000000000   0.000000000000   0.000000000000
  0.000000000000   0.000000000000   0.000000000000
  0.000000000000   0.000000000000   0.000000000000
  0.000000000000   0.000000000000   0.000000000000
  0.000000000000   0.000000000000   0.000000000000
  0.000000000000   0.000000000000   0.000000000000
  0.000000000000   0.000000000000   0.000000000000
  0.000000000000   0.000000000000   0.000000000000
  0.000000000000   0.000000000000   0.000000000000
  0.000000000000   0.000000000000   0.000000000000
  0.000000000000   0.000000000000   0.000000000000
  0.000000000000   0.000000000000   0.000000000000
  0.000000000000   0.000000000000   0.000000000000
  0.000000000000   0.000000000000   0.000000000000
  0.000000000000   0.000000000000   0.000000000000
  0.000000000000   0.000000000000   0.000000000000
  0.000000000000   0.000000000000   0.000000000000
  0.000000000000   0.000000000000   0.000000000000
  0.000000000000   0.000000000000   0.000000000000
  0.000000000000   0.000000000000   0.000000000000
  0.000000000000   0.000000000000   0.000000000000
  0.000000000000   0.000000000000   0.000000000000
  0.000000000000   0.000000000000   0.000000000000
  0.000000000000   0.000000000000   0.000000000000
  0.000000000000   0.000000000000   0.000000000000
  0.000000000000   0.000000000000   0.000000000000
  0.000000000000   0.000000000000   0.000000000000
  0.000000000000   0.000000000000   0.000000000000
  0.000000000000   0.000000000000   0.000000000000
  0.000000000000   0.000000000000   0.000000000000
  0.000000000000   0.000000000000   0.000000000000
  0.000000000000   0.000000000000   0.000000000000
  0.000000000000   0.000000000000   0.000000000000
  0.000000000000   0.000000000000   0.000000000000
  0.000000000000   0.000000000000   0.000000000000
  0.000000000000   0.000000000000   0.000000000000
  0.000000000000   0.000000000000   0.000000000000
  0.000000000000   0.000000000000   0.000000000000
  0.000000000000   0.000000000000   0.000000000000
  0.000000000000   0.000000000000   0.000000000000
  0.013658707133   0.230348110378  -0.188531169117
 -0.074798017848   0.093152303874   0.078543648889
 -0.021481298773   0.064592420042  -0.012329287929
 -0.002152663061  -0.001308773855  -0.000793911517
 -0.000491908229  -0.000610113605  -0.000177416094
  0.000173761065   0.000132226294   0.000018695231
  0.000024356244  -0.000007244948   0.000038986162
  0.000057232745   0.000154609604   0.000108139697
  0.000266776839   0.000832604521   0.000662671181
  0.001381366054  -0.002326239507   0.001381714766
  0.018787396920  -0.700563309975   0.043796258035
  0.047294411783   0.263664643510   0.059269324061
  0.009880064998   0.005665858526   0.009831173434
 -0.001685746664  -0.004438183074  -0.003364924482
 -0.000097122194   0.002743876693  -0.000399468630
 -0.000105904789  -0.000201304424   0.000124043531
 -0.002599751582   0.000485785398  -0.002882131384
  0.009817854228   0.044930921805   0.014632077059
  0.000000000000   0.000000000000   0.000000000000
  0.000000000000   0.000000000000   0.000000000000
  0.000000000000   0.000000000000   0.000000000000
  0.000000000000   0.000000000000   0.000000000000
  0.000000000000   0.000000000000   0.000000000000
  0.000000000000   0.000000000000   0.000000000000
  0.000000000000   0.000000000000   0.000000000000
  0.000000000000   0.000000000000   0.000000000000
  0.000000000000   0.000000000000   0.000000000000
  0.000000000000   0.000000000000   0.000000000000
  0.000000000000   0.000000000000   0.000000000000
  0.000000000000   0.000000000000   0.000000000000
  0.000000000000   0.000000000000   0.000000000000
  0.000000000000   0.000000000000   0.000000000000
  0.000000000000   0.000000000000   0.000000000000
  0.000000000000   0.000000000000   0.000000000000
  0.000000000000   0.000000000000   0.000000000000
  0.000000000000   0.000000000000   0.000000000000
  0.000000000000   0.000000000000   0.000000000000
  0.000000000000   0.000000000000   0.000000000000
  0.000000000000   0.000000000000   0.000000000000
  0.000000000000   0.000000000000   0.000000000000
  0.000000000000   0.000000000000   0.000000000000
  0.000000000000   0.000000000000   0.000000000000
  0.000000000000   0.000000000000   0.000000000000
  0.000000000000   0.000000000000   0.000000000000
  0.000000000000   0.000000000000   0.000000000000
  0.000000000000   0.000000000000   0.000000000000
  0.000000000000   0.000000000000   0.000000000000
  0.000000000000   0.000000000000   0.000000000000
  0.000000000000   0.000000000000   0.000000000000
  0.000000000000   0.000000000000   0.000000000000
  0.000000000000   0.000000000000   0.000000000000
  0.000000000000   0.000000000000   0.000000000000
  0.000000000000   0.000000000000   0.000000000000
  0.000000000000   0.000000000000   0.000000000000
  0.000000000000   0.000000000000   0.000000000000
  0.000000000000   0.000000000000   0.000000000000
  0.000000000000   0.000000000000   0.000000000000
  0.000000000000   0.000000000000   0.000000000000
  0.000000000000   0.000000000000   0.000000000000
  0.000000000000   0.000000000000   0.000000000000
  0.000000000000   0.000000000000   0.000000000000
  0.000000000000   0.000000000000   0.000000000000
  0.000000000000   0.000000000000   0.000000000000
  0.000000000000   0.000000000000   0.000000000000
  0.000000000000   0.000000000000   0.000000000000
  0.000000000000   0.000000000000   0.000000000000
  0.000000000000   0.000000000000   0.000000000000
  0.000000000000   0.000000000000   0.000000000000
  0.000000000000   0.000000000000   0.000000000000
  0.000000000000   0.000000000000   0.000000000000
  0.000000000000   0.000000000000   0.000000000000
  0.000000000000   0.000000000000   0.000000000000
  0.000000000000   0.000000000000   0.000000000000
  0.000000000000   0.000000000000   0.000000000000
  0.000000000000   0.000000000000   0.000000000000
  0.000000000000   0.000000000000   0.000000000000
  0.000000000000   0.000000000000   0.000000000000
  0.000000000000   0.000000000000   0.000000000000
  0.000000000000   0.000000000000   0.000000000000
  0.000000000000   0.000000000000   0.000000000000
  0.000000000000   0.000000000000   0.000000000000
  0.000000000000   0.000000000000   0.000000000000
  0.000000000000   0.000000000000   0.000000000000
  0.000000000000   0.000000000000   0.000000000000
  0.000000000000   0.000000000000   0.000000000000
  0.000000000000   0.000000000000   0.000000000000
  0.000000000000   0.000000000000   0.000000000000
  0.000000000000   0.000000000000   0.000000000000
  0.000000000000   0.000000000000   0.000000000000
  0.000000000000   0.000000000000   0.000000000000
  0.000000000000   0.000000000000   0.000000000000
  0.000000000000   0.000000000000   0.000000000000
  0.000000000000   0.000000000000   0.000000000000
  0.000000000000   0.000000000000   0.000000000000
  0.000000000000   0.000000000000   0.000000000000
  0.000000000000   0.000000000000   0.000000000000
  0.000000000000   0.000000000000   0.000000000000
  0.000000000000   0.000000000000   0.000000000000
  0.000000000000   0.000000000000   0.000000000000
  0.000000000000   0.000000000000   0.000000000000
  0.000000000000   0.000000000000   0.000000000000
  0.000000000000   0.000000000000   0.000000000000
  0.000000000000   0.000000000000   0.000000000000
  0.000000000000   0.000000000000   0.000000000000
  0.000000000000   0.000000000000   0.000000000000
  0.000000000000   0.000000000000   0.000000000000
  0.000000000000   0.000000000000   0.000000000000
  0.000000000000   0.000000000000   0.000000000000
  0.000000000000   0.000000000000   0.000000000000
  0.000000000000   0.000000000000   0.000000000000
  0.000000000000   0.000000000000   0.000000000000
  0.000000000000   0.000000000000   0.000000000000
  0.000000000000   0.000000000000   0.000000000000
  0.000000000000   0.000000000000   0.000000000000
  0.000000000000   0.000000000000   0.000000000000
  0.000000000000   0.000000000000   0.000000000000
  0.000000000000   0.000000000000   0.000000000000
  0.000000000000   0.000000000000   0.000000000000
  0.000000000000   0.000000000000   0.000000000000
  0.000000000000   0.000000000000   0.000000000000
  0.000000000000   0.000000000000   0.000000000000
  0.000000000000   0.000000000000   0.000000000000
  0.000000000000   0.000000000000   0.000000000000
  0.000000000000   0.000000000000   0.000000000000
  0.000000000000   0.000000000000   0.000000000000
  0.000000000000   0.000000000000   0.000000000000
  0.000000000000   0.000000000000   0.000000000000
  0.000000000000   0.000000000000   0.000000000000
  0.000000000000   0.000000000000   0.000000000000
  0.000000000000   0.000000000000   0.000000000000
  0.000000000000   0.000000000000   0.000000000000
  0.000000000000   0.000000000000   0.000000000000
  0.000000000000   0.000000000000   0.000000000000
  0.000000000000   0.000000000000   0.000000000000
  0.000000000000   0.000000000000   0.000000000000
  0.000000000000   0.000000000000   0.000000000000
  0.000000000000   0.000000000000   0.000000000000
  0.000000000000   0.000000000000   0.000000000000
  0.000000000000   0.000000000000   0.000000000000
  0.000000000000   0.000000000000   0.000000000000
  0.000000000000   0.000000000000   0.000000000000
  0.000000000000   0.000000000000   0.000000000000
  0.000000000000   0.000000000000   0.000000000000
  0.000000000000   0.000000000000   0.000000000000
  0.000000000000   0.000000000000   0.000000000000
  0.000000000000   0.000000000000   0.000000000000
  0.000000000000   0.000000000000   0.000000000000
  0.000000000000   0.000000000000   0.000000000000
  0.000000000000   0.000000000000   0.000000000000
  0.000000000000   0.000000000000   0.000000000000
  0.000000000000   0.000000000000   0.000000000000
  0.000000000000   0.000000000000   0.000000000000
  0.000000000000   0.000000000000   0.000000000000
  0.000000000000   0.000000000000   0.000000000000
  0.000000000000   0.000000000000   0.000000000000
  0.000000000000   0.000000000000   0.000000000000
  0.000000000000   0.000000000000   0.000000000000
  0.000000000000   0.000000000000   0.000000000000
  0.000000000000   0.000000000000   0.000000000000
  0.000000000000   0.000000000000   0.000000000000
  0.000000000000   0.000000000000   0.000000000000
  0.000000000000   0.000000000000   0.000000000000
  0.000000000000   0.000000000000   0.000000000000
  0.000000000000   0.000000000000   0.000000000000
  0.000000000000   0.000000000000   0.000000000000
  0.000000000000   0.000000000000   0.000000000000
  0.000000000000   0.000000000000   0.000000000000
  0.000000000000   0.000000000000   0.000000000000
  0.000000000000   0.000000000000   0.000000000000
  0.000000000000   0.000000000000   0.000000000000
  0.000000000000   0.000000000000   0.000000000000
  0.000000000000   0.000000000000   0.000000000000
  0.000000000000   0.000000000000   0.000000000000
  0.000000000000   0.000000000000   0.000000000000
  0.000000000000   0.000000000000   0.000000000000
  0.000000000000   0.000000000000   0.000000000000
  0.000000000000   0.000000000000   0.000000000000
  0.000000000000   0.000000000000   0.000000000000
  0.000000000000   0.000000000000   0.000000000000
  0.000000000000   0.000000000000   0.000000000000
  0.000000000000   0.000000000000   0.000000000000
  0.000000000000   0.000000000000   0.000000000000
  0.000000000000   0.000000000000   0.000000000000
  0.000000000000   0.000000000000   0.000000000000
  0.000000000000   0.000000000000   0.000000000000
  0.000000000000   0.000000000000   0.000000000000
  0.000000000000   0.000000000000   0.000000000000
  0.000000000000   0.000000000000   0.000000000000
  0.000000000000   0.000000000000   0.000000000000
  0.000000000000   0.000000000000   0.000000000000
  0.000000000000   0.000000000000   0.000000000000
  0.000000000000   0.000000000000   0.000000000000
  0.000000000000   0.000000000000   0.000000000000
  0.000000000000   0.000000000000   0.000000000000
  0.000000000000   0.000000000000   0.000000000000
  0.000000000000   0.000000000000   0.000000000000
  0.000000000000   0.000000000000   0.000000000000
  0.000000000000   0.000000000000   0.000000000000
  0.000000000000   0.000000000000   0.000000000000
  0.000000000000   0.000000000000   0.000000000000
  0.000000000000   0.000000000000   0.000000000000
  0.000000000000   0.000000000000   0.000000000000
  0.000000000000   0.000000000000   0.000000000000
  0.000000000000   0.000000000000   0.000000000000
  0.000000000000   0.000000000000   0.000000000000
  0.000000000000   0.000000000000   0.000000000000
  0.000000000000   0.000000000000   0.000000000000
  0.000000000000   0.000000000000   0.000000000000
  0.000000000000   0.000000000000   0.000000000000
  0.000000000000   0.000000000000   0.000000000000
  108    3  0.0000  0.0000  0.0150
  0.000000000000   0.000000000000   0.000000000000
  0.000000000000   0.000000000000   0.000000000000
  0.000000000000   0.000000000000   0.000000000000
  0.000000000000   0.000000000000   0.000000000000
  0.000000000000   0.000000000000   0.000000000000
  0.000000000000   0.000000000000   0.000000000000
  0.000000000000   0.000000000000   0.000000000000
  0.000000000000   0.000000000000   0.000000000000
  0.000000000000   0.000000000000   0.000000000000
  0.000000000000   0.000000000000   0.000000000000
  0.000000000000   0.000000000000   0.000000000000
  0.000000000000   0.000000000000   0.000000000000
  0.000000000000   0.000000000000   0.000000000000
  0.000000000000   0.000000000000   0.000000000000
  0.000000000000   0.000000000000   0.000000000000
  0.000000000000   0.000000000000   0.000000000000
  0.000000000000   0.000000000000   0.000000000000
  0.000000000000   0.000000000000   0.000000000000
  0.000000000000   0.000000000000   0.000000000000
  0.000000000000   0.000000000000   0.000000000000
  0.000000000000   0.000000000000   0.000000000000
  0.000000000000   0.000000000000   0.000000000000
  0.000000000000   0.000000000000   0.000000000000
  0.000000000000   0.000000000000   0.000000000000
  0.000000000000   0.000000000000   0.000000000000
  0.000000000000   0.000000000000   0.000000000000
  0.000000000000   0.000000000000   0.000000000000
  0.000000000000   0.000000000000   0.000000000000
  0.000000000000   0.000000000000   0.000000000000
  0.000000000000   0.000000000000   0.000000000000
  0.000000000000   0.000000000000   0.000000000000
  0.000000000000   0.000000000000   0.000000000000
  0.000000000000   0.000000000000   0.000000000000
  0.000000000000   0.000000000000   0.000000000000
  0.000000000000   0.000000000000   0.000000000000
  0.000000000000   0.000000000000   0.000000000000
  0.000000000000   0.000000000000   0.000000000000
  0.000000000000   0.000000000000   0.000000000000
  0.000000000000   0.000000000000   0.000000000000
  0.000000000000   0.000000000000   0.000000000000
  0.000000000000   0.000000000000   0.000000000000
  0.000000000000   0.000000000000   0.000000000000
  0.000000000000   0.000000000000   0.000000000000
  0.000000000000   0.000000000000   0.000000000000
  0.000000000000   0.000000000000   0.000000000000
  0.000000000000   0.000000000000   0.000000000000
  0.000000000000   0.000000000000   0.000000000000
  0.000000000000   0.000000000000   0.000000000000
  0.000000000000   0.000000000000   0.000000000000
  0.000000000000   0.000000000000   0.000000000000
  0.000000000000   0.000000000000   0.000000000000
  0.000000000000   0.000000000000   0.000000000000
  0.000000000000   0.000000000000   0.000000000000
  0.000000000000   0.000000000000   0.000000000000
  0.000000000000   0.000000000000   0.000000000000
  0.000000000000   0.000000000000   0.000000000000
  0.000000000000   0.000000000000   0.000000000000
  0.000000000000   0.000000000000   0.000000000000
  0.000000000000   0.000000000000   0.000000000000
  0.000000000000   0.000000000000   0.000000000000
  0.000000000000   0.000000000000   0.000000000000
  0.000000000000   0.000000000000   0.000000000000
  0.000000000000   0.000000000000   0.000000000000
  0.000000000000   0.000000000000   0.000000000000
  0.000000000000   0.000000000000   0.000000000000
  0.000000000000   0.000000000000   0.000000000000
  0.000000000000   0.000000000000   0.000000000000
  0.000000000000   0.000000000000   0.000000000000
  0.000000000000   0.000000000000   0.000000000000
  0.000000000000   0.000000000000   0.000000000000
  0.000000000000   0.000000000000   0.000000000000
  0.000000000000   0.000000000000   0.000000000000
  0.000000000000   0.000000000000   0.000000000000
  0.000000000000   0.000000000000   0.000000000000
  0.000000000000   0.000000000000   0.000000000000
  0.000000000000   0.000000000000   0.000000000000
  0.000000000000   0.000000000000   0.000000000000
  0.000000000000   0.000000000000   0.000000000000
  0.000000000000   0.000000000000   0.000000000000
  0.000000000000   0.000000000000   0.000000000000
  0.000000000000   0.000000000000   0.000000000000
  0.000000000000   0.000000000000   0.000000000000
  0.000000000000   0.000000000000   0.000000000000
  0.000000000000   0.000000000000   0.000000000000
  0.000000000000   0.000000000000   0.000000000000
  0.000000000000   0.000000000000   0.000000000000
  0.000000000000   0.000000000000   0.000000000000
  0.000000000000   0.000000000000   0.000000000000
  0.000000000000   0.000000000000   0.000000000000
  0.000000000000   0.000000000000   0.000000000000
  0.000000000000   0.000000000000   0.000000000000
  0.000000000000   0.000000000000   0.000000000000
  0.000000000000   0.000000000000   0.000000000000
  0.000000000000   0.000000000000   0.000000000000
  0.000000000000   0.000000000000   0.000000000000
  0.000000000000   0.000000000000   0.000000000000
  0.000000000000   0.000000000000   0.000000000000
 -0.008683268871  -0.184947077523   0.260178348144
 -0.162036855517   0.082126520076   0.228473692351
  0.147546298345  -0.012762066873   0.127681965267
 -0.002415511707   0.001100605423   0.000952883155
  0.000380134789   0.001051905008   0.000258908705
 -0.000074497870   0.000059109944  -0.000046062264
 -0.000068962220   0.000208363929  -0.000073643534
  0.000095894597   0.000047519342   0.000134884930
 -0.000070736447  -0.001091846347  -0.000564297410
 -0.003893948330  -0.001019156303   0.002018588055
 -0.023159603787   0.047372314570  -0.745785562364
  0.031775067889   0.057195232358   0.129273535100
  0.014623154444   0.033959067331   0.012693083614
  0.006152221030  -0.003175159498  -0.000716256292
 -0.000709032453   0.001213956389   0.000937705567
 -0.000640380970  -0.000214924224   0.000408790444
  0.007371792527  -0.004404657263  -0.003825130961
 -0.004107144051  -0.011145627147  -0.011721445112
  0.000000000000   0.000000000000   0.000000000000
  0.000000000000   0.000000000000   0.000000000000
  0.000000000000   0.000000000000   0.000000000000
  0.000000000000   0.000000000000   0.000000000000
  0.000000000000   0.000000000000   0.000000000000
  0.000000000000   0.000000000000   0.000000000000
  0.000000000000   0.000000000000   0.000000000000
  0.000000000000   0.000000000000   0.000000000000
  0.000000000000   0.000000000000   0.000000000000
  0.000000000000   0.000000000000   0.000000000000
  0.000000000000   0.000000000000   0.000000000000
  0.000000000000   0.000000000000   0.000000000000
  0.000000000000   0.000000000000   0.000000000000
  0.000000000000   0.000000000000   0.000000000000
  0.000000000000   0.000000000000   0.000000000000
  0.000000000000   0.000000000000   0.000000000000
  0.000000000000   0.000000000000   0.000000000000
  0.000000000000   0.000000000000   0.000000000000
  0.000000000000   0.000000000000   0.000000000000
  0.000000000000   0.000000000000   0.000000000000
  0.000000000000   0.000000000000   0.000000000000
  0.000000000000   0.000000000000   0.000000000000
  0.000000000000   0.000000000000   0.000000000000
  0.000000000000   0.000000000000   0.000000000000
  0.000000000000   0.000000000000   0.000000000000
  0.000000000000   0.000000000000   0.000000000000
  0.000000000000   0.000000000000   0.000000000000
  0.000000000000   0.000000000000   0.000000000000
  0.000000000000   0.000000000000   0.000000000000
  0.000000000000   0.000000000000   0.000000000000
  0.000000000000   0.000000000000   0.000000000000
  0.000000000000   0.000000000000   0.000000000000
  0.000000000000   0.000000000000   0.000000000000
  0.000000000000   0.000000000000   0.000000000000
  0.000000000000   0.000000000000   0.000000000000
  0.000000000000   0.000000000000   0.000000000000
  0.000000000000   0.000000000000   0.000000000000
  0.000000000000   0.000000000000   0.000000000000
  0.000000000000   0.000000000000   0.000000000000
  0.000000000000   0.000000000000   0.000000000000
  0.000000000000   0.000000000000   0.000000000000
  0.000000000000   0.000000000000   0.000000000000
  0.000000000000   0.000000000000   0.000000000000
  0.000000000000   0.000000000000   0.000000000000
  0.000000000000   0.000000000000   0.000000000000
  0.000000000000   0.000000000000   0.000000000000
  0.000000000000   0.000000000000   0.000000000000
  0.000000000000   0.000000000000   0.000000000000
  0.000000000000   0.000000000000   0.000000000000
  0.000000000000   0.000000000000   0.000000000000
  0.000000000000   0.000000000000   0.000000000000
  0.000000000000   0.000000000000   0.000000000000
  0.000000000000   0.000000000000   0.000000000000
  0.000000000000   0.000000000000   0.000000000000
  0.000000000000   0.000000000000   0.000000000000
  0.000000000000   0.000000000000   0.000000000000
  0.000000000000   0.000000000000   0.000000000000
  0.000000000000   0.000000000000   0.000000000000
  0.000000000000   0.000000000000   0.000000000000
  0.000000000000   0.000000000000   0.000000000000
  0.000000000000   0.000000000000   0.000000000000
  0.000000000000   0.000000000000   0.000000000000
  0.000000000000   0.000000000000   0.000000000000
  0.000000000000   0.000000000000   0.000000000000
  0.000000000000   0.000000000000   0.000000000000
  0.000000000000   0.000000000000   0.000000000000
  0.000000000000   0.000000000000   0.000000000000
  0.000000000000   0.000000000000   0.000000000000
  0.000000000000   0.000000000000   0.000000000000
  0.000000000000   0.000000000000   0.000000000000
  0.000000000000   0.000000000000   0.000000000000
  0.000000000000   0.000000000000   0.000000000000
  0.000000000000   0.000000000000   0.000000000000
  0.000000000000   0.000000000000   0.000000000000
  0.000000000000   0.000000000000   0.000000000000
  0.000000000000   0.000000000000   0.000000000000
  0.000000000000   0.000000000000   0.000000000000
  0.000000000000   0.000000000000   0.000000000000
  0.000000000000   0.000000000000   0.000000000000
  0.000000000000   0.000000000000   0.000000000000
  0.000000000000   0.000000000000   0.000000000000
  0.000000000000   0.000000000000   0.000000000000
  0.000000000000   0.000000000000   0.000000000000
  0.000000000000   0.000000000000   0.000000000000
  0.000000000000   0.000000000000   0.000000000000
  0.000000000000   0.000000000000   0.000000000000
  0.000000000000   0.000000000000   0.000000000000
  0.000000000000   0.000000000000   0.000000000000
  0.000000000000   0.000000000000   0.000000000000
  0.000000000000   0.000000000000   0.000000000000
  0.000000000000   0.000000000000   0.000000000000
  0.000000000000   0.000000000000   0.000000000000
  0.000000000000   0.000000000000   0.000000000000
  0.000000000000   0.000000000000   0.000000000000
  0.000000000000   0.000000000000   0.000000000000
  0.000000000000   0.000000000000   0.000000000000
  0.000000000000   0.000000000000   0.000000000000
  0.000000000000   0.000000000000   0.000000000000
  0.000000000000   0.000000000000   0.000000000000
  0.000000000000   0.000000000000   0.000000000000
  0.000000000000   0.000000000000   0.000000000000
  0.000000000000   0.000000000000   0.000000000000
  0.000000000000   0.000000000000   0.000000000000
  0.000000000000   0.000000000000   0.000000000000
  0.000000000000   0.000000000000   0.000000000000
  0.000000000000   0.000000000000   0.000000000000
  0.000000000000   0.000000000000   0.000000000000
  0.000000000000   0.000000000000   0.000000000000
  0.000000000000   0.000000000000   0.000000000000
  0.000000000000   0.000000000000   0.000000000000
  0.000000000000   0.000000000000   0.000000000000
  0.000000000000   0.000000000000   0.000000000000
  0.000000000000   0.000000000000   0.000000000000
  0.000000000000   0.000000000000   0.000000000000
  0.000000000000   0.000000000000   0.000000000000
  0.000000000000   0.000000000000   0.000000000000
  0.000000000000   0.000000000000   0.000000000000
  0.000000000000   0.000000000000   0.000000000000
  0.000000000000   0.000000000000   0.000000000000
  0.000000000000   0.000000000000   0.000000000000
  0.000000000000   0.000000000000   0.000000000000
  0.000000000000   0.000000000000   0.000000000000
  0.000000000000   0.000000000000   0.000000000000
  0.000000000000   0.000000000000   0.000000000000
  0.000000000000   0.000000000000   0.000000000000
  0.000000000000   0.000000000000   0.000000000000
  0.000000000000   0.000000000000   0.000000000000
  0.000000000000   0.000000000000   0.000000000000
  0.000000000000   0.000000000000   0.000000000000
  0.000000000000   0.000000000000   0.000000000000
  0.000000000000   0.000000000000   0.000000000000
  0.000000000000   0.000000000000   0.000000000000
  0.000000000000   0.000000000000   0.000000000000
  0.000000000000   0.000000000000   0.000000000000
  0.000000000000   0.000000000000   0.000000000000
  0.000000000000   0.000000000000   0.000000000000
  0.000000000000   0.000000000000   0.000000000000
  0.000000000000   0.000000000000   0.000000000000
  0.000000000000   0.000000000000   0.000000000000
  0.000000000000   0.000000000000   0.000000000000
  0.000000000000   0.000000000000   0.000000000000
  0.000000000000   0.000000000000   0.000000000000
  0.000000000000   0.000000000000   0.000000000000
  0.000000000000   0.000000000000   0.000000000000
  0.000000000000   0.000000000000   0.000000000000
  0.000000000000   0.000000000000   0.000000000000
  0.000000000000   0.000000000000   0.000000000000
  0.000000000000   0.000000000000   0.000000000000
  0.000000000000   0.000000000000   0.000000000000
  0.000000000000   0.000000000000   0.000000000000
  0.000000000000   0.000000000000   0.000000000000
  0.000000000000   0.000000000000   0.000000000000
  0.000000000000   0.000000000000   0.000000000000
  0.000000000000   0.000000000000   0.000000000000
  0.000000000000   0.000000000000   0.000000000000
  0.000000000000   0.000000000000   0.000000000000
  0.000000000000   0.000000000000   0.000000000000
  0.000000000000   0.000000000000   0.000000000000
  0.000000000000   0.000000000000   0.000000000000
  0.000000000000   0.000000000000   0.000000000000
  0.000000000000   0.000000000000   0.000000000000
  0.000000000000   0.000000000000   0.000000000000
  0.000000000000   0.000000000000   0.000000000000
  0.000000000000   0.000000000000   0.000000000000
  0.000000000000   0.000000000000   0.000000000000
  0.000000000000   0.000000000000   0.000000000000
  0.000000000000   0.000000000000   0.000000000000
  0.000000000000   0.000000000000   0.000000000000
  0.000000000000   0.000000000000   0.000000000000
  0.000000000000   0.000000000000   0.000000000000
  0.000000000000   0.000000000000   0.000000000000
  0.000000000000   0.000000000000   0.000000000000
  0.000000000000   0.000000000000   0.000000000000
  0.000000000000   0.000000000000   0.000000000000
  0.000000000000   0.000000000000   0.000000000000
  0.000000000000   0.000000000000   0.000000000000
  0.000000000000   0.000000000000   0.000000000000
  0.000000000000   0.000000000000   0.000000000000
  0.000000000000   0.000000000000   0.000000000000
  0.000000000000   0.000000000000   0.000000000000
  0.000000000000   0.000000000000   0.000000000000
  0.000000000000   0.000000000000   0.000000000000
  0.000000000000   0.000000000000   0.000000000000
  0.000000000000   0.000000000000   0.000000000000
  0.000000000000   0.000000000000   0.000000000000
  0.000000000000   0.000000000000   0.000000000000
  0.000000000000   0.000000000000   0.000000000000
  0.000000000000   0.000000000000   0.000000000000
  0.000000000000   0.000000000000   0.000000000000
  0.000000000000   0.000000000000   0.000000000000
  0.000000000000   0.000000000000   0.000000000000
  0.000000000000   0.000000000000   0.000000000000
  109    1  0.0150  0.0000  0.0000
  0.000000000000   0.000000000000   0.000000000000
  0.000000000000   0.000000000000   0.000000000000
  0.000000000000   0.000000000000   0.000000000000
  0.000000000000   0.000000000000   0.000000000000
  0.000000000000   0.000000000000   0.000000000000
  0.000000000000   0.000000000000   0.000000000000
  0.000000000000   0.000000000000   0.000000000000
  0.000000000000   0.000000000000   0.000000000000
  0.000000000000   0.000000000000   0.000000000000
  0.000000000000   0.000000000000   0.000000000000
  0.000000000000   0.000000000000   0.000000000000
  0.000000000000   0.000000000000   0.000000000000
  0.000000000000   0.000000000000   0.000000000000
  0.000000000000   0.000000000000   0.000000000000
  0.000000000000   0.000000000000   0.000000000000
  0.000000000000   0.000000000000   0.000000000000
  0.000000000000   0.000000000000   0.000000000000
  0.000000000000   0.000000000000   0.000000000000
  0.000000000000   0.000000000000   0.000000000000
  0.000000000000   0.000000000000   0.000000000000
  0.000000000000   0.000000000000   0.000000000000
  0.000000000000   0.000000000000   0.000000000000
  0.000000000000   0.000000000000   0.000000000000
  0.000000000000   0.000000000000   0.000000000000
  0.000000000000   0.000000000000   0.000000000000
  0.000000000000   0.000000000000   0.000000000000
  0.000000000000   0.000000000000   0.000000000000
  0.000000000000   0.000000000000   0.000000000000
  0.000000000000   0.000000000000   0.000000000000
  0.000000000000   0.000000000000   0.000000000000
  0.000000000000   0.000000000000   0.000000000000
  0.000000000000   0.000000000000   0.000000000000
  0.000000000000   0.000000000000   0.000000000000
  0.000000000000   0.000000000000   0.000000000000
  0.000000000000   0.000000000000   0.000000000000
  0.000000000000   0.000000000000   0.000000000000
  0.000000000000   0.000000000000   0.000000000000
  0.000000000000   0.000000000000   0.000000000000
  0.000000000000   0.000000000000   0.000000000000
  0.000000000000   0.000000000000   0.000000000000
  0.000000000000   0.000000000000   0.000000000000
  0.000000000000   0.000000000000   0.000000000000
  0.000000000000   0.000000000000   0.000000000000
  0.000000000000   0.000000000000   0.000000000000
  0.000000000000   0.000000000000   0.000000000000
  0.000000000000   0.000000000000   0.000000000000
  0.000000000000   0.000000000000   0.000000000000
  0.000000000000   0.000000000000   0.000000000000
  0.000000000000   0.000000000000   0.000000000000
  0.000000000000   0.000000000000   0.000000000000
  0.000000000000   0.000000000000   0.000000000000
  0.000000000000   0.000000000000   0.000000000000
  0.000000000000   0.000000000000   0.000000000000
  0.000000000000   0.000000000000   0.000000000000
  0.000000000000   0.000000000000   0.000000000000
  0.000000000000   0.000000000000   0.000000000000
  0.000000000000   0.000000000000   0.000000000000
  0.000000000000   0.000000000000   0.000000000000
  0.000000000000   0.000000000000   0.000000000000
  0.000000000000   0.000000000000   0.000000000000
  0.000000000000   0.000000000000   0.000000000000
  0.000000000000   0.000000000000   0.000000000000
  0.000000000000   0.000000000000   0.000000000000
  0.000000000000   0.000000000000   0.000000000000
  0.000000000000   0.000000000000   0.000000000000
  0.000000000000   0.000000000000   0.000000000000
  0.000000000000   0.000000000000   0.000000000000
  0.000000000000   0.000000000000   0.000000000000
  0.000000000000   0.000000000000   0.000000000000
  0.000000000000   0.000000000000   0.000000000000
  0.000000000000   0.000000000000   0.000000000000
  0.000000000000   0.000000000000   0.000000000000
  0.000000000000   0.000000000000   0.000000000000
  0.000000000000   0.000000000000   0.000000000000
  0.000000000000   0.000000000000   0.000000000000
  0.000000000000   0.000000000000   0.000000000000
  0.000000000000   0.000000000000   0.000000000000
  0.000000000000   0.000000000000   0.000000000000
  0.000000000000   0.000000000000   0.000000000000
  0.000000000000   0.000000000000   0.000000000000
  0.000000000000   0.000000000000   0.000000000000
  0.000000000000   0.000000000000   0.000000000000
  0.000000000000   0.000000000000   0.000000000000
  0.000000000000   0.000000000000   0.000000000000
  0.000000000000   0.000000000000   0.000000000000
  0.000000000000   0.000000000000   0.000000000000
  0.000000000000   0.000000000000   0.000000000000
  0.000000000000   0.000000000000   0.000000000000
  0.000000000000   0.000000000000   0.000000000000
  0.000000000000   0.000000000000   0.000000000000
  0.000000000000   0.000000000000   0.000000000000
  0.000000000000   0.000000000000   0.000000000000
  0.000000000000   0.000000000000   0.000000000000
  0.000000000000   0.000000000000   0.000000000000
  0.000000000000   0.000000000000   0.000000000000
  0.000000000000   0.000000000000   0.000000000000
  0.000000000000   0.000000000000   0.000000000000
  0.002120498803   0.000465055050   0.001243845777
 -0.011180364484  -0.023624286744  -0.006667816885
  0.009361396045   0.037976327440   0.014900950346
  0.005940710339   0.002125730446   0.011184151718
 -0.006484529720   0.001710516815   0.004529925987
 -0.000621669888   0.001104847060  -0.000230572755
 -0.000450605007   0.000255924642   0.000162899040
 -0.000196862767   0.000190937188  -0.000440818832
 -0.005608279015   0.004494903235   0.005239742956
  0.007018026548  -0.024110698257   0.012204138317
  0.122872228605   0.047146817920   0.031611174618
 -0.557518825157   0.011829332122  -0.336878788508
  0.257274601968  -0.023512550370   0.174027421946
  0.010193872007   0.070410540751   0.020715636111
  0.036175899067  -0.027077335940   0.028081663785
  0.002528830538   0.000767177198  -0.000138411171
 -0.037062276939  -0.022572704988  -0.033703820315
  0.159688556758  -0.058257636943   0.074511383452
  0.000000000000   0.000000000000   0.000000000000
  0.000000000000   0.000000000000   0.000000000000
  0.000000000000   0.000000000000   0.000000000000
  0.000000000000   0.000000000000   0.000000000000
  0.000000000000   0.000000000000   0.000000000000
  0.000000000000   0.000000000000   0.000000000000
  0.000000000000   0.000000000000   0.000000000000
  0.000000000000   0.000000000000   0.000000000000
  0.000000000000   0.000000000000   0.000000000000
  0.000000000000   0.000000000000   0.000000000000
  0.000000000000   0.000000000000   0.000000000000
  0.000000000000   0.000000000000   0.000000000000
  0.000000000000   0.000000000000   0.000000000000
  0.000000000000   0.000000000000   0.000000000000
  0.000000000000   0.000000000000   0.000000000000
  0.000000000000   0.000000000000   0.000000000000
  0.000000000000   0.000000000000   0.000000000000
  0.000000000000   0.000000000000   0.000000000000
  0.000000000000   0.000000000000   0.000000000000
  0.000000000000   0.000000000000   0.000000000000
  0.000000000000   0.000000000000   0.000000000000
  0.000000000000   0.000000000000   0.000000000000
  0.000000000000   0.000000000000   0.000000000000
  0.000000000000   0.000000000000   0.000000000000
  0.000000000000   0.000000000000   0.000000000000
  0.000000000000   0.000000000000   0.000000000000
  0.000000000000   0.000000000000   0.000000000000
  0.000000000000   0.000000000000   0.000000000000
  0.000000000000   0.000000000000   0.000000000000
  0.000000000000   0.000000000000   0.000000000000
  0.000000000000   0.000000000000   0.000000000000
  0.000000000000   0.000000000000   0.000000000000
  0.000000000000   0.000000000000   0.000000000000
  0.000000000000   0.000000000000   0.000000000000
  0.000000000000   0.000000000000   0.000000000000
  0.000000000000   0.000000000000   0.000000000000
  0.000000000000   0.000000000000   0.000000000000
  0.000000000000   0.000000000000   0.000000000000
  0.000000000000   0.000000000000   0.000000000000
  0.000000000000   0.000000000000   0.000000000000
  0.000000000000   0.000000000000   0.000000000000
  0.000000000000   0.000000000000   0.000000000000
  0.000000000000   0.000000000000   0.000000000000
  0.000000000000   0.000000000000   0.000000000000
  0.000000000000   0.000000000000   0.000000000000
  0.000000000000   0.000000000000   0.000000000000
  0.000000000000   0.000000000000   0.000000000000
  0.000000000000   0.000000000000   0.000000000000
  0.000000000000   0.000000000000   0.000000000000
  0.000000000000   0.000000000000   0.000000000000
  0.000000000000   0.000000000000   0.000000000000
  0.000000000000   0.000000000000   0.000000000000
  0.000000000000   0.000000000000   0.000000000000
  0.000000000000   0.000000000000   0.000000000000
  0.000000000000   0.000000000000   0.000000000000
  0.000000000000   0.000000000000   0.000000000000
  0.000000000000   0.000000000000   0.000000000000
  0.000000000000   0.000000000000   0.000000000000
  0.000000000000   0.000000000000   0.000000000000
  0.000000000000   0.000000000000   0.000000000000
  0.000000000000   0.000000000000   0.000000000000
  0.000000000000   0.000000000000   0.000000000000
  0.000000000000   0.000000000000   0.000000000000
  0.000000000000   0.000000000000   0.000000000000
  0.000000000000   0.000000000000   0.000000000000
  0.000000000000   0.000000000000   0.000000000000
  0.000000000000   0.000000000000   0.000000000000
  0.000000000000   0.000000000000   0.000000000000
  0.000000000000   0.000000000000   0.000000000000
  0.000000000000   0.000000000000   0.000000000000
  0.000000000000   0.000000000000   0.000000000000
  0.000000000000   0.000000000000   0.000000000000
  0.000000000000   0.000000000000   0.000000000000
  0.000000000000   0.000000000000   0.000000000000
  0.000000000000   0.000000000000   0.000000000000
  0.000000000000   0.000000000000   0.000000000000
  0.000000000000   0.000000000000   0.000000000000
  0.000000000000   0.000000000000   0.000000000000
  0.000000000000   0.000000000000   0.000000000000
  0.000000000000   0.000000000000   0.000000000000
  0.000000000000   0.000000000000   0.000000000000
  0.000000000000   0.000000000000   0.000000000000
  0.000000000000   0.000000000000   0.000000000000
  0.000000000000   0.000000000000   0.000000000000
  0.000000000000   0.000000000000   0.000000000000
  0.000000000000   0.000000000000   0.000000000000
  0.000000000000   0.000000000000   0.000000000000
  0.000000000000   0.000000000000   0.000000000000
  0.000000000000   0.000000000000   0.000000000000
  0.000000000000   0.000000000000   0.000000000000
  0.000000000000   0.000000000000   0.000000000000
  0.000000000000   0.000000000000   0.000000000000
  0.000000000000   0.000000000000   0.000000000000
  0.000000000000   0.000000000000   0.000000000000
  0.000000000000   0.000000000000   0.000000000000
  0.000000000000   0.000000000000   0.000000000000
  0.000000000000   0.000000000000   0.000000000000
  0.000000000000   0.000000000000   0.000000000000
  0.000000000000   0.000000000000   0.000000000000
  0.000000000000   0.000000000000   0.000000000000
  0.000000000000   0.000000000000   0.000000000000
  0.000000000000   0.000000000000   0.000000000000
  0.000000000000   0.000000000000   0.000000000000
  0.000000000000   0.000000000000   0.000000000000
  0.000000000000   0.000000000000   0.000000000000
  0.000000000000   0.000000000000   0.000000000000
  0.000000000000   0.000000000000   0.000000000000
  0.000000000000   0.000000000000   0.000000000000
  0.000000000000   0.000000000000   0.000000000000
  0.000000000000   0.000000000000   0.000000000000
  0.000000000000   0.000000000000   0.000000000000
  0.000000000000   0.000000000000   0.000000000000
  0.000000000000   0.000000000000   0.000000000000
  0.000000000000   0.000000000000   0.000000000000
  0.000000000000   0.000000000000   0.000000000000
  0.000000000000   0.000000000000   0.000000000000
  0.000000000000   0.000000000000   0.000000000000
  0.000000000000   0.000000000000   0.000000000000
  0.000000000000   0.000000000000   0.000000000000
  0.000000000000   0.000000000000   0.000000000000
  0.000000000000   0.000000000000   0.000000000000
  0.000000000000   0.000000000000   0.000000000000
  0.000000000000   0.000000000000   0.000000000000
  0.000000000000   0.000000000000   0.000000000000
  0.000000000000   0.000000000000   0.000000000000
  0.000000000000   0.000000000000   0.000000000000
  0.000000000000   0.000000000000   0.000000000000
  0.000000000000   0.000000000000   0.000000000000
  0.000000000000   0.000000000000   0.000000000000
  0.000000000000   0.000000000000   0.000000000000
  0.000000000000   0.000000000000   0.000000000000
  0.000000000000   0.000000000000   0.000000000000
  0.000000000000   0.000000000000   0.000000000000
  0.000000000000   0.000000000000   0.000000000000
  0.000000000000   0.000000000000   0.000000000000
  0.000000000000   0.000000000000   0.000000000000
  0.000000000000   0.000000000000   0.000000000000
  0.000000000000   0.000000000000   0.000000000000
  0.000000000000   0.000000000000   0.000000000000
  0.000000000000   0.000000000000   0.000000000000
  0.000000000000   0.000000000000   0.000000000000
  0.000000000000   0.000000000000   0.000000000000
  0.000000000000   0.000000000000   0.000000000000
  0.000000000000   0.000000000000   0.000000000000
  0.000000000000   0.000000000000   0.000000000000
  0.000000000000   0.000000000000   0.000000000000
  0.000000000000   0.000000000000   0.000000000000
  0.000000000000   0.000000000000   0.000000000000
  0.000000000000   0.000000000000   0.000000000000
  0.000000000000   0.000000000000   0.000000000000
  0.000000000000   0.000000000000   0.000000000000
  0.000000000000   0.000000000000   0.000000000000
  0.000000000000   0.000000000000   0.000000000000
  0.000000000000   0.000000000000   0.000000000000
  0.000000000000   0.000000000000   0.000000000000
  0.000000000000   0.000000000000   0.000000000000
  0.000000000000   0.000000000000   0.000000000000
  0.000000000000   0.000000000000   0.000000000000
  0.000000000000   0.000000000000   0.000000000000
  0.000000000000   0.000000000000   0.000000000000
  0.000000000000   0.000000000000   0.000000000000
  0.000000000000   0.000000000000   0.000000000000
  0.000000000000   0.000000000000   0.000000000000
  0.000000000000   0.000000000000   0.000000000000
  0.000000000000   0.000000000000   0.000000000000
  0.000000000000   0.000000000000   0.000000000000
  0.000000000000   0.000000000000   0.000000000000
  0.000000000000   0.000000000000   0.000000000000
  0.000000000000   0.000000000000   0.000000000000
  0.000000000000   0.000000000000   0.000000000000
  0.000000000000   0.000000000000   0.000000000000
  0.000000000000   0.000000000000   0.000000000000
  0.000000000000   0.000000000000   0.000000000000
  0.000000000000   0.000000000000   0.000000000000
  0.000000000000   0.000000000000   0.000000000000
  0.000000000000   0.000000000000   0.000000000000
  0.000000000000   0.000000000000   0.000000000000
  0.000000000000   0.000000000000   0.000000000000
  0.000000000000   0.000000000000   0.000000000000
  0.000000000000   0.000000000000   0.000000000000
  0.000000000000   0.000000000000   0.000000000000
  0.000000000000   0.000000000000   0.000000000000
  0.000000000000   0.000000000000   0.000000000000
  0.000000000000   0.000000000000   0.000000000000
  0.000000000000   0.000000000000   0.000000000000
  0.000000000000   0.000000000000   0.000000000000
  0.000000000000   0.000000000000   0.000000000000
  0.000000000000   0.000000000000   0.000000000000
  0.000000000000   0.000000000000   0.000000000000
  0.000000000000   0.000000000000   0.000000000000
  0.000000000000   0.000000000000   0.000000000000
  0.000000000000   0.000000000000   0.000000000000
  109    2  0.0000  0.0150  0.0000
  0.000000000000   0.000000000000   0.000000000000
  0.000000000000   0.000000000000   0.000000000000
  0.000000000000   0.000000000000   0.000000000000
  0.000000000000   0.000000000000   0.000000000000
  0.000000000000   0.000000000000   0.000000000000
  0.000000000000   0.000000000000   0.000000000000
  0.000000000000   0.000000000000   0.000000000000
  0.000000000000   0.000000000000   0.000000000000
  0.000000000000   0.000000000000   0.000000000000
  0.000000000000   0.000000000000   0.000000000000
  0.000000000000   0.000000000000   0.000000000000
  0.000000000000   0.000000000000   0.000000000000
  0.000000000000   0.000000000000   0.000000000000
  0.000000000000   0.000000000000   0.000000000000
  0.000000000000   0.000000000000   0.000000000000
  0.000000000000   0.000000000000   0.000000000000
  0.000000000000   0.000000000000   0.000000000000
  0.000000000000   0.000000000000   0.000000000000
  0.000000000000   0.000000000000   0.000000000000
  0.000000000000   0.000000000000   0.000000000000
  0.000000000000   0.000000000000   0.000000000000
  0.000000000000   0.000000000000   0.000000000000
  0.000000000000   0.000000000000   0.000000000000
  0.000000000000   0.000000000000   0.000000000000
  0.000000000000   0.000000000000   0.000000000000
  0.000000000000   0.000000000000   0.000000000000
  0.000000000000   0.000000000000   0.000000000000
  0.000000000000   0.000000000000   0.000000000000
  0.000000000000   0.000000000000   0.000000000000
  0.000000000000   0.000000000000   0.000000000000
  0.000000000000   0.000000000000   0.000000000000
  0.000000000000   0.000000000000   0.000000000000
  0.000000000000   0.000000000000   0.000000000000
  0.000000000000   0.000000000000   0.000000000000
  0.000000000000   0.000000000000   0.000000000000
  0.000000000000   0.000000000000   0.000000000000
  0.000000000000   0.000000000000   0.000000000000
  0.000000000000   0.000000000000   0.000000000000
  0.000000000000   0.000000000000   0.000000000000
  0.000000000000   0.000000000000   0.000000000000
  0.000000000000   0.000000000000   0.000000000000
  0.000000000000   0.000000000000   0.000000000000
  0.000000000000   0.000000000000   0.000000000000
  0.000000000000   0.000000000000   0.000000000000
  0.000000000000   0.000000000000   0.000000000000
  0.000000000000   0.000000000000   0.000000000000
  0.000000000000   0.000000000000   0.000000000000
  0.000000000000   0.000000000000   0.000000000000
  0.000000000000   0.000000000000   0.000000000000
  0.000000000000   0.000000000000   0.000000000000
  0.000000000000   0.000000000000   0.000000000000
  0.000000000000   0.000000000000   0.000000000000
  0.000000000000   0.000000000000   0.000000000000
  0.000000000000   0.000000000000   0.000000000000
  0.000000000000   0.000000000000   0.000000000000
  0.000000000000   0.000000000000   0.000000000000
  0.000000000000   0.000000000000   0.000000000000
  0.000000000000   0.000000000000   0.000000000000
  0.000000000000   0.000000000000   0.000000000000
  0.000000000000   0.000000000000   0.000000000000
  0.000000000000   0.000000000000   0.000000000000
  0.000000000000   0.000000000000   0.000000000000
  0.000000000000   0.000000000000   0.000000000000
  0.000000000000   0.000000000000   0.000000000000
  0.000000000000   0.000000000000   0.000000000000
  0.000000000000   0.000000000000   0.000000000000
  0.000000000000   0.000000000000   0.000000000000
  0.000000000000   0.000000000000   0.000000000000
  0.000000000000   0.000000000000   0.000000000000
  0.000000000000   0.000000000000   0.000000000000
  0.000000000000   0.000000000000   0.000000000000
  0.000000000000   0.000000000000   0.000000000000
  0.000000000000   0.000000000000   0.000000000000
  0.000000000000   0.000000000000   0.000000000000
  0.000000000000   0.000000000000   0.000000000000
  0.000000000000   0.000000000000   0.000000000000
  0.000000000000   0.000000000000   0.000000000000
  0.000000000000   0.000000000000   0.000000000000
  0.000000000000   0.000000000000   0.000000000000
  0.000000000000   0.000000000000   0.000000000000
  0.000000000000   0.000000000000   0.000000000000
  0.000000000000   0.000000000000   0.000000000000
  0.000000000000   0.000000000000   0.000000000000
  0.000000000000   0.000000000000   0.000000000000
  0.000000000000   0.000000000000   0.000000000000
  0.000000000000   0.000000000000   0.000000000000
  0.000000000000   0.000000000000   0.000000000000
  0.000000000000   0.000000000000   0.000000000000
  0.000000000000   0.000000000000   0.000000000000
  0.000000000000   0.000000000000   0.000000000000
  0.000000000000   0.000000000000   0.000000000000
  0.000000000000   0.000000000000   0.000000000000
  0.000000000000   0.000000000000   0.000000000000
  0.000000000000   0.000000000000   0.000000000000
  0.000000000000   0.000000000000   0.000000000000
  0.000000000000   0.000000000000   0.000000000000
  0.000000000000   0.000000000000   0.000000000000
  0.006013676820   0.031426825955   0.014842205030
  0.004227945812   0.019694559143   0.008144283076
 -0.001954641822  -0.001575755888   0.000132329729
 -0.026014938883  -0.003240801795  -0.027963767554
  0.002723780773   0.006425397983   0.002435266890
  0.000019819413  -0.000704954583   0.000382498738
  0.000244619938  -0.000616415356  -0.000171911485
 -0.000126356590  -0.000408384300  -0.000007939696
  0.003238893890   0.003651162847   0.003486921692
  0.003204310906  -0.005329066665   0.002875760101
  0.054334696646   0.263562247984   0.057170135217
  0.007069762005  -0.907809948676  -0.002375814628
  0.035084367577   0.165611592610   0.035749357703
  0.031543869010  -0.035293638318   0.034313888358
 -0.028137869429   0.013921264832  -0.028090993782
  0.000595642554   0.001033485776   0.000054005664
  0.012224626335   0.079369162596   0.015020650979
 -0.110702509564   0.363899658030  -0.119369891305
  0.000000000000   0.000000000000   0.000000000000
  0.000000000000   0.000000000000   0.000000000000
  0.000000000000   0.000000000000   0.000000000000
  0.000000000000   0.000000000000   0.000000000000
  0.000000000000   0.000000000000   0.000000000000
  0.000000000000   0.000000000000   0.000000000000
  0.000000000000   0.000000000000   0.000000000000
  0.000000000000   0.000000000000   0.000000000000
  0.000000000000   0.000000000000   0.000000000000
  0.000000000000   0.000000000000   0.000000000000
  0.000000000000   0.000000000000   0.000000000000
  0.000000000000   0.000000000000   0.000000000000
  0.000000000000   0.000000000000   0.000000000000
  0.000000000000   0.000000000000   0.000000000000
  0.000000000000   0.000000000000   0.000000000000
  0.000000000000   0.000000000000   0.000000000000
  0.000000000000   0.000000000000   0.000000000000
  0.000000000000   0.000000000000   0.000000000000
  0.000000000000   0.000000000000   0.000000000000
  0.000000000000   0.000000000000   0.000000000000
  0.000000000000   0.000000000000   0.000000000000
  0.000000000000   0.000000000000   0.000000000000
  0.000000000000   0.000000000000   0.000000000000
  0.000000000000   0.000000000000   0.000000000000
  0.000000000000   0.000000000000   0.000000000000
  0.000000000000   0.000000000000   0.000000000000
  0.000000000000   0.000000000000   0.000000000000
  0.000000000000   0.000000000000   0.000000000000
  0.000000000000   0.000000000000   0.000000000000
  0.000000000000   0.000000000000   0.000000000000
  0.000000000000   0.000000000000   0.000000000000
  0.000000000000   0.000000000000   0.000000000000
  0.000000000000   0.000000000000   0.000000000000
  0.000000000000   0.000000000000   0.000000000000
  0.000000000000   0.000000000000   0.000000000000
  0.000000000000   0.000000000000   0.000000000000
  0.000000000000   0.000000000000   0.000000000000
  0.000000000000   0.000000000000   0.000000000000
  0.000000000000   0.000000000000   0.000000000000
  0.000000000000   0.000000000000   0.000000000000
  0.000000000000   0.000000000000   0.000000000000
  0.000000000000   0.000000000000   0.000000000000
  0.000000000000   0.000000000000   0.000000000000
  0.000000000000   0.000000000000   0.000000000000
  0.000000000000   0.000000000000   0.000000000000
  0.000000000000   0.000000000000   0.000000000000
  0.000000000000   0.000000000000   0.000000000000
  0.000000000000   0.000000000000   0.000000000000
  0.000000000000   0.000000000000   0.000000000000
  0.000000000000   0.000000000000   0.000000000000
  0.000000000000   0.000000000000   0.000000000000
  0.000000000000   0.000000000000   0.000000000000
  0.000000000000   0.000000000000   0.000000000000
  0.000000000000   0.000000000000   0.000000000000
  0.000000000000   0.000000000000   0.000000000000
  0.000000000000   0.000000000000   0.000000000000
  0.000000000000   0.000000000000   0.000000000000
  0.000000000000   0.000000000000   0.000000000000
  0.000000000000   0.000000000000   0.000000000000
  0.000000000000   0.000000000000   0.000000000000
  0.000000000000   0.000000000000   0.000000000000
  0.000000000000   0.000000000000   0.000000000000
  0.000000000000   0.000000000000   0.000000000000
  0.000000000000   0.000000000000   0.000000000000
  0.000000000000   0.000000000000   0.000000000000
  0.000000000000   0.000000000000   0.000000000000
  0.000000000000   0.000000000000   0.000000000000
  0.000000000000   0.000000000000   0.000000000000
  0.000000000000   0.000000000000   0.000000000000
  0.000000000000   0.000000000000   0.000000000000
  0.000000000000   0.000000000000   0.000000000000
  0.000000000000   0.000000000000   0.000000000000
  0.000000000000   0.000000000000   0.000000000000
  0.000000000000   0.000000000000   0.000000000000
  0.000000000000   0.000000000000   0.000000000000
  0.000000000000   0.000000000000   0.000000000000
  0.000000000000   0.000000000000   0.000000000000
  0.000000000000   0.000000000000   0.000000000000
  0.000000000000   0.000000000000   0.000000000000
  0.000000000000   0.000000000000   0.000000000000
  0.000000000000   0.000000000000   0.000000000000
  0.000000000000   0.000000000000   0.000000000000
  0.000000000000   0.000000000000   0.000000000000
  0.000000000000   0.000000000000   0.000000000000
  0.000000000000   0.000000000000   0.000000000000
  0.000000000000   0.000000000000   0.000000000000
  0.000000000000   0.000000000000   0.000000000000
  0.000000000000   0.000000000000   0.000000000000
  0.000000000000   0.000000000000   0.000000000000
  0.000000000000   0.000000000000   0.000000000000
  0.000000000000   0.000000000000   0.000000000000
  0.000000000000   0.000000000000   0.000000000000
  0.000000000000   0.000000000000   0.000000000000
  0.000000000000   0.000000000000   0.000000000000
  0.000000000000   0.000000000000   0.000000000000
  0.000000000000   0.000000000000   0.000000000000
  0.000000000000   0.000000000000   0.000000000000
  0.000000000000   0.000000000000   0.000000000000
  0.000000000000   0.000000000000   0.000000000000
  0.000000000000   0.000000000000   0.000000000000
  0.000000000000   0.000000000000   0.000000000000
  0.000000000000   0.000000000000   0.000000000000
  0.000000000000   0.000000000000   0.000000000000
  0.000000000000   0.000000000000   0.000000000000
  0.000000000000   0.000000000000   0.000000000000
  0.000000000000   0.000000000000   0.000000000000
  0.000000000000   0.000000000000   0.000000000000
  0.000000000000   0.000000000000   0.000000000000
  0.000000000000   0.000000000000   0.000000000000
  0.000000000000   0.000000000000   0.000000000000
  0.000000000000   0.000000000000   0.000000000000
  0.000000000000   0.000000000000   0.000000000000
  0.000000000000   0.000000000000   0.000000000000
  0.000000000000   0.000000000000   0.000000000000
  0.000000000000   0.000000000000   0.000000000000
  0.000000000000   0.000000000000   0.000000000000
  0.000000000000   0.000000000000   0.000000000000
  0.000000000000   0.000000000000   0.000000000000
  0.000000000000   0.000000000000   0.000000000000
  0.000000000000   0.000000000000   0.000000000000
  0.000000000000   0.000000000000   0.000000000000
  0.000000000000   0.000000000000   0.000000000000
  0.000000000000   0.000000000000   0.000000000000
  0.000000000000   0.000000000000   0.000000000000
  0.000000000000   0.000000000000   0.000000000000
  0.000000000000   0.000000000000   0.000000000000
  0.000000000000   0.000000000000   0.000000000000
  0.000000000000   0.000000000000   0.000000000000
  0.000000000000   0.000000000000   0.000000000000
  0.000000000000   0.000000000000   0.000000000000
  0.000000000000   0.000000000000   0.000000000000
  0.000000000000   0.000000000000   0.000000000000
  0.000000000000   0.000000000000   0.000000000000
  0.000000000000   0.000000000000   0.000000000000
  0.000000000000   0.000000000000   0.000000000000
  0.000000000000   0.000000000000   0.000000000000
  0.000000000000   0.000000000000   0.000000000000
  0.000000000000   0.000000000000   0.000000000000
  0.000000000000   0.000000000000   0.000000000000
  0.000000000000   0.000000000000   0.000000000000
  0.000000000000   0.000000000000   0.000000000000
  0.000000000000   0.000000000000   0.000000000000
  0.000000000000   0.000000000000   0.000000000000
  0.000000000000   0.000000000000   0.000000000000
  0.000000000000   0.000000000000   0.000000000000
  0.000000000000   0.000000000000   0.000000000000
  0.000000000000   0.000000000000   0.000000000000
  0.000000000000   0.000000000000   0.000000000000
  0.000000000000   0.000000000000   0.000000000000
  0.000000000000   0.000000000000   0.000000000000
  0.000000000000   0.000000000000   0.000000000000
  0.000000000000   0.000000000000   0.000000000000
  0.000000000000   0.000000000000   0.000000000000
  0.000000000000   0.000000000000   0.000000000000
  0.000000000000   0.000000000000   0.000000000000
  0.000000000000   0.000000000000   0.000000000000
  0.000000000000   0.000000000000   0.000000000000
  0.000000000000   0.000000000000   0.000000000000
  0.000000000000   0.000000000000   0.000000000000
  0.000000000000   0.000000000000   0.000000000000
  0.000000000000   0.000000000000   0.000000000000
  0.000000000000   0.000000000000   0.000000000000
  0.000000000000   0.000000000000   0.000000000000
  0.000000000000   0.000000000000   0.000000000000
  0.000000000000   0.000000000000   0.000000000000
  0.000000000000   0.000000000000   0.000000000000
  0.000000000000   0.000000000000   0.000000000000
  0.000000000000   0.000000000000   0.000000000000
  0.000000000000   0.000000000000   0.000000000000
  0.000000000000   0.000000000000   0.000000000000
  0.000000000000   0.000000000000   0.000000000000
  0.000000000000   0.000000000000   0.000000000000
  0.000000000000   0.000000000000   0.000000000000
  0.000000000000   0.000000000000   0.000000000000
  0.000000000000   0.000000000000   0.000000000000
  0.000000000000   0.000000000000   0.000000000000
  0.000000000000   0.000000000000   0.000000000000
  0.000000000000   0.000000000000   0.000000000000
  0.000000000000   0.000000000000   0.000000000000
  0.000000000000   0.000000000000   0.000000000000
  0.000000000000   0.000000000000   0.000000000000
  0.000000000000   0.000000000000   0.000000000000
  0.000000000000   0.000000000000   0.000000000000
  0.000000000000   0.000000000000   0.000000000000
  0.000000000000   0.000000000000   0.000000000000
  0.000000000000   0.000000000000   0.000000000000
  0.000000000000   0.000000000000   0.000000000000
  0.000000000000   0.000000000000   0.000000000000
  0.000000000000   0.000000000000   0.000000000000
  0.000000000000   0.000000000000   0.000000000000
  0.000000000000   0.000000000000   0.000000000000
  0.000000000000   0.000000000000   0.000000000000
  109    3  0.0000  0.0000  0.0150
  0.000000000000   0.000000000000   0.000000000000
  0.000000000000   0.000000000000   0.000000000000
  0.000000000000   0.000000000000   0.000000000000
  0.000000000000   0.000000000000   0.000000000000
  0.000000000000   0.000000000000   0.000000000000
  0.000000000000   0.000000000000   0.000000000000
  0.000000000000   0.000000000000   0.000000000000
  0.000000000000   0.000000000000   0.000000000000
  0.000000000000   0.000000000000   0.000000000000
  0.000000000000   0.000000000000   0.000000000000
  0.000000000000   0.000000000000   0.000000000000
  0.000000000000   0.000000000000   0.000000000000
  0.000000000000   0.000000000000   0.000000000000
  0.000000000000   0.000000000000   0.000000000000
  0.000000000000   0.000000000000   0.000000000000
  0.000000000000   0.000000000000   0.000000000000
  0.000000000000   0.000000000000   0.000000000000
  0.000000000000   0.000000000000   0.000000000000
  0.000000000000   0.000000000000   0.000000000000
  0.000000000000   0.000000000000   0.000000000000
  0.000000000000   0.000000000000   0.000000000000
  0.000000000000   0.000000000000   0.000000000000
  0.000000000000   0.000000000000   0.000000000000
  0.000000000000   0.000000000000   0.000000000000
  0.000000000000   0.000000000000   0.000000000000
  0.000000000000   0.000000000000   0.000000000000
  0.000000000000   0.000000000000   0.000000000000
  0.000000000000   0.000000000000   0.000000000000
  0.000000000000   0.000000000000   0.000000000000
  0.000000000000   0.000000000000   0.000000000000
  0.000000000000   0.000000000000   0.000000000000
  0.000000000000   0.000000000000   0.000000000000
  0.000000000000   0.000000000000   0.000000000000
  0.000000000000   0.000000000000   0.000000000000
  0.000000000000   0.000000000000   0.000000000000
  0.000000000000   0.000000000000   0.000000000000
  0.000000000000   0.000000000000   0.000000000000
  0.000000000000   0.000000000000   0.000000000000
  0.000000000000   0.000000000000   0.000000000000
  0.000000000000   0.000000000000   0.000000000000
  0.000000000000   0.000000000000   0.000000000000
  0.000000000000   0.000000000000   0.000000000000
  0.000000000000   0.000000000000   0.000000000000
  0.000000000000   0.000000000000   0.000000000000
  0.000000000000   0.000000000000   0.000000000000
  0.000000000000   0.000000000000   0.000000000000
  0.000000000000   0.000000000000   0.000000000000
  0.000000000000   0.000000000000   0.000000000000
  0.000000000000   0.000000000000   0.000000000000
  0.000000000000   0.000000000000   0.000000000000
  0.000000000000   0.000000000000   0.000000000000
  0.000000000000   0.000000000000   0.000000000000
  0.000000000000   0.000000000000   0.000000000000
  0.000000000000   0.000000000000   0.000000000000
  0.000000000000   0.000000000000   0.000000000000
  0.000000000000   0.000000000000   0.000000000000
  0.000000000000   0.000000000000   0.000000000000
  0.000000000000   0.000000000000   0.000000000000
  0.000000000000   0.000000000000   0.000000000000
  0.000000000000   0.000000000000   0.000000000000
  0.000000000000   0.000000000000   0.000000000000
  0.000000000000   0.000000000000   0.000000000000
  0.000000000000   0.000000000000   0.000000000000
  0.000000000000   0.000000000000   0.000000000000
  0.000000000000   0.000000000000   0.000000000000
  0.000000000000   0.000000000000   0.000000000000
  0.000000000000   0.000000000000   0.000000000000
  0.000000000000   0.000000000000   0.000000000000
  0.000000000000   0.000000000000   0.000000000000
  0.000000000000   0.000000000000   0.000000000000
  0.000000000000   0.000000000000   0.000000000000
  0.000000000000   0.000000000000   0.000000000000
  0.000000000000   0.000000000000   0.000000000000
  0.000000000000   0.000000000000   0.000000000000
  0.000000000000   0.000000000000   0.000000000000
  0.000000000000   0.000000000000   0.000000000000
  0.000000000000   0.000000000000   0.000000000000
  0.000000000000   0.000000000000   0.000000000000
  0.000000000000   0.000000000000   0.000000000000
  0.000000000000   0.000000000000   0.000000000000
  0.000000000000   0.000000000000   0.000000000000
  0.000000000000   0.000000000000   0.000000000000
  0.000000000000   0.000000000000   0.000000000000
  0.000000000000   0.000000000000   0.000000000000
  0.000000000000   0.000000000000   0.000000000000
  0.000000000000   0.000000000000   0.000000000000
  0.000000000000   0.000000000000   0.000000000000
  0.000000000000   0.000000000000   0.000000000000
  0.000000000000   0.000000000000   0.000000000000
  0.000000000000   0.000000000000   0.000000000000
  0.000000000000   0.000000000000   0.000000000000
  0.000000000000   0.000000000000   0.000000000000
  0.000000000000   0.000000000000   0.000000000000
  0.000000000000   0.000000000000   0.000000000000
  0.000000000000   0.000000000000   0.000000000000
  0.000000000000   0.000000000000   0.000000000000
  0.000000000000   0.000000000000   0.000000000000
 -0.009935328742  -0.027764658807  -0.013650558388
  0.011448225565   0.028943723537   0.010719738051
  0.003825443462   0.018196717114   0.011205062973
  0.012586326980   0.001929758785   0.005958416549
  0.004608055813   0.002072691976  -0.006104943712
 -0.000856520801   0.000372791969  -0.000414778743
 -0.000223456358   0.000268881175   0.000304524479
 -0.000179830148   0.000495475788  -0.000472830737
  0.005117883332   0.004102863934  -0.003519554156
  0.013327951228  -0.027191780743   0.007768021931
  0.034746387392   0.058999244051   0.129325307843
 -0.338821568067  -0.000071339396  -0.596242034789
  0.172703250308  -0.022848258370   0.277933588503
  0.020788761009   0.072490951463   0.013380980380
  0.028891328049  -0.029195088291   0.038167820571
  0.000598946759   0.001127185162   0.001613350446
 -0.029946100761  -0.022076355740  -0.046736827379
  0.070999199472  -0.057726519332   0.171508722053
  0.000000000000   0.000000000000   0.000000000000
  0.000000000000   0.000000000000   0.000000000000
  0.000000000000   0.000000000000   0.000000000000
  0.000000000000   0.000000000000   0.000000000000
  0.000000000000   0.000000000000   0.000000000000
  0.000000000000   0.000000000000   0.000000000000
  0.000000000000   0.000000000000   0.000000000000
  0.000000000000   0.000000000000   0.000000000000
  0.000000000000   0.000000000000   0.000000000000
  0.000000000000   0.000000000000   0.000000000000
  0.000000000000   0.000000000000   0.000000000000
  0.000000000000   0.000000000000   0.000000000000
  0.000000000000   0.000000000000   0.000000000000
  0.000000000000   0.000000000000   0.000000000000
  0.000000000000   0.000000000000   0.000000000000
  0.000000000000   0.000000000000   0.000000000000
  0.000000000000   0.000000000000   0.000000000000
  0.000000000000   0.000000000000   0.000000000000
  0.000000000000   0.000000000000   0.000000000000
  0.000000000000   0.000000000000   0.000000000000
  0.000000000000   0.000000000000   0.000000000000
  0.000000000000   0.000000000000   0.000000000000
  0.000000000000   0.000000000000   0.000000000000
  0.000000000000   0.000000000000   0.000000000000
  0.000000000000   0.000000000000   0.000000000000
  0.000000000000   0.000000000000   0.000000000000
  0.000000000000   0.000000000000   0.000000000000
  0.000000000000   0.000000000000   0.000000000000
  0.000000000000   0.000000000000   0.000000000000
  0.000000000000   0.000000000000   0.000000000000
  0.000000000000   0.000000000000   0.000000000000
  0.000000000000   0.000000000000   0.000000000000
  0.000000000000   0.000000000000   0.000000000000
  0.000000000000   0.000000000000   0.000000000000
  0.000000000000   0.000000000000   0.000000000000
  0.000000000000   0.000000000000   0.000000000000
  0.000000000000   0.000000000000   0.000000000000
  0.000000000000   0.000000000000   0.000000000000
  0.000000000000   0.000000000000   0.000000000000
  0.000000000000   0.000000000000   0.000000000000
  0.000000000000   0.000000000000   0.000000000000
  0.000000000000   0.000000000000   0.000000000000
  0.000000000000   0.000000000000   0.000000000000
  0.000000000000   0.000000000000   0.000000000000
  0.000000000000   0.000000000000   0.000000000000
  0.000000000000   0.000000000000   0.000000000000
  0.000000000000   0.000000000000   0.000000000000
  0.000000000000   0.000000000000   0.000000000000
  0.000000000000   0.000000000000   0.000000000000
  0.000000000000   0.000000000000   0.000000000000
  0.000000000000   0.000000000000   0.000000000000
  0.000000000000   0.000000000000   0.000000000000
  0.000000000000   0.000000000000   0.000000000000
  0.000000000000   0.000000000000   0.000000000000
  0.000000000000   0.000000000000   0.000000000000
  0.000000000000   0.000000000000   0.000000000000
  0.000000000000   0.000000000000   0.000000000000
  0.000000000000   0.000000000000   0.000000000000
  0.000000000000   0.000000000000   0.000000000000
  0.000000000000   0.000000000000   0.000000000000
  0.000000000000   0.000000000000   0.000000000000
  0.000000000000   0.000000000000   0.000000000000
  0.000000000000   0.000000000000   0.000000000000
  0.000000000000   0.000000000000   0.000000000000
  0.000000000000   0.000000000000   0.000000000000
  0.000000000000   0.000000000000   0.000000000000
  0.000000000000   0.000000000000   0.000000000000
  0.000000000000   0.000000000000   0.000000000000
  0.000000000000   0.000000000000   0.000000000000
  0.000000000000   0.000000000000   0.000000000000
  0.000000000000   0.000000000000   0.000000000000
  0.000000000000   0.000000000000   0.000000000000
  0.000000000000   0.000000000000   0.000000000000
  0.000000000000   0.000000000000   0.000000000000
  0.000000000000   0.000000000000   0.000000000000
  0.000000000000   0.000000000000   0.000000000000
  0.000000000000   0.000000000000   0.000000000000
  0.000000000000   0.000000000000   0.000000000000
  0.000000000000   0.000000000000   0.000000000000
  0.000000000000   0.000000000000   0.000000000000
  0.000000000000   0.000000000000   0.000000000000
  0.000000000000   0.000000000000   0.000000000000
  0.000000000000   0.000000000000   0.000000000000
  0.000000000000   0.000000000000   0.000000000000
  0.000000000000   0.000000000000   0.000000000000
  0.000000000000   0.000000000000   0.000000000000
  0.000000000000   0.000000000000   0.000000000000
  0.000000000000   0.000000000000   0.000000000000
  0.000000000000   0.000000000000   0.000000000000
  0.000000000000   0.000000000000   0.000000000000
  0.000000000000   0.000000000000   0.000000000000
  0.000000000000   0.000000000000   0.000000000000
  0.000000000000   0.000000000000   0.000000000000
  0.000000000000   0.000000000000   0.000000000000
  0.000000000000   0.000000000000   0.000000000000
  0.000000000000   0.000000000000   0.000000000000
  0.000000000000   0.000000000000   0.000000000000
  0.000000000000   0.000000000000   0.000000000000
  0.000000000000   0.000000000000   0.000000000000
  0.000000000000   0.000000000000   0.000000000000
  0.000000000000   0.000000000000   0.000000000000
  0.000000000000   0.000000000000   0.000000000000
  0.000000000000   0.000000000000   0.000000000000
  0.000000000000   0.000000000000   0.000000000000
  0.000000000000   0.000000000000   0.000000000000
  0.000000000000   0.000000000000   0.000000000000
  0.000000000000   0.000000000000   0.000000000000
  0.000000000000   0.000000000000   0.000000000000
  0.000000000000   0.000000000000   0.000000000000
  0.000000000000   0.000000000000   0.000000000000
  0.000000000000   0.000000000000   0.000000000000
  0.000000000000   0.000000000000   0.000000000000
  0.000000000000   0.000000000000   0.000000000000
  0.000000000000   0.000000000000   0.000000000000
  0.000000000000   0.000000000000   0.000000000000
  0.000000000000   0.000000000000   0.000000000000
  0.000000000000   0.000000000000   0.000000000000
  0.000000000000   0.000000000000   0.000000000000
  0.000000000000   0.000000000000   0.000000000000
  0.000000000000   0.000000000000   0.000000000000
  0.000000000000   0.000000000000   0.000000000000
  0.000000000000   0.000000000000   0.000000000000
  0.000000000000   0.000000000000   0.000000000000
  0.000000000000   0.000000000000   0.000000000000
  0.000000000000   0.000000000000   0.000000000000
  0.000000000000   0.000000000000   0.000000000000
  0.000000000000   0.000000000000   0.000000000000
  0.000000000000   0.000000000000   0.000000000000
  0.000000000000   0.000000000000   0.000000000000
  0.000000000000   0.000000000000   0.000000000000
  0.000000000000   0.000000000000   0.000000000000
  0.000000000000   0.000000000000   0.000000000000
  0.000000000000   0.000000000000   0.000000000000
  0.000000000000   0.000000000000   0.000000000000
  0.000000000000   0.000000000000   0.000000000000
  0.000000000000   0.000000000000   0.000000000000
  0.000000000000   0.000000000000   0.000000000000
  0.000000000000   0.000000000000   0.000000000000
  0.000000000000   0.000000000000   0.000000000000
  0.000000000000   0.000000000000   0.000000000000
  0.000000000000   0.000000000000   0.000000000000
  0.000000000000   0.000000000000   0.000000000000
  0.000000000000   0.000000000000   0.000000000000
  0.000000000000   0.000000000000   0.000000000000
  0.000000000000   0.000000000000   0.000000000000
  0.000000000000   0.000000000000   0.000000000000
  0.000000000000   0.000000000000   0.000000000000
  0.000000000000   0.000000000000   0.000000000000
  0.000000000000   0.000000000000   0.000000000000
  0.000000000000   0.000000000000   0.000000000000
  0.000000000000   0.000000000000   0.000000000000
  0.000000000000   0.000000000000   0.000000000000
  0.000000000000   0.000000000000   0.000000000000
  0.000000000000   0.000000000000   0.000000000000
  0.000000000000   0.000000000000   0.000000000000
  0.000000000000   0.000000000000   0.000000000000
  0.000000000000   0.000000000000   0.000000000000
  0.000000000000   0.000000000000   0.000000000000
  0.000000000000   0.000000000000   0.000000000000
  0.000000000000   0.000000000000   0.000000000000
  0.000000000000   0.000000000000   0.000000000000
  0.000000000000   0.000000000000   0.000000000000
  0.000000000000   0.000000000000   0.000000000000
  0.000000000000   0.000000000000   0.000000000000
  0.000000000000   0.000000000000   0.000000000000
  0.000000000000   0.000000000000   0.000000000000
  0.000000000000   0.000000000000   0.000000000000
  0.000000000000   0.000000000000   0.000000000000
  0.000000000000   0.000000000000   0.000000000000
  0.000000000000   0.000000000000   0.000000000000
  0.000000000000   0.000000000000   0.000000000000
  0.000000000000   0.000000000000   0.000000000000
  0.000000000000   0.000000000000   0.000000000000
  0.000000000000   0.000000000000   0.000000000000
  0.000000000000   0.000000000000   0.000000000000
  0.000000000000   0.000000000000   0.000000000000
  0.000000000000   0.000000000000   0.000000000000
  0.000000000000   0.000000000000   0.000000000000
  0.000000000000   0.000000000000   0.000000000000
  0.000000000000   0.000000000000   0.000000000000
  0.000000000000   0.000000000000   0.000000000000
  0.000000000000   0.000000000000   0.000000000000
  0.000000000000   0.000000000000   0.000000000000
  0.000000000000   0.000000000000   0.000000000000
  0.000000000000   0.000000000000   0.000000000000
  0.000000000000   0.000000000000   0.000000000000
  0.000000000000   0.000000000000   0.000000000000
  0.000000000000   0.000000000000   0.000000000000
  0.000000000000   0.000000000000   0.000000000000
  0.000000000000   0.000000000000   0.000000000000
  0.000000000000   0.000000000000   0.000000000000
  0.000000000000   0.000000000000   0.000000000000
  110    1  0.0150  0.0000  0.0000
  0.000000000000   0.000000000000   0.000000000000
  0.000000000000   0.000000000000   0.000000000000
  0.000000000000   0.000000000000   0.000000000000
  0.000000000000   0.000000000000   0.000000000000
  0.000000000000   0.000000000000   0.000000000000
  0.000000000000   0.000000000000   0.000000000000
  0.000000000000   0.000000000000   0.000000000000
  0.000000000000   0.000000000000   0.000000000000
  0.000000000000   0.000000000000   0.000000000000
  0.000000000000   0.000000000000   0.000000000000
  0.000000000000   0.000000000000   0.000000000000
  0.000000000000   0.000000000000   0.000000000000
  0.000000000000   0.000000000000   0.000000000000
  0.000000000000   0.000000000000   0.000000000000
  0.000000000000   0.000000000000   0.000000000000
  0.000000000000   0.000000000000   0.000000000000
  0.000000000000   0.000000000000   0.000000000000
  0.000000000000   0.000000000000   0.000000000000
  0.000000000000   0.000000000000   0.000000000000
  0.000000000000   0.000000000000   0.000000000000
  0.000000000000   0.000000000000   0.000000000000
  0.000000000000   0.000000000000   0.000000000000
  0.000000000000   0.000000000000   0.000000000000
  0.000000000000   0.000000000000   0.000000000000
  0.000000000000   0.000000000000   0.000000000000
  0.000000000000   0.000000000000   0.000000000000
  0.000000000000   0.000000000000   0.000000000000
  0.000000000000   0.000000000000   0.000000000000
  0.000000000000   0.000000000000   0.000000000000
  0.000000000000   0.000000000000   0.000000000000
  0.000000000000   0.000000000000   0.000000000000
  0.000000000000   0.000000000000   0.000000000000
  0.000000000000   0.000000000000   0.000000000000
  0.000000000000   0.000000000000   0.000000000000
  0.000000000000   0.000000000000   0.000000000000
  0.000000000000   0.000000000000   0.000000000000
  0.000000000000   0.000000000000   0.000000000000
  0.000000000000   0.000000000000   0.000000000000
  0.000000000000   0.000000000000   0.000000000000
  0.000000000000   0.000000000000   0.000000000000
  0.000000000000   0.000000000000   0.000000000000
  0.000000000000   0.000000000000   0.000000000000
  0.000000000000   0.000000000000   0.000000000000
  0.000000000000   0.000000000000   0.000000000000
  0.000000000000   0.000000000000   0.000000000000
  0.000000000000   0.000000000000   0.000000000000
  0.000000000000   0.000000000000   0.000000000000
  0.000000000000   0.000000000000   0.000000000000
  0.000000000000   0.000000000000   0.000000000000
  0.000000000000   0.000000000000   0.000000000000
  0.000000000000   0.000000000000   0.000000000000
  0.000000000000   0.000000000000   0.000000000000
  0.000000000000   0.000000000000   0.000000000000
  0.000000000000   0.000000000000   0.000000000000
  0.000000000000   0.000000000000   0.000000000000
  0.000000000000   0.000000000000   0.000000000000
  0.000000000000   0.000000000000   0.000000000000
  0.000000000000   0.000000000000   0.000000000000
  0.000000000000   0.000000000000   0.000000000000
  0.000000000000   0.000000000000   0.000000000000
  0.000000000000   0.000000000000   0.000000000000
  0.000000000000   0.000000000000   0.000000000000
  0.000000000000   0.000000000000   0.000000000000
  0.000000000000   0.000000000000   0.000000000000
  0.000000000000   0.000000000000   0.000000000000
  0.000000000000   0.000000000000   0.000000000000
  0.000000000000   0.000000000000   0.000000000000
  0.000000000000   0.000000000000   0.000000000000
  0.000000000000   0.000000000000   0.000000000000
  0.000000000000   0.000000000000   0.000000000000
  0.000000000000   0.000000000000   0.000000000000
  0.000000000000   0.000000000000   0.000000000000
  0.000000000000   0.000000000000   0.000000000000
  0.000000000000   0.000000000000   0.000000000000
  0.000000000000   0.000000000000   0.000000000000
  0.000000000000   0.000000000000   0.000000000000
  0.000000000000   0.000000000000   0.000000000000
  0.000000000000   0.000000000000   0.000000000000
  0.000000000000   0.000000000000   0.000000000000
  0.000000000000   0.000000000000   0.000000000000
  0.000000000000   0.000000000000   0.000000000000
  0.000000000000   0.000000000000   0.000000000000
  0.000000000000   0.000000000000   0.000000000000
  0.000000000000   0.000000000000   0.000000000000
  0.000000000000   0.000000000000   0.000000000000
  0.000000000000   0.000000000000   0.000000000000
  0.000000000000   0.000000000000   0.000000000000
  0.000000000000   0.000000000000   0.000000000000
  0.000000000000   0.000000000000   0.000000000000
  0.000000000000   0.000000000000   0.000000000000
  0.000000000000   0.000000000000   0.000000000000
  0.000000000000   0.000000000000   0.000000000000
  0.000000000000   0.000000000000   0.000000000000
  0.000000000000   0.000000000000   0.000000000000
  0.000000000000   0.000000000000   0.000000000000
  0.000000000000   0.000000000000   0.000000000000
  0.000000000000   0.000000000000   0.000000000000
 -0.001039740251  -0.003325834058   0.000387323966
  0.001058445725  -0.001346509400   0.000679603123
 -0.000174145858   0.001101359525   0.001351163046
  0.115520870253  -0.117037206922   0.068230930221
  0.004386118095   0.027910184877   0.009982972705
  0.000610822547  -0.001540193311   0.000272976084
  0.000022247008  -0.000883566025  -0.000137346273
  0.000814038988   0.000130447396   0.000907162064
  0.001386962593   0.000680586591  -0.000002307724
 -0.005375619796  -0.002820368339   0.004359075708
  0.007433160389   0.009915387171   0.014511522274
  0.257289720393   0.035304700296   0.172757318338
 -0.541373425003   0.016441196184  -0.374567333008
  0.159596402675   0.061293177837   0.079992215880
 -0.044501380345   0.018371543179  -0.035605614625
 -0.004446880476  -0.004285464813   0.004358129059
  0.031172061194   0.024647673106   0.024126847115
  0.017274659694  -0.062799452148   0.029180234661
  0.000000000000   0.000000000000   0.000000000000
  0.000000000000   0.000000000000   0.000000000000
  0.000000000000   0.000000000000   0.000000000000
  0.000000000000   0.000000000000   0.000000000000
  0.000000000000   0.000000000000   0.000000000000
  0.000000000000   0.000000000000   0.000000000000
  0.000000000000   0.000000000000   0.000000000000
  0.000000000000   0.000000000000   0.000000000000
  0.000000000000   0.000000000000   0.000000000000
  0.000000000000   0.000000000000   0.000000000000
  0.000000000000   0.000000000000   0.000000000000
  0.000000000000   0.000000000000   0.000000000000
  0.000000000000   0.000000000000   0.000000000000
  0.000000000000   0.000000000000   0.000000000000
  0.000000000000   0.000000000000   0.000000000000
  0.000000000000   0.000000000000   0.000000000000
  0.000000000000   0.000000000000   0.000000000000
  0.000000000000   0.000000000000   0.000000000000
  0.000000000000   0.000000000000   0.000000000000
  0.000000000000   0.000000000000   0.000000000000
  0.000000000000   0.000000000000   0.000000000000
  0.000000000000   0.000000000000   0.000000000000
  0.000000000000   0.000000000000   0.000000000000
  0.000000000000   0.000000000000   0.000000000000
  0.000000000000   0.000000000000   0.000000000000
  0.000000000000   0.000000000000   0.000000000000
  0.000000000000   0.000000000000   0.000000000000
  0.000000000000   0.000000000000   0.000000000000
  0.000000000000   0.000000000000   0.000000000000
  0.000000000000   0.000000000000   0.000000000000
  0.000000000000   0.000000000000   0.000000000000
  0.000000000000   0.000000000000   0.000000000000
  0.000000000000   0.000000000000   0.000000000000
  0.000000000000   0.000000000000   0.000000000000
  0.000000000000   0.000000000000   0.000000000000
  0.000000000000   0.000000000000   0.000000000000
  0.000000000000   0.000000000000   0.000000000000
  0.000000000000   0.000000000000   0.000000000000
  0.000000000000   0.000000000000   0.000000000000
  0.000000000000   0.000000000000   0.000000000000
  0.000000000000   0.000000000000   0.000000000000
  0.000000000000   0.000000000000   0.000000000000
  0.000000000000   0.000000000000   0.000000000000
  0.000000000000   0.000000000000   0.000000000000
  0.000000000000   0.000000000000   0.000000000000
  0.000000000000   0.000000000000   0.000000000000
  0.000000000000   0.000000000000   0.000000000000
  0.000000000000   0.000000000000   0.000000000000
  0.000000000000   0.000000000000   0.000000000000
  0.000000000000   0.000000000000   0.000000000000
  0.000000000000   0.000000000000   0.000000000000
  0.000000000000   0.000000000000   0.000000000000
  0.000000000000   0.000000000000   0.000000000000
  0.000000000000   0.000000000000   0.000000000000
  0.000000000000   0.000000000000   0.000000000000
  0.000000000000   0.000000000000   0.000000000000
  0.000000000000   0.000000000000   0.000000000000
  0.000000000000   0.000000000000   0.000000000000
  0.000000000000   0.000000000000   0.000000000000
  0.000000000000   0.000000000000   0.000000000000
  0.000000000000   0.000000000000   0.000000000000
  0.000000000000   0.000000000000   0.000000000000
  0.000000000000   0.000000000000   0.000000000000
  0.000000000000   0.000000000000   0.000000000000
  0.000000000000   0.000000000000   0.000000000000
  0.000000000000   0.000000000000   0.000000000000
  0.000000000000   0.000000000000   0.000000000000
  0.000000000000   0.000000000000   0.000000000000
  0.000000000000   0.000000000000   0.000000000000
  0.000000000000   0.000000000000   0.000000000000
  0.000000000000   0.000000000000   0.000000000000
  0.000000000000   0.000000000000   0.000000000000
  0.000000000000   0.000000000000   0.000000000000
  0.000000000000   0.000000000000   0.000000000000
  0.000000000000   0.000000000000   0.000000000000
  0.000000000000   0.000000000000   0.000000000000
  0.000000000000   0.000000000000   0.000000000000
  0.000000000000   0.000000000000   0.000000000000
  0.000000000000   0.000000000000   0.000000000000
  0.000000000000   0.000000000000   0.000000000000
  0.000000000000   0.000000000000   0.000000000000
  0.000000000000   0.000000000000   0.000000000000
  0.000000000000   0.000000000000   0.000000000000
  0.000000000000   0.000000000000   0.000000000000
  0.000000000000   0.000000000000   0.000000000000
  0.000000000000   0.000000000000   0.000000000000
  0.000000000000   0.000000000000   0.000000000000
  0.000000000000   0.000000000000   0.000000000000
  0.000000000000   0.000000000000   0.000000000000
  0.000000000000   0.000000000000   0.000000000000
  0.000000000000   0.000000000000   0.000000000000
  0.000000000000   0.000000000000   0.000000000000
  0.000000000000   0.000000000000   0.000000000000
  0.000000000000   0.000000000000   0.000000000000
  0.000000000000   0.000000000000   0.000000000000
  0.000000000000   0.000000000000   0.000000000000
  0.000000000000   0.000000000000   0.000000000000
  0.000000000000   0.000000000000   0.000000000000
  0.000000000000   0.000000000000   0.000000000000
  0.000000000000   0.000000000000   0.000000000000
  0.000000000000   0.000000000000   0.000000000000
  0.000000000000   0.000000000000   0.000000000000
  0.000000000000   0.000000000000   0.000000000000
  0.000000000000   0.000000000000   0.000000000000
  0.000000000000   0.000000000000   0.000000000000
  0.000000000000   0.000000000000   0.000000000000
  0.000000000000   0.000000000000   0.000000000000
  0.000000000000   0.000000000000   0.000000000000
  0.000000000000   0.000000000000   0.000000000000
  0.000000000000   0.000000000000   0.000000000000
  0.000000000000   0.000000000000   0.000000000000
  0.000000000000   0.000000000000   0.000000000000
  0.000000000000   0.000000000000   0.000000000000
  0.000000000000   0.000000000000   0.000000000000
  0.000000000000   0.000000000000   0.000000000000
  0.000000000000   0.000000000000   0.000000000000
  0.000000000000   0.000000000000   0.000000000000
  0.000000000000   0.000000000000   0.000000000000
  0.000000000000   0.000000000000   0.000000000000
  0.000000000000   0.000000000000   0.000000000000
  0.000000000000   0.000000000000   0.000000000000
  0.000000000000   0.000000000000   0.000000000000
  0.000000000000   0.000000000000   0.000000000000
  0.000000000000   0.000000000000   0.000000000000
  0.000000000000   0.000000000000   0.000000000000
  0.000000000000   0.000000000000   0.000000000000
  0.000000000000   0.000000000000   0.000000000000
  0.000000000000   0.000000000000   0.000000000000
  0.000000000000   0.000000000000   0.000000000000
  0.000000000000   0.000000000000   0.000000000000
  0.000000000000   0.000000000000   0.000000000000
  0.000000000000   0.000000000000   0.000000000000
  0.000000000000   0.000000000000   0.000000000000
  0.000000000000   0.000000000000   0.000000000000
  0.000000000000   0.000000000000   0.000000000000
  0.000000000000   0.000000000000   0.000000000000
  0.000000000000   0.000000000000   0.000000000000
  0.000000000000   0.000000000000   0.000000000000
  0.000000000000   0.000000000000   0.000000000000
  0.000000000000   0.000000000000   0.000000000000
  0.000000000000   0.000000000000   0.000000000000
  0.000000000000   0.000000000000   0.000000000000
  0.000000000000   0.000000000000   0.000000000000
  0.000000000000   0.000000000000   0.000000000000
  0.000000000000   0.000000000000   0.000000000000
  0.000000000000   0.000000000000   0.000000000000
  0.000000000000   0.000000000000   0.000000000000
  0.000000000000   0.000000000000   0.000000000000
  0.000000000000   0.000000000000   0.000000000000
  0.000000000000   0.000000000000   0.000000000000
  0.000000000000   0.000000000000   0.000000000000
  0.000000000000   0.000000000000   0.000000000000
  0.000000000000   0.000000000000   0.000000000000
  0.000000000000   0.000000000000   0.000000000000
  0.000000000000   0.000000000000   0.000000000000
  0.000000000000   0.000000000000   0.000000000000
  0.000000000000   0.000000000000   0.000000000000
  0.000000000000   0.000000000000   0.000000000000
  0.000000000000   0.000000000000   0.000000000000
  0.000000000000   0.000000000000   0.000000000000
  0.000000000000   0.000000000000   0.000000000000
  0.000000000000   0.000000000000   0.000000000000
  0.000000000000   0.000000000000   0.000000000000
  0.000000000000   0.000000000000   0.000000000000
  0.000000000000   0.000000000000   0.000000000000
  0.000000000000   0.000000000000   0.000000000000
  0.000000000000   0.000000000000   0.000000000000
  0.000000000000   0.000000000000   0.000000000000
  0.000000000000   0.000000000000   0.000000000000
  0.000000000000   0.000000000000   0.000000000000
  0.000000000000   0.000000000000   0.000000000000
  0.000000000000   0.000000000000   0.000000000000
  0.000000000000   0.000000000000   0.000000000000
  0.000000000000   0.000000000000   0.000000000000
  0.000000000000   0.000000000000   0.000000000000
  0.000000000000   0.000000000000   0.000000000000
  0.000000000000   0.000000000000   0.000000000000
  0.000000000000   0.000000000000   0.000000000000
  0.000000000000   0.000000000000   0.000000000000
  0.000000000000   0.000000000000   0.000000000000
  0.000000000000   0.000000000000   0.000000000000
  0.000000000000   0.000000000000   0.000000000000
  0.000000000000   0.000000000000   0.000000000000
  0.000000000000   0.000000000000   0.000000000000
  0.000000000000   0.000000000000   0.000000000000
  0.000000000000   0.000000000000   0.000000000000
  0.000000000000   0.000000000000   0.000000000000
  0.000000000000   0.000000000000   0.000000000000
  0.000000000000   0.000000000000   0.000000000000
  0.000000000000   0.000000000000   0.000000000000
  0.000000000000   0.000000000000   0.000000000000
  0.000000000000   0.000000000000   0.000000000000
  110    2  0.0000  0.0150  0.0000
  0.000000000000   0.000000000000   0.000000000000
  0.000000000000   0.000000000000   0.000000000000
  0.000000000000   0.000000000000   0.000000000000
  0.000000000000   0.000000000000   0.000000000000
  0.000000000000   0.000000000000   0.000000000000
  0.000000000000   0.000000000000   0.000000000000
  0.000000000000   0.000000000000   0.000000000000
  0.000000000000   0.000000000000   0.000000000000
  0.000000000000   0.000000000000   0.000000000000
  0.000000000000   0.000000000000   0.000000000000
  0.000000000000   0.000000000000   0.000000000000
  0.000000000000   0.000000000000   0.000000000000
  0.000000000000   0.000000000000   0.000000000000
  0.000000000000   0.000000000000   0.000000000000
  0.000000000000   0.000000000000   0.000000000000
  0.000000000000   0.000000000000   0.000000000000
  0.000000000000   0.000000000000   0.000000000000
  0.000000000000   0.000000000000   0.000000000000
  0.000000000000   0.000000000000   0.000000000000
  0.000000000000   0.000000000000   0.000000000000
  0.000000000000   0.000000000000   0.000000000000
  0.000000000000   0.000000000000   0.000000000000
  0.000000000000   0.000000000000   0.000000000000
  0.000000000000   0.000000000000   0.000000000000
  0.000000000000   0.000000000000   0.000000000000
  0.000000000000   0.000000000000   0.000000000000
  0.000000000000   0.000000000000   0.000000000000
  0.000000000000   0.000000000000   0.000000000000
  0.000000000000   0.000000000000   0.000000000000
  0.000000000000   0.000000000000   0.000000000000
  0.000000000000   0.000000000000   0.000000000000
  0.000000000000   0.000000000000   0.000000000000
  0.000000000000   0.000000000000   0.000000000000
  0.000000000000   0.000000000000   0.000000000000
  0.000000000000   0.000000000000   0.000000000000
  0.000000000000   0.000000000000   0.000000000000
  0.000000000000   0.000000000000   0.000000000000
  0.000000000000   0.000000000000   0.000000000000
  0.000000000000   0.000000000000   0.000000000000
  0.000000000000   0.000000000000   0.000000000000
  0.000000000000   0.000000000000   0.000000000000
  0.000000000000   0.000000000000   0.000000000000
  0.000000000000   0.000000000000   0.000000000000
  0.000000000000   0.000000000000   0.000000000000
  0.000000000000   0.000000000000   0.000000000000
  0.000000000000   0.000000000000   0.000000000000
  0.000000000000   0.000000000000   0.000000000000
  0.000000000000   0.000000000000   0.000000000000
  0.000000000000   0.000000000000   0.000000000000
  0.000000000000   0.000000000000   0.000000000000
  0.000000000000   0.000000000000   0.000000000000
  0.000000000000   0.000000000000   0.000000000000
  0.000000000000   0.000000000000   0.000000000000
  0.000000000000   0.000000000000   0.000000000000
  0.000000000000   0.000000000000   0.000000000000
  0.000000000000   0.000000000000   0.000000000000
  0.000000000000   0.000000000000   0.000000000000
  0.000000000000   0.000000000000   0.000000000000
  0.000000000000   0.000000000000   0.000000000000
  0.000000000000   0.000000000000   0.000000000000
  0.000000000000   0.000000000000   0.000000000000
  0.000000000000   0.000000000000   0.000000000000
  0.000000000000   0.000000000000   0.000000000000
  0.000000000000   0.000000000000   0.000000000000
  0.000000000000   0.000000000000   0.000000000000
  0.000000000000   0.000000000000   0.000000000000
  0.000000000000   0.000000000000   0.000000000000
  0.000000000000   0.000000000000   0.000000000000
  0.000000000000   0.000000000000   0.000000000000
  0.000000000000   0.000000000000   0.000000000000
  0.000000000000   0.000000000000   0.000000000000
  0.000000000000   0.000000000000   0.000000000000
  0.000000000000   0.000000000000   0.000000000000
  0.000000000000   0.000000000000   0.000000000000
  0.000000000000   0.000000000000   0.000000000000
  0.000000000000   0.000000000000   0.000000000000
  0.000000000000   0.000000000000   0.000000000000
  0.000000000000   0.000000000000   0.000000000000
  0.000000000000   0.000000000000   0.000000000000
  0.000000000000   0.000000000000   0.000000000000
  0.000000000000   0.000000000000   0.000000000000
  0.000000000000   0.000000000000   0.000000000000
  0.000000000000   0.000000000000   0.000000000000
  0.000000000000   0.000000000000   0.000000000000
  0.000000000000   0.000000000000   0.000000000000
  0.000000000000   0.000000000000   0.000000000000
  0.000000000000   0.000000000000   0.000000000000
  0.000000000000   0.000000000000   0.000000000000
  0.000000000000   0.000000000000   0.000000000000
  0.000000000000   0.000000000000   0.000000000000
  0.000000000000   0.000000000000   0.000000000000
  0.000000000000   0.000000000000   0.000000000000
  0.000000000000   0.000000000000   0.000000000000
  0.000000000000   0.000000000000   0.000000000000
  0.000000000000   0.000000000000   0.000000000000
  0.000000000000   0.000000000000   0.000000000000
  0.000000000000   0.000000000000   0.000000000000
  0.001480983947  -0.002212469970   0.001756984889
  0.001948155839  -0.000565229027   0.001486962684
  0.002725501628   0.006901999549   0.003504525949
 -0.116968715534   0.347469138809  -0.126142408942
 -0.001451222548  -0.003645715468  -0.001751056714
  0.001282190395  -0.000380319569   0.000288248940
  0.001085001598   0.000839663882  -0.000009889893
  0.000474759911  -0.000511446515   0.000695941191
  0.001210348727  -0.000151763396   0.000934835671
 -0.003673846087   0.006392665524  -0.003304686136
  0.032729899756   0.005633598943   0.033967138853
 -0.023362858564   0.165592718895  -0.022725573167
  0.010673673682  -0.999886962075   0.017196895564
  0.119283531649   0.413143696032   0.124473612177
 -0.020619341251   0.080565644423  -0.020933011689
 -0.005771112243   0.000238078178  -0.003851738642
  0.020453878865   0.022014184358   0.024922284076
 -0.026021663381  -0.040199427991  -0.029764941820
  0.000000000000   0.000000000000   0.000000000000
  0.000000000000   0.000000000000   0.000000000000
  0.000000000000   0.000000000000   0.000000000000
  0.000000000000   0.000000000000   0.000000000000
  0.000000000000   0.000000000000   0.000000000000
  0.000000000000   0.000000000000   0.000000000000
  0.000000000000   0.000000000000   0.000000000000
  0.000000000000   0.000000000000   0.000000000000
  0.000000000000   0.000000000000   0.000000000000
  0.000000000000   0.000000000000   0.000000000000
  0.000000000000   0.000000000000   0.000000000000
  0.000000000000   0.000000000000   0.000000000000
  0.000000000000   0.000000000000   0.000000000000
  0.000000000000   0.000000000000   0.000000000000
  0.000000000000   0.000000000000   0.000000000000
  0.000000000000   0.000000000000   0.000000000000
  0.000000000000   0.000000000000   0.000000000000
  0.000000000000   0.000000000000   0.000000000000
  0.000000000000   0.000000000000   0.000000000000
  0.000000000000   0.000000000000   0.000000000000
  0.000000000000   0.000000000000   0.000000000000
  0.000000000000   0.000000000000   0.000000000000
  0.000000000000   0.000000000000   0.000000000000
  0.000000000000   0.000000000000   0.000000000000
  0.000000000000   0.000000000000   0.000000000000
  0.000000000000   0.000000000000   0.000000000000
  0.000000000000   0.000000000000   0.000000000000
  0.000000000000   0.000000000000   0.000000000000
  0.000000000000   0.000000000000   0.000000000000
  0.000000000000   0.000000000000   0.000000000000
  0.000000000000   0.000000000000   0.000000000000
  0.000000000000   0.000000000000   0.000000000000
  0.000000000000   0.000000000000   0.000000000000
  0.000000000000   0.000000000000   0.000000000000
  0.000000000000   0.000000000000   0.000000000000
  0.000000000000   0.000000000000   0.000000000000
  0.000000000000   0.000000000000   0.000000000000
  0.000000000000   0.000000000000   0.000000000000
  0.000000000000   0.000000000000   0.000000000000
  0.000000000000   0.000000000000   0.000000000000
  0.000000000000   0.000000000000   0.000000000000
  0.000000000000   0.000000000000   0.000000000000
  0.000000000000   0.000000000000   0.000000000000
  0.000000000000   0.000000000000   0.000000000000
  0.000000000000   0.000000000000   0.000000000000
  0.000000000000   0.000000000000   0.000000000000
  0.000000000000   0.000000000000   0.000000000000
  0.000000000000   0.000000000000   0.000000000000
  0.000000000000   0.000000000000   0.000000000000
  0.000000000000   0.000000000000   0.000000000000
  0.000000000000   0.000000000000   0.000000000000
  0.000000000000   0.000000000000   0.000000000000
  0.000000000000   0.000000000000   0.000000000000
  0.000000000000   0.000000000000   0.000000000000
  0.000000000000   0.000000000000   0.000000000000
  0.000000000000   0.000000000000   0.000000000000
  0.000000000000   0.000000000000   0.000000000000
  0.000000000000   0.000000000000   0.000000000000
  0.000000000000   0.000000000000   0.000000000000
  0.000000000000   0.000000000000   0.000000000000
  0.000000000000   0.000000000000   0.000000000000
  0.000000000000   0.000000000000   0.000000000000
  0.000000000000   0.000000000000   0.000000000000
  0.000000000000   0.000000000000   0.000000000000
  0.000000000000   0.000000000000   0.000000000000
  0.000000000000   0.000000000000   0.000000000000
  0.000000000000   0.000000000000   0.000000000000
  0.000000000000   0.000000000000   0.000000000000
  0.000000000000   0.000000000000   0.000000000000
  0.000000000000   0.000000000000   0.000000000000
  0.000000000000   0.000000000000   0.000000000000
  0.000000000000   0.000000000000   0.000000000000
  0.000000000000   0.000000000000   0.000000000000
  0.000000000000   0.000000000000   0.000000000000
  0.000000000000   0.000000000000   0.000000000000
  0.000000000000   0.000000000000   0.000000000000
  0.000000000000   0.000000000000   0.000000000000
  0.000000000000   0.000000000000   0.000000000000
  0.000000000000   0.000000000000   0.000000000000
  0.000000000000   0.000000000000   0.000000000000
  0.000000000000   0.000000000000   0.000000000000
  0.000000000000   0.000000000000   0.000000000000
  0.000000000000   0.000000000000   0.000000000000
  0.000000000000   0.000000000000   0.000000000000
  0.000000000000   0.000000000000   0.000000000000
  0.000000000000   0.000000000000   0.000000000000
  0.000000000000   0.000000000000   0.000000000000
  0.000000000000   0.000000000000   0.000000000000
  0.000000000000   0.000000000000   0.000000000000
  0.000000000000   0.000000000000   0.000000000000
  0.000000000000   0.000000000000   0.000000000000
  0.000000000000   0.000000000000   0.000000000000
  0.000000000000   0.000000000000   0.000000000000
  0.000000000000   0.000000000000   0.000000000000
  0.000000000000   0.000000000000   0.000000000000
  0.000000000000   0.000000000000   0.000000000000
  0.000000000000   0.000000000000   0.000000000000
  0.000000000000   0.000000000000   0.000000000000
  0.000000000000   0.000000000000   0.000000000000
  0.000000000000   0.000000000000   0.000000000000
  0.000000000000   0.000000000000   0.000000000000
  0.000000000000   0.000000000000   0.000000000000
  0.000000000000   0.000000000000   0.000000000000
  0.000000000000   0.000000000000   0.000000000000
  0.000000000000   0.000000000000   0.000000000000
  0.000000000000   0.000000000000   0.000000000000
  0.000000000000   0.000000000000   0.000000000000
  0.000000000000   0.000000000000   0.000000000000
  0.000000000000   0.000000000000   0.000000000000
  0.000000000000   0.000000000000   0.000000000000
  0.000000000000   0.000000000000   0.000000000000
  0.000000000000   0.000000000000   0.000000000000
  0.000000000000   0.000000000000   0.000000000000
  0.000000000000   0.000000000000   0.000000000000
  0.000000000000   0.000000000000   0.000000000000
  0.000000000000   0.000000000000   0.000000000000
  0.000000000000   0.000000000000   0.000000000000
  0.000000000000   0.000000000000   0.000000000000
  0.000000000000   0.000000000000   0.000000000000
  0.000000000000   0.000000000000   0.000000000000
  0.000000000000   0.000000000000   0.000000000000
  0.000000000000   0.000000000000   0.000000000000
  0.000000000000   0.000000000000   0.000000000000
  0.000000000000   0.000000000000   0.000000000000
  0.000000000000   0.000000000000   0.000000000000
  0.000000000000   0.000000000000   0.000000000000
  0.000000000000   0.000000000000   0.000000000000
  0.000000000000   0.000000000000   0.000000000000
  0.000000000000   0.000000000000   0.000000000000
  0.000000000000   0.000000000000   0.000000000000
  0.000000000000   0.000000000000   0.000000000000
  0.000000000000   0.000000000000   0.000000000000
  0.000000000000   0.000000000000   0.000000000000
  0.000000000000   0.000000000000   0.000000000000
  0.000000000000   0.000000000000   0.000000000000
  0.000000000000   0.000000000000   0.000000000000
  0.000000000000   0.000000000000   0.000000000000
  0.000000000000   0.000000000000   0.000000000000
  0.000000000000   0.000000000000   0.000000000000
  0.000000000000   0.000000000000   0.000000000000
  0.000000000000   0.000000000000   0.000000000000
  0.000000000000   0.000000000000   0.000000000000
  0.000000000000   0.000000000000   0.000000000000
  0.000000000000   0.000000000000   0.000000000000
  0.000000000000   0.000000000000   0.000000000000
  0.000000000000   0.000000000000   0.000000000000
  0.000000000000   0.000000000000   0.000000000000
  0.000000000000   0.000000000000   0.000000000000
  0.000000000000   0.000000000000   0.000000000000
  0.000000000000   0.000000000000   0.000000000000
  0.000000000000   0.000000000000   0.000000000000
  0.000000000000   0.000000000000   0.000000000000
  0.000000000000   0.000000000000   0.000000000000
  0.000000000000   0.000000000000   0.000000000000
  0.000000000000   0.000000000000   0.000000000000
  0.000000000000   0.000000000000   0.000000000000
  0.000000000000   0.000000000000   0.000000000000
  0.000000000000   0.000000000000   0.000000000000
  0.000000000000   0.000000000000   0.000000000000
  0.000000000000   0.000000000000   0.000000000000
  0.000000000000   0.000000000000   0.000000000000
  0.000000000000   0.000000000000   0.000000000000
  0.000000000000   0.000000000000   0.000000000000
  0.000000000000   0.000000000000   0.000000000000
  0.000000000000   0.000000000000   0.000000000000
  0.000000000000   0.000000000000   0.000000000000
  0.000000000000   0.000000000000   0.000000000000
  0.000000000000   0.000000000000   0.000000000000
  0.000000000000   0.000000000000   0.000000000000
  0.000000000000   0.000000000000   0.000000000000
  0.000000000000   0.000000000000   0.000000000000
  0.000000000000   0.000000000000   0.000000000000
  0.000000000000   0.000000000000   0.000000000000
  0.000000000000   0.000000000000   0.000000000000
  0.000000000000   0.000000000000   0.000000000000
  0.000000000000   0.000000000000   0.000000000000
  0.000000000000   0.000000000000   0.000000000000
  0.000000000000   0.000000000000   0.000000000000
  0.000000000000   0.000000000000   0.000000000000
  0.000000000000   0.000000000000   0.000000000000
  0.000000000000   0.000000000000   0.000000000000
  0.000000000000   0.000000000000   0.000000000000
  0.000000000000   0.000000000000   0.000000000000
  0.000000000000   0.000000000000   0.000000000000
  0.000000000000   0.000000000000   0.000000000000
  0.000000000000   0.000000000000   0.000000000000
  0.000000000000   0.000000000000   0.000000000000
  0.000000000000   0.000000000000   0.000000000000
  0.000000000000   0.000000000000   0.000000000000
  0.000000000000   0.000000000000   0.000000000000
  0.000000000000   0.000000000000   0.000000000000
  0.000000000000   0.000000000000   0.000000000000
  110    3  0.0000  0.0000  0.0150
  0.000000000000   0.000000000000   0.000000000000
  0.000000000000   0.000000000000   0.000000000000
  0.000000000000   0.000000000000   0.000000000000
  0.000000000000   0.000000000000   0.000000000000
  0.000000000000   0.000000000000   0.000000000000
  0.000000000000   0.000000000000   0.000000000000
  0.000000000000   0.000000000000   0.000000000000
  0.000000000000   0.000000000000   0.000000000000
  0.000000000000   0.000000000000   0.000000000000
  0.000000000000   0.000000000000   0.000000000000
  0.000000000000   0.000000000000   0.000000000000
  0.000000000000   0.000000000000   0.000000000000
  0.000000000000   0.000000000000   0.000000000000
  0.000000000000   0.000000000000   0.000000000000
  0.000000000000   0.000000000000   0.000000000000
  0.000000000000   0.000000000000   0.000000000000
  0.000000000000   0.000000000000   0.000000000000
  0.000000000000   0.000000000000   0.000000000000
  0.000000000000   0.000000000000   0.000000000000
  0.000000000000   0.000000000000   0.000000000000
  0.000000000000   0.000000000000   0.000000000000
  0.000000000000   0.000000000000   0.000000000000
  0.000000000000   0.000000000000   0.000000000000
  0.000000000000   0.000000000000   0.000000000000
  0.000000000000   0.000000000000   0.000000000000
  0.000000000000   0.000000000000   0.000000000000
  0.000000000000   0.000000000000   0.000000000000
  0.000000000000   0.000000000000   0.000000000000
  0.000000000000   0.000000000000   0.000000000000
  0.000000000000   0.000000000000   0.000000000000
  0.000000000000   0.000000000000   0.000000000000
  0.000000000000   0.000000000000   0.000000000000
  0.000000000000   0.000000000000   0.000000000000
  0.000000000000   0.000000000000   0.000000000000
  0.000000000000   0.000000000000   0.000000000000
  0.000000000000   0.000000000000   0.000000000000
  0.000000000000   0.000000000000   0.000000000000
  0.000000000000   0.000000000000   0.000000000000
  0.000000000000   0.000000000000   0.000000000000
  0.000000000000   0.000000000000   0.000000000000
  0.000000000000   0.000000000000   0.000000000000
  0.000000000000   0.000000000000   0.000000000000
  0.000000000000   0.000000000000   0.000000000000
  0.000000000000   0.000000000000   0.000000000000
  0.000000000000   0.000000000000   0.000000000000
  0.000000000000   0.000000000000   0.000000000000
  0.000000000000   0.000000000000   0.000000000000
  0.000000000000   0.000000000000   0.000000000000
  0.000000000000   0.000000000000   0.000000000000
  0.000000000000   0.000000000000   0.000000000000
  0.000000000000   0.000000000000   0.000000000000
  0.000000000000   0.000000000000   0.000000000000
  0.000000000000   0.000000000000   0.000000000000
  0.000000000000   0.000000000000   0.000000000000
  0.000000000000   0.000000000000   0.000000000000
  0.000000000000   0.000000000000   0.000000000000
  0.000000000000   0.000000000000   0.000000000000
  0.000000000000   0.000000000000   0.000000000000
  0.000000000000   0.000000000000   0.000000000000
  0.000000000000   0.000000000000   0.000000000000
  0.000000000000   0.000000000000   0.000000000000
  0.000000000000   0.000000000000   0.000000000000
  0.000000000000   0.000000000000   0.000000000000
  0.000000000000   0.000000000000   0.000000000000
  0.000000000000   0.000000000000   0.000000000000
  0.000000000000   0.000000000000   0.000000000000
  0.000000000000   0.000000000000   0.000000000000
  0.000000000000   0.000000000000   0.000000000000
  0.000000000000   0.000000000000   0.000000000000
  0.000000000000   0.000000000000   0.000000000000
  0.000000000000   0.000000000000   0.000000000000
  0.000000000000   0.000000000000   0.000000000000
  0.000000000000   0.000000000000   0.000000000000
  0.000000000000   0.000000000000   0.000000000000
  0.000000000000   0.000000000000   0.000000000000
  0.000000000000   0.000000000000   0.000000000000
  0.000000000000   0.000000000000   0.000000000000
  0.000000000000   0.000000000000   0.000000000000
  0.000000000000   0.000000000000   0.000000000000
  0.000000000000   0.000000000000   0.000000000000
  0.000000000000   0.000000000000   0.000000000000
  0.000000000000   0.000000000000   0.000000000000
  0.000000000000   0.000000000000   0.000000000000
  0.000000000000   0.000000000000   0.000000000000
  0.000000000000   0.000000000000   0.000000000000
  0.000000000000   0.000000000000   0.000000000000
  0.000000000000   0.000000000000   0.000000000000
  0.000000000000   0.000000000000   0.000000000000
  0.000000000000   0.000000000000   0.000000000000
  0.000000000000   0.000000000000   0.000000000000
  0.000000000000   0.000000000000   0.000000000000
  0.000000000000   0.000000000000   0.000000000000
  0.000000000000   0.000000000000   0.000000000000
  0.000000000000   0.000000000000   0.000000000000
  0.000000000000   0.000000000000   0.000000000000
  0.000000000000   0.000000000000   0.000000000000
  0.000000000000   0.000000000000   0.000000000000
 -0.000119797219  -0.001750366501  -0.000602426768
  0.001193176336  -0.001851645729  -0.001162392317
  0.000300547181   0.001139331932  -0.000886142148
  0.067053133737  -0.125646489387   0.125007817115
  0.009987510379   0.029321915601   0.005341857405
  0.001412930785   0.001062004717   0.000775806011
 -0.000066969325  -0.001874883980  -0.001007645193
 -0.000142185829  -0.000355627224  -0.000071928124
 -0.000183518558   0.000927877443   0.001409409799
  0.004300803699  -0.002687357114  -0.004417216530
  0.016692157930   0.009770586283   0.012680150539
  0.173992248445   0.035839580707   0.277992332453
 -0.372250167509   0.015197128417  -0.585937273454
  0.079799858758   0.064401347755   0.166839889485
 -0.037000582484   0.017842675838  -0.045777542786
  0.005538024169  -0.004612853028  -0.002125988125
  0.023546601541   0.025363597664   0.032291537088
  0.029055813193  -0.063569078850   0.019142140397
  0.000000000000   0.000000000000   0.000000000000
  0.000000000000   0.000000000000   0.000000000000
  0.000000000000   0.000000000000   0.000000000000
  0.000000000000   0.000000000000   0.000000000000
  0.000000000000   0.000000000000   0.000000000000
  0.000000000000   0.000000000000   0.000000000000
  0.000000000000   0.000000000000   0.000000000000
  0.000000000000   0.000000000000   0.000000000000
  0.000000000000   0.000000000000   0.000000000000
  0.000000000000   0.000000000000   0.000000000000
  0.000000000000   0.000000000000   0.000000000000
  0.000000000000   0.000000000000   0.000000000000
  0.000000000000   0.000000000000   0.000000000000
  0.000000000000   0.000000000000   0.000000000000
  0.000000000000   0.000000000000   0.000000000000
  0.000000000000   0.000000000000   0.000000000000
  0.000000000000   0.000000000000   0.000000000000
  0.000000000000   0.000000000000   0.000000000000
  0.000000000000   0.000000000000   0.000000000000
  0.000000000000   0.000000000000   0.000000000000
  0.000000000000   0.000000000000   0.000000000000
  0.000000000000   0.000000000000   0.000000000000
  0.000000000000   0.000000000000   0.000000000000
  0.000000000000   0.000000000000   0.000000000000
  0.000000000000   0.000000000000   0.000000000000
  0.000000000000   0.000000000000   0.000000000000
  0.000000000000   0.000000000000   0.000000000000
  0.000000000000   0.000000000000   0.000000000000
  0.000000000000   0.000000000000   0.000000000000
  0.000000000000   0.000000000000   0.000000000000
  0.000000000000   0.000000000000   0.000000000000
  0.000000000000   0.000000000000   0.000000000000
  0.000000000000   0.000000000000   0.000000000000
  0.000000000000   0.000000000000   0.000000000000
  0.000000000000   0.000000000000   0.000000000000
  0.000000000000   0.000000000000   0.000000000000
  0.000000000000   0.000000000000   0.000000000000
  0.000000000000   0.000000000000   0.000000000000
  0.000000000000   0.000000000000   0.000000000000
  0.000000000000   0.000000000000   0.000000000000
  0.000000000000   0.000000000000   0.000000000000
  0.000000000000   0.000000000000   0.000000000000
  0.000000000000   0.000000000000   0.000000000000
  0.000000000000   0.000000000000   0.000000000000
  0.000000000000   0.000000000000   0.000000000000
  0.000000000000   0.000000000000   0.000000000000
  0.000000000000   0.000000000000   0.000000000000
  0.000000000000   0.000000000000   0.000000000000
  0.000000000000   0.000000000000   0.000000000000
  0.000000000000   0.000000000000   0.000000000000
  0.000000000000   0.000000000000   0.000000000000
  0.000000000000   0.000000000000   0.000000000000
  0.000000000000   0.000000000000   0.000000000000
  0.000000000000   0.000000000000   0.000000000000
  0.000000000000   0.000000000000   0.000000000000
  0.000000000000   0.000000000000   0.000000000000
  0.000000000000   0.000000000000   0.000000000000
  0.000000000000   0.000000000000   0.000000000000
  0.000000000000   0.000000000000   0.000000000000
  0.000000000000   0.000000000000   0.000000000000
  0.000000000000   0.000000000000   0.000000000000
  0.000000000000   0.000000000000   0.000000000000
  0.000000000000   0.000000000000   0.000000000000
  0.000000000000   0.000000000000   0.000000000000
  0.000000000000   0.000000000000   0.000000000000
  0.000000000000   0.000000000000   0.000000000000
  0.000000000000   0.000000000000   0.000000000000
  0.000000000000   0.000000000000   0.000000000000
  0.000000000000   0.000000000000   0.000000000000
  0.000000000000   0.000000000000   0.000000000000
  0.000000000000   0.000000000000   0.000000000000
  0.000000000000   0.000000000000   0.000000000000
  0.000000000000   0.000000000000   0.000000000000
  0.000000000000   0.000000000000   0.000000000000
  0.000000000000   0.000000000000   0.000000000000
  0.000000000000   0.000000000000   0.000000000000
  0.000000000000   0.000000000000   0.000000000000
  0.000000000000   0.000000000000   0.000000000000
  0.000000000000   0.000000000000   0.000000000000
  0.000000000000   0.000000000000   0.000000000000
  0.000000000000   0.000000000000   0.000000000000
  0.000000000000   0.000000000000   0.000000000000
  0.000000000000   0.000000000000   0.000000000000
  0.000000000000   0.000000000000   0.000000000000
  0.000000000000   0.000000000000   0.000000000000
  0.000000000000   0.000000000000   0.000000000000
  0.000000000000   0.000000000000   0.000000000000
  0.000000000000   0.000000000000   0.000000000000
  0.000000000000   0.000000000000   0.000000000000
  0.000000000000   0.000000000000   0.000000000000
  0.000000000000   0.000000000000   0.000000000000
  0.000000000000   0.000000000000   0.000000000000
  0.000000000000   0.000000000000   0.000000000000
  0.000000000000   0.000000000000   0.000000000000
  0.000000000000   0.000000000000   0.000000000000
  0.000000000000   0.000000000000   0.000000000000
  0.000000000000   0.000000000000   0.000000000000
  0.000000000000   0.000000000000   0.000000000000
  0.000000000000   0.000000000000   0.000000000000
  0.000000000000   0.000000000000   0.000000000000
  0.000000000000   0.000000000000   0.000000000000
  0.000000000000   0.000000000000   0.000000000000
  0.000000000000   0.000000000000   0.000000000000
  0.000000000000   0.000000000000   0.000000000000
  0.000000000000   0.000000000000   0.000000000000
  0.000000000000   0.000000000000   0.000000000000
  0.000000000000   0.000000000000   0.000000000000
  0.000000000000   0.000000000000   0.000000000000
  0.000000000000   0.000000000000   0.000000000000
  0.000000000000   0.000000000000   0.000000000000
  0.000000000000   0.000000000000   0.000000000000
  0.000000000000   0.000000000000   0.000000000000
  0.000000000000   0.000000000000   0.000000000000
  0.000000000000   0.000000000000   0.000000000000
  0.000000000000   0.000000000000   0.000000000000
  0.000000000000   0.000000000000   0.000000000000
  0.000000000000   0.000000000000   0.000000000000
  0.000000000000   0.000000000000   0.000000000000
  0.000000000000   0.000000000000   0.000000000000
  0.000000000000   0.000000000000   0.000000000000
  0.000000000000   0.000000000000   0.000000000000
  0.000000000000   0.000000000000   0.000000000000
  0.000000000000   0.000000000000   0.000000000000
  0.000000000000   0.000000000000   0.000000000000
  0.000000000000   0.000000000000   0.000000000000
  0.000000000000   0.000000000000   0.000000000000
  0.000000000000   0.000000000000   0.000000000000
  0.000000000000   0.000000000000   0.000000000000
  0.000000000000   0.000000000000   0.000000000000
  0.000000000000   0.000000000000   0.000000000000
  0.000000000000   0.000000000000   0.000000000000
  0.000000000000   0.000000000000   0.000000000000
  0.000000000000   0.000000000000   0.000000000000
  0.000000000000   0.000000000000   0.000000000000
  0.000000000000   0.000000000000   0.000000000000
  0.000000000000   0.000000000000   0.000000000000
  0.000000000000   0.000000000000   0.000000000000
  0.000000000000   0.000000000000   0.000000000000
  0.000000000000   0.000000000000   0.000000000000
  0.000000000000   0.000000000000   0.000000000000
  0.000000000000   0.000000000000   0.000000000000
  0.000000000000   0.000000000000   0.000000000000
  0.000000000000   0.000000000000   0.000000000000
  0.000000000000   0.000000000000   0.000000000000
  0.000000000000   0.000000000000   0.000000000000
  0.000000000000   0.000000000000   0.000000000000
  0.000000000000   0.000000000000   0.000000000000
  0.000000000000   0.000000000000   0.000000000000
  0.000000000000   0.000000000000   0.000000000000
  0.000000000000   0.000000000000   0.000000000000
  0.000000000000   0.000000000000   0.000000000000
  0.000000000000   0.000000000000   0.000000000000
  0.000000000000   0.000000000000   0.000000000000
  0.000000000000   0.000000000000   0.000000000000
  0.000000000000   0.000000000000   0.000000000000
  0.000000000000   0.000000000000   0.000000000000
  0.000000000000   0.000000000000   0.000000000000
  0.000000000000   0.000000000000   0.000000000000
  0.000000000000   0.000000000000   0.000000000000
  0.000000000000   0.000000000000   0.000000000000
  0.000000000000   0.000000000000   0.000000000000
  0.000000000000   0.000000000000   0.000000000000
  0.000000000000   0.000000000000   0.000000000000
  0.000000000000   0.000000000000   0.000000000000
  0.000000000000   0.000000000000   0.000000000000
  0.000000000000   0.000000000000   0.000000000000
  0.000000000000   0.000000000000   0.000000000000
  0.000000000000   0.000000000000   0.000000000000
  0.000000000000   0.000000000000   0.000000000000
  0.000000000000   0.000000000000   0.000000000000
  0.000000000000   0.000000000000   0.000000000000
  0.000000000000   0.000000000000   0.000000000000
  0.000000000000   0.000000000000   0.000000000000
  0.000000000000   0.000000000000   0.000000000000
  0.000000000000   0.000000000000   0.000000000000
  0.000000000000   0.000000000000   0.000000000000
  0.000000000000   0.000000000000   0.000000000000
  0.000000000000   0.000000000000   0.000000000000
  0.000000000000   0.000000000000   0.000000000000
  0.000000000000   0.000000000000   0.000000000000
  0.000000000000   0.000000000000   0.000000000000
  0.000000000000   0.000000000000   0.000000000000
  0.000000000000   0.000000000000   0.000000000000
  0.000000000000   0.000000000000   0.000000000000
  0.000000000000   0.000000000000   0.000000000000
  0.000000000000   0.000000000000   0.000000000000
  0.000000000000   0.000000000000   0.000000000000
  0.000000000000   0.000000000000   0.000000000000
  0.000000000000   0.000000000000   0.000000000000
  0.000000000000   0.000000000000   0.000000000000
  0.000000000000   0.000000000000   0.000000000000
  0.000000000000   0.000000000000   0.000000000000
  111    1  0.0150  0.0000  0.0000
  0.000000000000   0.000000000000   0.000000000000
  0.000000000000   0.000000000000   0.000000000000
  0.000000000000   0.000000000000   0.000000000000
  0.000000000000   0.000000000000   0.000000000000
  0.000000000000   0.000000000000   0.000000000000
  0.000000000000   0.000000000000   0.000000000000
  0.000000000000   0.000000000000   0.000000000000
  0.000000000000   0.000000000000   0.000000000000
  0.000000000000   0.000000000000   0.000000000000
  0.000000000000   0.000000000000   0.000000000000
  0.000000000000   0.000000000000   0.000000000000
  0.000000000000   0.000000000000   0.000000000000
  0.000000000000   0.000000000000   0.000000000000
  0.000000000000   0.000000000000   0.000000000000
  0.000000000000   0.000000000000   0.000000000000
  0.000000000000   0.000000000000   0.000000000000
  0.000000000000   0.000000000000   0.000000000000
  0.000000000000   0.000000000000   0.000000000000
  0.000000000000   0.000000000000   0.000000000000
  0.000000000000   0.000000000000   0.000000000000
  0.000000000000   0.000000000000   0.000000000000
  0.000000000000   0.000000000000   0.000000000000
  0.000000000000   0.000000000000   0.000000000000
  0.000000000000   0.000000000000   0.000000000000
  0.000000000000   0.000000000000   0.000000000000
  0.000000000000   0.000000000000   0.000000000000
  0.000000000000   0.000000000000   0.000000000000
  0.000000000000   0.000000000000   0.000000000000
  0.000000000000   0.000000000000   0.000000000000
  0.000000000000   0.000000000000   0.000000000000
  0.000000000000   0.000000000000   0.000000000000
  0.000000000000   0.000000000000   0.000000000000
  0.000000000000   0.000000000000   0.000000000000
  0.000000000000   0.000000000000   0.000000000000
  0.000000000000   0.000000000000   0.000000000000
  0.000000000000   0.000000000000   0.000000000000
  0.000000000000   0.000000000000   0.000000000000
  0.000000000000   0.000000000000   0.000000000000
  0.000000000000   0.000000000000   0.000000000000
  0.000000000000   0.000000000000   0.000000000000
  0.000000000000   0.000000000000   0.000000000000
  0.000000000000   0.000000000000   0.000000000000
  0.000000000000   0.000000000000   0.000000000000
  0.000000000000   0.000000000000   0.000000000000
  0.000000000000   0.000000000000   0.000000000000
  0.000000000000   0.000000000000   0.000000000000
  0.000000000000   0.000000000000   0.000000000000
  0.000000000000   0.000000000000   0.000000000000
  0.000000000000   0.000000000000   0.000000000000
  0.000000000000   0.000000000000   0.000000000000
  0.000000000000   0.000000000000   0.000000000000
  0.000000000000   0.000000000000   0.000000000000
  0.000000000000   0.000000000000   0.000000000000
  0.000000000000   0.000000000000   0.000000000000
  0.000000000000   0.000000000000   0.000000000000
  0.000000000000   0.000000000000   0.000000000000
  0.000000000000   0.000000000000   0.000000000000
  0.000000000000   0.000000000000   0.000000000000
  0.000000000000   0.000000000000   0.000000000000
  0.000000000000   0.000000000000   0.000000000000
  0.000000000000   0.000000000000   0.000000000000
  0.000000000000   0.000000000000   0.000000000000
  0.000000000000   0.000000000000   0.000000000000
  0.000000000000   0.000000000000   0.000000000000
  0.000000000000   0.000000000000   0.000000000000
  0.000000000000   0.000000000000   0.000000000000
  0.000000000000   0.000000000000   0.000000000000
  0.000000000000   0.000000000000   0.000000000000
  0.000000000000   0.000000000000   0.000000000000
  0.000000000000   0.000000000000   0.000000000000
  0.000000000000   0.000000000000   0.000000000000
  0.000000000000   0.000000000000   0.000000000000
  0.000000000000   0.000000000000   0.000000000000
  0.000000000000   0.000000000000   0.000000000000
  0.000000000000   0.000000000000   0.000000000000
  0.000000000000   0.000000000000   0.000000000000
  0.000000000000   0.000000000000   0.000000000000
  0.000000000000   0.000000000000   0.000000000000
  0.000000000000   0.000000000000   0.000000000000
  0.000000000000   0.000000000000   0.000000000000
  0.000000000000   0.000000000000   0.000000000000
  0.000000000000   0.000000000000   0.000000000000
  0.000000000000   0.000000000000   0.000000000000
  0.000000000000   0.000000000000   0.000000000000
  0.000000000000   0.000000000000   0.000000000000
  0.000000000000   0.000000000000   0.000000000000
  0.000000000000   0.000000000000   0.000000000000
  0.000000000000   0.000000000000   0.000000000000
  0.000000000000   0.000000000000   0.000000000000
  0.000000000000   0.000000000000   0.000000000000
  0.000000000000   0.000000000000   0.000000000000
  0.000000000000   0.000000000000   0.000000000000
  0.000000000000   0.000000000000   0.000000000000
  0.000000000000   0.000000000000   0.000000000000
  0.000000000000   0.000000000000   0.000000000000
  0.000000000000   0.000000000000   0.000000000000
  0.000000000000   0.000000000000   0.000000000000
  0.000120125603  -0.000596951163  -0.000076290901
  0.000386119798   0.001091863444   0.000919060176
 -0.000193853870   0.000490015633   0.000600404974
 -0.009913580050  -0.016007235020  -0.004753795456
  0.248666484159   0.004008616213   0.207050248390
 -0.000219975946   0.000171137243   0.000132373470
  0.000389699645   0.003628500630   0.001943236985
 -0.000639314114   0.001412327678   0.000556703794
 -0.000507945963   0.001171059708   0.008474442326
  0.000330510739   0.000084464654  -0.000981806718
 -0.001514598676  -0.001879942924   0.006022561221
  0.010099080092   0.031725874393   0.020627598956
  0.159271024584   0.118992703560   0.078852368574
 -0.578258807852  -0.011976840535  -0.414947690482
  0.165229669691  -0.113216302780   0.074362409077
 -0.012094211656   0.013995723792  -0.006163525527
  0.015075489201  -0.028160850304   0.030047362763
  0.005425555614  -0.003143780631  -0.003913969952
  0.000000000000   0.000000000000   0.000000000000
  0.000000000000   0.000000000000   0.000000000000
  0.000000000000   0.000000000000   0.000000000000
  0.000000000000   0.000000000000   0.000000000000
  0.000000000000   0.000000000000   0.000000000000
  0.000000000000   0.000000000000   0.000000000000
  0.000000000000   0.000000000000   0.000000000000
  0.000000000000   0.000000000000   0.000000000000
  0.000000000000   0.000000000000   0.000000000000
  0.000000000000   0.000000000000   0.000000000000
  0.000000000000   0.000000000000   0.000000000000
  0.000000000000   0.000000000000   0.000000000000
  0.000000000000   0.000000000000   0.000000000000
  0.000000000000   0.000000000000   0.000000000000
  0.000000000000   0.000000000000   0.000000000000
  0.000000000000   0.000000000000   0.000000000000
  0.000000000000   0.000000000000   0.000000000000
  0.000000000000   0.000000000000   0.000000000000
  0.000000000000   0.000000000000   0.000000000000
  0.000000000000   0.000000000000   0.000000000000
  0.000000000000   0.000000000000   0.000000000000
  0.000000000000   0.000000000000   0.000000000000
  0.000000000000   0.000000000000   0.000000000000
  0.000000000000   0.000000000000   0.000000000000
  0.000000000000   0.000000000000   0.000000000000
  0.000000000000   0.000000000000   0.000000000000
  0.000000000000   0.000000000000   0.000000000000
  0.000000000000   0.000000000000   0.000000000000
  0.000000000000   0.000000000000   0.000000000000
  0.000000000000   0.000000000000   0.000000000000
  0.000000000000   0.000000000000   0.000000000000
  0.000000000000   0.000000000000   0.000000000000
  0.000000000000   0.000000000000   0.000000000000
  0.000000000000   0.000000000000   0.000000000000
  0.000000000000   0.000000000000   0.000000000000
  0.000000000000   0.000000000000   0.000000000000
  0.000000000000   0.000000000000   0.000000000000
  0.000000000000   0.000000000000   0.000000000000
  0.000000000000   0.000000000000   0.000000000000
  0.000000000000   0.000000000000   0.000000000000
  0.000000000000   0.000000000000   0.000000000000
  0.000000000000   0.000000000000   0.000000000000
  0.000000000000   0.000000000000   0.000000000000
  0.000000000000   0.000000000000   0.000000000000
  0.000000000000   0.000000000000   0.000000000000
  0.000000000000   0.000000000000   0.000000000000
  0.000000000000   0.000000000000   0.000000000000
  0.000000000000   0.000000000000   0.000000000000
  0.000000000000   0.000000000000   0.000000000000
  0.000000000000   0.000000000000   0.000000000000
  0.000000000000   0.000000000000   0.000000000000
  0.000000000000   0.000000000000   0.000000000000
  0.000000000000   0.000000000000   0.000000000000
  0.000000000000   0.000000000000   0.000000000000
  0.000000000000   0.000000000000   0.000000000000
  0.000000000000   0.000000000000   0.000000000000
  0.000000000000   0.000000000000   0.000000000000
  0.000000000000   0.000000000000   0.000000000000
  0.000000000000   0.000000000000   0.000000000000
  0.000000000000   0.000000000000   0.000000000000
  0.000000000000   0.000000000000   0.000000000000
  0.000000000000   0.000000000000   0.000000000000
  0.000000000000   0.000000000000   0.000000000000
  0.000000000000   0.000000000000   0.000000000000
  0.000000000000   0.000000000000   0.000000000000
  0.000000000000   0.000000000000   0.000000000000
  0.000000000000   0.000000000000   0.000000000000
  0.000000000000   0.000000000000   0.000000000000
  0.000000000000   0.000000000000   0.000000000000
  0.000000000000   0.000000000000   0.000000000000
  0.000000000000   0.000000000000   0.000000000000
  0.000000000000   0.000000000000   0.000000000000
  0.000000000000   0.000000000000   0.000000000000
  0.000000000000   0.000000000000   0.000000000000
  0.000000000000   0.000000000000   0.000000000000
  0.000000000000   0.000000000000   0.000000000000
  0.000000000000   0.000000000000   0.000000000000
  0.000000000000   0.000000000000   0.000000000000
  0.000000000000   0.000000000000   0.000000000000
  0.000000000000   0.000000000000   0.000000000000
  0.000000000000   0.000000000000   0.000000000000
  0.000000000000   0.000000000000   0.000000000000
  0.000000000000   0.000000000000   0.000000000000
  0.000000000000   0.000000000000   0.000000000000
  0.000000000000   0.000000000000   0.000000000000
  0.000000000000   0.000000000000   0.000000000000
  0.000000000000   0.000000000000   0.000000000000
  0.000000000000   0.000000000000   0.000000000000
  0.000000000000   0.000000000000   0.000000000000
  0.000000000000   0.000000000000   0.000000000000
  0.000000000000   0.000000000000   0.000000000000
  0.000000000000   0.000000000000   0.000000000000
  0.000000000000   0.000000000000   0.000000000000
  0.000000000000   0.000000000000   0.000000000000
  0.000000000000   0.000000000000   0.000000000000
  0.000000000000   0.000000000000   0.000000000000
  0.000000000000   0.000000000000   0.000000000000
  0.000000000000   0.000000000000   0.000000000000
  0.000000000000   0.000000000000   0.000000000000
  0.000000000000   0.000000000000   0.000000000000
  0.000000000000   0.000000000000   0.000000000000
  0.000000000000   0.000000000000   0.000000000000
  0.000000000000   0.000000000000   0.000000000000
  0.000000000000   0.000000000000   0.000000000000
  0.000000000000   0.000000000000   0.000000000000
  0.000000000000   0.000000000000   0.000000000000
  0.000000000000   0.000000000000   0.000000000000
  0.000000000000   0.000000000000   0.000000000000
  0.000000000000   0.000000000000   0.000000000000
  0.000000000000   0.000000000000   0.000000000000
  0.000000000000   0.000000000000   0.000000000000
  0.000000000000   0.000000000000   0.000000000000
  0.000000000000   0.000000000000   0.000000000000
  0.000000000000   0.000000000000   0.000000000000
  0.000000000000   0.000000000000   0.000000000000
  0.000000000000   0.000000000000   0.000000000000
  0.000000000000   0.000000000000   0.000000000000
  0.000000000000   0.000000000000   0.000000000000
  0.000000000000   0.000000000000   0.000000000000
  0.000000000000   0.000000000000   0.000000000000
  0.000000000000   0.000000000000   0.000000000000
  0.000000000000   0.000000000000   0.000000000000
  0.000000000000   0.000000000000   0.000000000000
  0.000000000000   0.000000000000   0.000000000000
  0.000000000000   0.000000000000   0.000000000000
  0.000000000000   0.000000000000   0.000000000000
  0.000000000000   0.000000000000   0.000000000000
  0.000000000000   0.000000000000   0.000000000000
  0.000000000000   0.000000000000   0.000000000000
  0.000000000000   0.000000000000   0.000000000000
  0.000000000000   0.000000000000   0.000000000000
  0.000000000000   0.000000000000   0.000000000000
  0.000000000000   0.000000000000   0.000000000000
  0.000000000000   0.000000000000   0.000000000000
  0.000000000000   0.000000000000   0.000000000000
  0.000000000000   0.000000000000   0.000000000000
  0.000000000000   0.000000000000   0.000000000000
  0.000000000000   0.000000000000   0.000000000000
  0.000000000000   0.000000000000   0.000000000000
  0.000000000000   0.000000000000   0.000000000000
  0.000000000000   0.000000000000   0.000000000000
  0.000000000000   0.000000000000   0.000000000000
  0.000000000000   0.000000000000   0.000000000000
  0.000000000000   0.000000000000   0.000000000000
  0.000000000000   0.000000000000   0.000000000000
  0.000000000000   0.000000000000   0.000000000000
  0.000000000000   0.000000000000   0.000000000000
  0.000000000000   0.000000000000   0.000000000000
  0.000000000000   0.000000000000   0.000000000000
  0.000000000000   0.000000000000   0.000000000000
  0.000000000000   0.000000000000   0.000000000000
  0.000000000000   0.000000000000   0.000000000000
  0.000000000000   0.000000000000   0.000000000000
  0.000000000000   0.000000000000   0.000000000000
  0.000000000000   0.000000000000   0.000000000000
  0.000000000000   0.000000000000   0.000000000000
  0.000000000000   0.000000000000   0.000000000000
  0.000000000000   0.000000000000   0.000000000000
  0.000000000000   0.000000000000   0.000000000000
  0.000000000000   0.000000000000   0.000000000000
  0.000000000000   0.000000000000   0.000000000000
  0.000000000000   0.000000000000   0.000000000000
  0.000000000000   0.000000000000   0.000000000000
  0.000000000000   0.000000000000   0.000000000000
  0.000000000000   0.000000000000   0.000000000000
  0.000000000000   0.000000000000   0.000000000000
  0.000000000000   0.000000000000   0.000000000000
  0.000000000000   0.000000000000   0.000000000000
  0.000000000000   0.000000000000   0.000000000000
  0.000000000000   0.000000000000   0.000000000000
  0.000000000000   0.000000000000   0.000000000000
  0.000000000000   0.000000000000   0.000000000000
  0.000000000000   0.000000000000   0.000000000000
  0.000000000000   0.000000000000   0.000000000000
  0.000000000000   0.000000000000   0.000000000000
  0.000000000000   0.000000000000   0.000000000000
  0.000000000000   0.000000000000   0.000000000000
  0.000000000000   0.000000000000   0.000000000000
  0.000000000000   0.000000000000   0.000000000000
  0.000000000000   0.000000000000   0.000000000000
  0.000000000000   0.000000000000   0.000000000000
  0.000000000000   0.000000000000   0.000000000000
  0.000000000000   0.000000000000   0.000000000000
  0.000000000000   0.000000000000   0.000000000000
  0.000000000000   0.000000000000   0.000000000000
  0.000000000000   0.000000000000   0.000000000000
  0.000000000000   0.000000000000   0.000000000000
  0.000000000000   0.000000000000   0.000000000000
  0.000000000000   0.000000000000   0.000000000000
  0.000000000000   0.000000000000   0.000000000000
  0.000000000000   0.000000000000   0.000000000000
  0.000000000000   0.000000000000   0.000000000000
  111    2  0.0000  0.0150  0.0000
  0.000000000000   0.000000000000   0.000000000000
  0.000000000000   0.000000000000   0.000000000000
  0.000000000000   0.000000000000   0.000000000000
  0.000000000000   0.000000000000   0.000000000000
  0.000000000000   0.000000000000   0.000000000000
  0.000000000000   0.000000000000   0.000000000000
  0.000000000000   0.000000000000   0.000000000000
  0.000000000000   0.000000000000   0.000000000000
  0.000000000000   0.000000000000   0.000000000000
  0.000000000000   0.000000000000   0.000000000000
  0.000000000000   0.000000000000   0.000000000000
  0.000000000000   0.000000000000   0.000000000000
  0.000000000000   0.000000000000   0.000000000000
  0.000000000000   0.000000000000   0.000000000000
  0.000000000000   0.000000000000   0.000000000000
  0.000000000000   0.000000000000   0.000000000000
  0.000000000000   0.000000000000   0.000000000000
  0.000000000000   0.000000000000   0.000000000000
  0.000000000000   0.000000000000   0.000000000000
  0.000000000000   0.000000000000   0.000000000000
  0.000000000000   0.000000000000   0.000000000000
  0.000000000000   0.000000000000   0.000000000000
  0.000000000000   0.000000000000   0.000000000000
  0.000000000000   0.000000000000   0.000000000000
  0.000000000000   0.000000000000   0.000000000000
  0.000000000000   0.000000000000   0.000000000000
  0.000000000000   0.000000000000   0.000000000000
  0.000000000000   0.000000000000   0.000000000000
  0.000000000000   0.000000000000   0.000000000000
  0.000000000000   0.000000000000   0.000000000000
  0.000000000000   0.000000000000   0.000000000000
  0.000000000000   0.000000000000   0.000000000000
  0.000000000000   0.000000000000   0.000000000000
  0.000000000000   0.000000000000   0.000000000000
  0.000000000000   0.000000000000   0.000000000000
  0.000000000000   0.000000000000   0.000000000000
  0.000000000000   0.000000000000   0.000000000000
  0.000000000000   0.000000000000   0.000000000000
  0.000000000000   0.000000000000   0.000000000000
  0.000000000000   0.000000000000   0.000000000000
  0.000000000000   0.000000000000   0.000000000000
  0.000000000000   0.000000000000   0.000000000000
  0.000000000000   0.000000000000   0.000000000000
  0.000000000000   0.000000000000   0.000000000000
  0.000000000000   0.000000000000   0.000000000000
  0.000000000000   0.000000000000   0.000000000000
  0.000000000000   0.000000000000   0.000000000000
  0.000000000000   0.000000000000   0.000000000000
  0.000000000000   0.000000000000   0.000000000000
  0.000000000000   0.000000000000   0.000000000000
  0.000000000000   0.000000000000   0.000000000000
  0.000000000000   0.000000000000   0.000000000000
  0.000000000000   0.000000000000   0.000000000000
  0.000000000000   0.000000000000   0.000000000000
  0.000000000000   0.000000000000   0.000000000000
  0.000000000000   0.000000000000   0.000000000000
  0.000000000000   0.000000000000   0.000000000000
  0.000000000000   0.000000000000   0.000000000000
  0.000000000000   0.000000000000   0.000000000000
  0.000000000000   0.000000000000   0.000000000000
  0.000000000000   0.000000000000   0.000000000000
  0.000000000000   0.000000000000   0.000000000000
  0.000000000000   0.000000000000   0.000000000000
  0.000000000000   0.000000000000   0.000000000000
  0.000000000000   0.000000000000   0.000000000000
  0.000000000000   0.000000000000   0.000000000000
  0.000000000000   0.000000000000   0.000000000000
  0.000000000000   0.000000000000   0.000000000000
  0.000000000000   0.000000000000   0.000000000000
  0.000000000000   0.000000000000   0.000000000000
  0.000000000000   0.000000000000   0.000000000000
  0.000000000000   0.000000000000   0.000000000000
  0.000000000000   0.000000000000   0.000000000000
  0.000000000000   0.000000000000   0.000000000000
  0.000000000000   0.000000000000   0.000000000000
  0.000000000000   0.000000000000   0.000000000000
  0.000000000000   0.000000000000   0.000000000000
  0.000000000000   0.000000000000   0.000000000000
  0.000000000000   0.000000000000   0.000000000000
  0.000000000000   0.000000000000   0.000000000000
  0.000000000000   0.000000000000   0.000000000000
  0.000000000000   0.000000000000   0.000000000000
  0.000000000000   0.000000000000   0.000000000000
  0.000000000000   0.000000000000   0.000000000000
  0.000000000000   0.000000000000   0.000000000000
  0.000000000000   0.000000000000   0.000000000000
  0.000000000000   0.000000000000   0.000000000000
  0.000000000000   0.000000000000   0.000000000000
  0.000000000000   0.000000000000   0.000000000000
  0.000000000000   0.000000000000   0.000000000000
  0.000000000000   0.000000000000   0.000000000000
  0.000000000000   0.000000000000   0.000000000000
  0.000000000000   0.000000000000   0.000000000000
  0.000000000000   0.000000000000   0.000000000000
  0.000000000000   0.000000000000   0.000000000000
  0.000000000000   0.000000000000   0.000000000000
  0.000000000000   0.000000000000   0.000000000000
 -0.000510148177   0.000613250167  -0.000795579157
 -0.001569652000   0.001419620189  -0.000429137095
 -0.001211821185  -0.000764160827   0.000201316262
  0.013320308506   0.027474701222   0.014306877141
  0.003569408942   0.078969010997   0.003544011536
 -0.003079566709   0.000465881627  -0.001264001072
  0.002043298105   0.005443813476   0.002194729900
 -0.002217076016  -0.001451213925  -0.002901361062
  0.001729682991  -0.002642989608   0.000675353795
 -0.000174690399   0.001797054687  -0.000232658900
 -0.001200676541  -0.004459445068  -0.003234031617
  0.070436383894  -0.035056302799   0.072527965172
  0.061210568942   0.413784003798   0.064304251725
 -0.013449807330  -0.935748092270  -0.010843617161
 -0.056349252127   0.364764617543  -0.062525513411
 -0.008888000996   0.046578917331  -0.010081453898
 -0.063076811151  -0.037446887090  -0.062807112534
 -0.000196075349   0.078738746017  -0.000287256499
  0.000000000000   0.000000000000   0.000000000000
  0.000000000000   0.000000000000   0.000000000000
  0.000000000000   0.000000000000   0.000000000000
  0.000000000000   0.000000000000   0.000000000000
  0.000000000000   0.000000000000   0.000000000000
  0.000000000000   0.000000000000   0.000000000000
  0.000000000000   0.000000000000   0.000000000000
  0.000000000000   0.000000000000   0.000000000000
  0.000000000000   0.000000000000   0.000000000000
  0.000000000000   0.000000000000   0.000000000000
  0.000000000000   0.000000000000   0.000000000000
  0.000000000000   0.000000000000   0.000000000000
  0.000000000000   0.000000000000   0.000000000000
  0.000000000000   0.000000000000   0.000000000000
  0.000000000000   0.000000000000   0.000000000000
  0.000000000000   0.000000000000   0.000000000000
  0.000000000000   0.000000000000   0.000000000000
  0.000000000000   0.000000000000   0.000000000000
  0.000000000000   0.000000000000   0.000000000000
  0.000000000000   0.000000000000   0.000000000000
  0.000000000000   0.000000000000   0.000000000000
  0.000000000000   0.000000000000   0.000000000000
  0.000000000000   0.000000000000   0.000000000000
  0.000000000000   0.000000000000   0.000000000000
  0.000000000000   0.000000000000   0.000000000000
  0.000000000000   0.000000000000   0.000000000000
  0.000000000000   0.000000000000   0.000000000000
  0.000000000000   0.000000000000   0.000000000000
  0.000000000000   0.000000000000   0.000000000000
  0.000000000000   0.000000000000   0.000000000000
  0.000000000000   0.000000000000   0.000000000000
  0.000000000000   0.000000000000   0.000000000000
  0.000000000000   0.000000000000   0.000000000000
  0.000000000000   0.000000000000   0.000000000000
  0.000000000000   0.000000000000   0.000000000000
  0.000000000000   0.000000000000   0.000000000000
  0.000000000000   0.000000000000   0.000000000000
  0.000000000000   0.000000000000   0.000000000000
  0.000000000000   0.000000000000   0.000000000000
  0.000000000000   0.000000000000   0.000000000000
  0.000000000000   0.000000000000   0.000000000000
  0.000000000000   0.000000000000   0.000000000000
  0.000000000000   0.000000000000   0.000000000000
  0.000000000000   0.000000000000   0.000000000000
  0.000000000000   0.000000000000   0.000000000000
  0.000000000000   0.000000000000   0.000000000000
  0.000000000000   0.000000000000   0.000000000000
  0.000000000000   0.000000000000   0.000000000000
  0.000000000000   0.000000000000   0.000000000000
  0.000000000000   0.000000000000   0.000000000000
  0.000000000000   0.000000000000   0.000000000000
  0.000000000000   0.000000000000   0.000000000000
  0.000000000000   0.000000000000   0.000000000000
  0.000000000000   0.000000000000   0.000000000000
  0.000000000000   0.000000000000   0.000000000000
  0.000000000000   0.000000000000   0.000000000000
  0.000000000000   0.000000000000   0.000000000000
  0.000000000000   0.000000000000   0.000000000000
  0.000000000000   0.000000000000   0.000000000000
  0.000000000000   0.000000000000   0.000000000000
  0.000000000000   0.000000000000   0.000000000000
  0.000000000000   0.000000000000   0.000000000000
  0.000000000000   0.000000000000   0.000000000000
  0.000000000000   0.000000000000   0.000000000000
  0.000000000000   0.000000000000   0.000000000000
  0.000000000000   0.000000000000   0.000000000000
  0.000000000000   0.000000000000   0.000000000000
  0.000000000000   0.000000000000   0.000000000000
  0.000000000000   0.000000000000   0.000000000000
  0.000000000000   0.000000000000   0.000000000000
  0.000000000000   0.000000000000   0.000000000000
  0.000000000000   0.000000000000   0.000000000000
  0.000000000000   0.000000000000   0.000000000000
  0.000000000000   0.000000000000   0.000000000000
  0.000000000000   0.000000000000   0.000000000000
  0.000000000000   0.000000000000   0.000000000000
  0.000000000000   0.000000000000   0.000000000000
  0.000000000000   0.000000000000   0.000000000000
  0.000000000000   0.000000000000   0.000000000000
  0.000000000000   0.000000000000   0.000000000000
  0.000000000000   0.000000000000   0.000000000000
  0.000000000000   0.000000000000   0.000000000000
  0.000000000000   0.000000000000   0.000000000000
  0.000000000000   0.000000000000   0.000000000000
  0.000000000000   0.000000000000   0.000000000000
  0.000000000000   0.000000000000   0.000000000000
  0.000000000000   0.000000000000   0.000000000000
  0.000000000000   0.000000000000   0.000000000000
  0.000000000000   0.000000000000   0.000000000000
  0.000000000000   0.000000000000   0.000000000000
  0.000000000000   0.000000000000   0.000000000000
  0.000000000000   0.000000000000   0.000000000000
  0.000000000000   0.000000000000   0.000000000000
  0.000000000000   0.000000000000   0.000000000000
  0.000000000000   0.000000000000   0.000000000000
  0.000000000000   0.000000000000   0.000000000000
  0.000000000000   0.000000000000   0.000000000000
  0.000000000000   0.000000000000   0.000000000000
  0.000000000000   0.000000000000   0.000000000000
  0.000000000000   0.000000000000   0.000000000000
  0.000000000000   0.000000000000   0.000000000000
  0.000000000000   0.000000000000   0.000000000000
  0.000000000000   0.000000000000   0.000000000000
  0.000000000000   0.000000000000   0.000000000000
  0.000000000000   0.000000000000   0.000000000000
  0.000000000000   0.000000000000   0.000000000000
  0.000000000000   0.000000000000   0.000000000000
  0.000000000000   0.000000000000   0.000000000000
  0.000000000000   0.000000000000   0.000000000000
  0.000000000000   0.000000000000   0.000000000000
  0.000000000000   0.000000000000   0.000000000000
  0.000000000000   0.000000000000   0.000000000000
  0.000000000000   0.000000000000   0.000000000000
  0.000000000000   0.000000000000   0.000000000000
  0.000000000000   0.000000000000   0.000000000000
  0.000000000000   0.000000000000   0.000000000000
  0.000000000000   0.000000000000   0.000000000000
  0.000000000000   0.000000000000   0.000000000000
  0.000000000000   0.000000000000   0.000000000000
  0.000000000000   0.000000000000   0.000000000000
  0.000000000000   0.000000000000   0.000000000000
  0.000000000000   0.000000000000   0.000000000000
  0.000000000000   0.000000000000   0.000000000000
  0.000000000000   0.000000000000   0.000000000000
  0.000000000000   0.000000000000   0.000000000000
  0.000000000000   0.000000000000   0.000000000000
  0.000000000000   0.000000000000   0.000000000000
  0.000000000000   0.000000000000   0.000000000000
  0.000000000000   0.000000000000   0.000000000000
  0.000000000000   0.000000000000   0.000000000000
  0.000000000000   0.000000000000   0.000000000000
  0.000000000000   0.000000000000   0.000000000000
  0.000000000000   0.000000000000   0.000000000000
  0.000000000000   0.000000000000   0.000000000000
  0.000000000000   0.000000000000   0.000000000000
  0.000000000000   0.000000000000   0.000000000000
  0.000000000000   0.000000000000   0.000000000000
  0.000000000000   0.000000000000   0.000000000000
  0.000000000000   0.000000000000   0.000000000000
  0.000000000000   0.000000000000   0.000000000000
  0.000000000000   0.000000000000   0.000000000000
  0.000000000000   0.000000000000   0.000000000000
  0.000000000000   0.000000000000   0.000000000000
  0.000000000000   0.000000000000   0.000000000000
  0.000000000000   0.000000000000   0.000000000000
  0.000000000000   0.000000000000   0.000000000000
  0.000000000000   0.000000000000   0.000000000000
  0.000000000000   0.000000000000   0.000000000000
  0.000000000000   0.000000000000   0.000000000000
  0.000000000000   0.000000000000   0.000000000000
  0.000000000000   0.000000000000   0.000000000000
  0.000000000000   0.000000000000   0.000000000000
  0.000000000000   0.000000000000   0.000000000000
  0.000000000000   0.000000000000   0.000000000000
  0.000000000000   0.000000000000   0.000000000000
  0.000000000000   0.000000000000   0.000000000000
  0.000000000000   0.000000000000   0.000000000000
  0.000000000000   0.000000000000   0.000000000000
  0.000000000000   0.000000000000   0.000000000000
  0.000000000000   0.000000000000   0.000000000000
  0.000000000000   0.000000000000   0.000000000000
  0.000000000000   0.000000000000   0.000000000000
  0.000000000000   0.000000000000   0.000000000000
  0.000000000000   0.000000000000   0.000000000000
  0.000000000000   0.000000000000   0.000000000000
  0.000000000000   0.000000000000   0.000000000000
  0.000000000000   0.000000000000   0.000000000000
  0.000000000000   0.000000000000   0.000000000000
  0.000000000000   0.000000000000   0.000000000000
  0.000000000000   0.000000000000   0.000000000000
  0.000000000000   0.000000000000   0.000000000000
  0.000000000000   0.000000000000   0.000000000000
  0.000000000000   0.000000000000   0.000000000000
  0.000000000000   0.000000000000   0.000000000000
  0.000000000000   0.000000000000   0.000000000000
  0.000000000000   0.000000000000   0.000000000000
  0.000000000000   0.000000000000   0.000000000000
  0.000000000000   0.000000000000   0.000000000000
  0.000000000000   0.000000000000   0.000000000000
  0.000000000000   0.000000000000   0.000000000000
  0.000000000000   0.000000000000   0.000000000000
  0.000000000000   0.000000000000   0.000000000000
  0.000000000000   0.000000000000   0.000000000000
  0.000000000000   0.000000000000   0.000000000000
  0.000000000000   0.000000000000   0.000000000000
  0.000000000000   0.000000000000   0.000000000000
  0.000000000000   0.000000000000   0.000000000000
  0.000000000000   0.000000000000   0.000000000000
  0.000000000000   0.000000000000   0.000000000000
  0.000000000000   0.000000000000   0.000000000000
  0.000000000000   0.000000000000   0.000000000000
  0.000000000000   0.000000000000   0.000000000000
  111    3  0.0000  0.0000  0.0150
  0.000000000000   0.000000000000   0.000000000000
  0.000000000000   0.000000000000   0.000000000000
  0.000000000000   0.000000000000   0.000000000000
  0.000000000000   0.000000000000   0.000000000000
  0.000000000000   0.000000000000   0.000000000000
  0.000000000000   0.000000000000   0.000000000000
  0.000000000000   0.000000000000   0.000000000000
  0.000000000000   0.000000000000   0.000000000000
  0.000000000000   0.000000000000   0.000000000000
  0.000000000000   0.000000000000   0.000000000000
  0.000000000000   0.000000000000   0.000000000000
  0.000000000000   0.000000000000   0.000000000000
  0.000000000000   0.000000000000   0.000000000000
  0.000000000000   0.000000000000   0.000000000000
  0.000000000000   0.000000000000   0.000000000000
  0.000000000000   0.000000000000   0.000000000000
  0.000000000000   0.000000000000   0.000000000000
  0.000000000000   0.000000000000   0.000000000000
  0.000000000000   0.000000000000   0.000000000000
  0.000000000000   0.000000000000   0.000000000000
  0.000000000000   0.000000000000   0.000000000000
  0.000000000000   0.000000000000   0.000000000000
  0.000000000000   0.000000000000   0.000000000000
  0.000000000000   0.000000000000   0.000000000000
  0.000000000000   0.000000000000   0.000000000000
  0.000000000000   0.000000000000   0.000000000000
  0.000000000000   0.000000000000   0.000000000000
  0.000000000000   0.000000000000   0.000000000000
  0.000000000000   0.000000000000   0.000000000000
  0.000000000000   0.000000000000   0.000000000000
  0.000000000000   0.000000000000   0.000000000000
  0.000000000000   0.000000000000   0.000000000000
  0.000000000000   0.000000000000   0.000000000000
  0.000000000000   0.000000000000   0.000000000000
  0.000000000000   0.000000000000   0.000000000000
  0.000000000000   0.000000000000   0.000000000000
  0.000000000000   0.000000000000   0.000000000000
  0.000000000000   0.000000000000   0.000000000000
  0.000000000000   0.000000000000   0.000000000000
  0.000000000000   0.000000000000   0.000000000000
  0.000000000000   0.000000000000   0.000000000000
  0.000000000000   0.000000000000   0.000000000000
  0.000000000000   0.000000000000   0.000000000000
  0.000000000000   0.000000000000   0.000000000000
  0.000000000000   0.000000000000   0.000000000000
  0.000000000000   0.000000000000   0.000000000000
  0.000000000000   0.000000000000   0.000000000000
  0.000000000000   0.000000000000   0.000000000000
  0.000000000000   0.000000000000   0.000000000000
  0.000000000000   0.000000000000   0.000000000000
  0.000000000000   0.000000000000   0.000000000000
  0.000000000000   0.000000000000   0.000000000000
  0.000000000000   0.000000000000   0.000000000000
  0.000000000000   0.000000000000   0.000000000000
  0.000000000000   0.000000000000   0.000000000000
  0.000000000000   0.000000000000   0.000000000000
  0.000000000000   0.000000000000   0.000000000000
  0.000000000000   0.000000000000   0.000000000000
  0.000000000000   0.000000000000   0.000000000000
  0.000000000000   0.000000000000   0.000000000000
  0.000000000000   0.000000000000   0.000000000000
  0.000000000000   0.000000000000   0.000000000000
  0.000000000000   0.000000000000   0.000000000000
  0.000000000000   0.000000000000   0.000000000000
  0.000000000000   0.000000000000   0.000000000000
  0.000000000000   0.000000000000   0.000000000000
  0.000000000000   0.000000000000   0.000000000000
  0.000000000000   0.000000000000   0.000000000000
  0.000000000000   0.000000000000   0.000000000000
  0.000000000000   0.000000000000   0.000000000000
  0.000000000000   0.000000000000   0.000000000000
  0.000000000000   0.000000000000   0.000000000000
  0.000000000000   0.000000000000   0.000000000000
  0.000000000000   0.000000000000   0.000000000000
  0.000000000000   0.000000000000   0.000000000000
  0.000000000000   0.000000000000   0.000000000000
  0.000000000000   0.000000000000   0.000000000000
  0.000000000000   0.000000000000   0.000000000000
  0.000000000000   0.000000000000   0.000000000000
  0.000000000000   0.000000000000   0.000000000000
  0.000000000000   0.000000000000   0.000000000000
  0.000000000000   0.000000000000   0.000000000000
  0.000000000000   0.000000000000   0.000000000000
  0.000000000000   0.000000000000   0.000000000000
  0.000000000000   0.000000000000   0.000000000000
  0.000000000000   0.000000000000   0.000000000000
  0.000000000000   0.000000000000   0.000000000000
  0.000000000000   0.000000000000   0.000000000000
  0.000000000000   0.000000000000   0.000000000000
  0.000000000000   0.000000000000   0.000000000000
  0.000000000000   0.000000000000   0.000000000000
  0.000000000000   0.000000000000   0.000000000000
  0.000000000000   0.000000000000   0.000000000000
  0.000000000000   0.000000000000   0.000000000000
  0.000000000000   0.000000000000   0.000000000000
  0.000000000000   0.000000000000   0.000000000000
  0.000000000000   0.000000000000   0.000000000000
 -0.000344280411   0.000819789057  -0.000492930827
 -0.000676272366  -0.001002443112  -0.000595543336
  0.000492104342   0.001884722572   0.000738322790
 -0.004937072135  -0.016729197352  -0.010244182753
  0.207149073394   0.004425024743   0.270131681572
  0.000634911305   0.001826542005  -0.000829308102
  0.001660503379   0.004819649119   0.000084371962
 -0.000508413610   0.000659921915  -0.001407997757
  0.008917475247   0.000291850653  -0.000051428934
 -0.001270179225  -0.000002127498   0.000399736500
  0.008714809287  -0.003376864082  -0.000716094217
  0.020538977796   0.034469470808   0.013243249107
  0.079826714454   0.124044111727   0.166365751761
 -0.415359830436  -0.011415864894  -0.622764161860
  0.075516516201  -0.120323652134   0.172290203182
 -0.005452033422   0.013175089706  -0.010062380549
  0.027922434818  -0.028991501340   0.019858854350
 -0.002749005021  -0.003501870929   0.002776041389
  0.000000000000   0.000000000000   0.000000000000
  0.000000000000   0.000000000000   0.000000000000
  0.000000000000   0.000000000000   0.000000000000
  0.000000000000   0.000000000000   0.000000000000
  0.000000000000   0.000000000000   0.000000000000
  0.000000000000   0.000000000000   0.000000000000
  0.000000000000   0.000000000000   0.000000000000
  0.000000000000   0.000000000000   0.000000000000
  0.000000000000   0.000000000000   0.000000000000
  0.000000000000   0.000000000000   0.000000000000
  0.000000000000   0.000000000000   0.000000000000
  0.000000000000   0.000000000000   0.000000000000
  0.000000000000   0.000000000000   0.000000000000
  0.000000000000   0.000000000000   0.000000000000
  0.000000000000   0.000000000000   0.000000000000
  0.000000000000   0.000000000000   0.000000000000
  0.000000000000   0.000000000000   0.000000000000
  0.000000000000   0.000000000000   0.000000000000
  0.000000000000   0.000000000000   0.000000000000
  0.000000000000   0.000000000000   0.000000000000
  0.000000000000   0.000000000000   0.000000000000
  0.000000000000   0.000000000000   0.000000000000
  0.000000000000   0.000000000000   0.000000000000
  0.000000000000   0.000000000000   0.000000000000
  0.000000000000   0.000000000000   0.000000000000
  0.000000000000   0.000000000000   0.000000000000
  0.000000000000   0.000000000000   0.000000000000
  0.000000000000   0.000000000000   0.000000000000
  0.000000000000   0.000000000000   0.000000000000
  0.000000000000   0.000000000000   0.000000000000
  0.000000000000   0.000000000000   0.000000000000
  0.000000000000   0.000000000000   0.000000000000
  0.000000000000   0.000000000000   0.000000000000
  0.000000000000   0.000000000000   0.000000000000
  0.000000000000   0.000000000000   0.000000000000
  0.000000000000   0.000000000000   0.000000000000
  0.000000000000   0.000000000000   0.000000000000
  0.000000000000   0.000000000000   0.000000000000
  0.000000000000   0.000000000000   0.000000000000
  0.000000000000   0.000000000000   0.000000000000
  0.000000000000   0.000000000000   0.000000000000
  0.000000000000   0.000000000000   0.000000000000
  0.000000000000   0.000000000000   0.000000000000
  0.000000000000   0.000000000000   0.000000000000
  0.000000000000   0.000000000000   0.000000000000
  0.000000000000   0.000000000000   0.000000000000
  0.000000000000   0.000000000000   0.000000000000
  0.000000000000   0.000000000000   0.000000000000
  0.000000000000   0.000000000000   0.000000000000
  0.000000000000   0.000000000000   0.000000000000
  0.000000000000   0.000000000000   0.000000000000
  0.000000000000   0.000000000000   0.000000000000
  0.000000000000   0.000000000000   0.000000000000
  0.000000000000   0.000000000000   0.000000000000
  0.000000000000   0.000000000000   0.000000000000
  0.000000000000   0.000000000000   0.000000000000
  0.000000000000   0.000000000000   0.000000000000
  0.000000000000   0.000000000000   0.000000000000
  0.000000000000   0.000000000000   0.000000000000
  0.000000000000   0.000000000000   0.000000000000
  0.000000000000   0.000000000000   0.000000000000
  0.000000000000   0.000000000000   0.000000000000
  0.000000000000   0.000000000000   0.000000000000
  0.000000000000   0.000000000000   0.000000000000
  0.000000000000   0.000000000000   0.000000000000
  0.000000000000   0.000000000000   0.000000000000
  0.000000000000   0.000000000000   0.000000000000
  0.000000000000   0.000000000000   0.000000000000
  0.000000000000   0.000000000000   0.000000000000
  0.000000000000   0.000000000000   0.000000000000
  0.000000000000   0.000000000000   0.000000000000
  0.000000000000   0.000000000000   0.000000000000
  0.000000000000   0.000000000000   0.000000000000
  0.000000000000   0.000000000000   0.000000000000
  0.000000000000   0.000000000000   0.000000000000
  0.000000000000   0.000000000000   0.000000000000
  0.000000000000   0.000000000000   0.000000000000
  0.000000000000   0.000000000000   0.000000000000
  0.000000000000   0.000000000000   0.000000000000
  0.000000000000   0.000000000000   0.000000000000
  0.000000000000   0.000000000000   0.000000000000
  0.000000000000   0.000000000000   0.000000000000
  0.000000000000   0.000000000000   0.000000000000
  0.000000000000   0.000000000000   0.000000000000
  0.000000000000   0.000000000000   0.000000000000
  0.000000000000   0.000000000000   0.000000000000
  0.000000000000   0.000000000000   0.000000000000
  0.000000000000   0.000000000000   0.000000000000
  0.000000000000   0.000000000000   0.000000000000
  0.000000000000   0.000000000000   0.000000000000
  0.000000000000   0.000000000000   0.000000000000
  0.000000000000   0.000000000000   0.000000000000
  0.000000000000   0.000000000000   0.000000000000
  0.000000000000   0.000000000000   0.000000000000
  0.000000000000   0.000000000000   0.000000000000
  0.000000000000   0.000000000000   0.000000000000
  0.000000000000   0.000000000000   0.000000000000
  0.000000000000   0.000000000000   0.000000000000
  0.000000000000   0.000000000000   0.000000000000
  0.000000000000   0.000000000000   0.000000000000
  0.000000000000   0.000000000000   0.000000000000
  0.000000000000   0.000000000000   0.000000000000
  0.000000000000   0.000000000000   0.000000000000
  0.000000000000   0.000000000000   0.000000000000
  0.000000000000   0.000000000000   0.000000000000
  0.000000000000   0.000000000000   0.000000000000
  0.000000000000   0.000000000000   0.000000000000
  0.000000000000   0.000000000000   0.000000000000
  0.000000000000   0.000000000000   0.000000000000
  0.000000000000   0.000000000000   0.000000000000
  0.000000000000   0.000000000000   0.000000000000
  0.000000000000   0.000000000000   0.000000000000
  0.000000000000   0.000000000000   0.000000000000
  0.000000000000   0.000000000000   0.000000000000
  0.000000000000   0.000000000000   0.000000000000
  0.000000000000   0.000000000000   0.000000000000
  0.000000000000   0.000000000000   0.000000000000
  0.000000000000   0.000000000000   0.000000000000
  0.000000000000   0.000000000000   0.000000000000
  0.000000000000   0.000000000000   0.000000000000
  0.000000000000   0.000000000000   0.000000000000
  0.000000000000   0.000000000000   0.000000000000
  0.000000000000   0.000000000000   0.000000000000
  0.000000000000   0.000000000000   0.000000000000
  0.000000000000   0.000000000000   0.000000000000
  0.000000000000   0.000000000000   0.000000000000
  0.000000000000   0.000000000000   0.000000000000
  0.000000000000   0.000000000000   0.000000000000
  0.000000000000   0.000000000000   0.000000000000
  0.000000000000   0.000000000000   0.000000000000
  0.000000000000   0.000000000000   0.000000000000
  0.000000000000   0.000000000000   0.000000000000
  0.000000000000   0.000000000000   0.000000000000
  0.000000000000   0.000000000000   0.000000000000
  0.000000000000   0.000000000000   0.000000000000
  0.000000000000   0.000000000000   0.000000000000
  0.000000000000   0.000000000000   0.000000000000
  0.000000000000   0.000000000000   0.000000000000
  0.000000000000   0.000000000000   0.000000000000
  0.000000000000   0.000000000000   0.000000000000
  0.000000000000   0.000000000000   0.000000000000
  0.000000000000   0.000000000000   0.000000000000
  0.000000000000   0.000000000000   0.000000000000
  0.000000000000   0.000000000000   0.000000000000
  0.000000000000   0.000000000000   0.000000000000
  0.000000000000   0.000000000000   0.000000000000
  0.000000000000   0.000000000000   0.000000000000
  0.000000000000   0.000000000000   0.000000000000
  0.000000000000   0.000000000000   0.000000000000
  0.000000000000   0.000000000000   0.000000000000
  0.000000000000   0.000000000000   0.000000000000
  0.000000000000   0.000000000000   0.000000000000
  0.000000000000   0.000000000000   0.000000000000
  0.000000000000   0.000000000000   0.000000000000
  0.000000000000   0.000000000000   0.000000000000
  0.000000000000   0.000000000000   0.000000000000
  0.000000000000   0.000000000000   0.000000000000
  0.000000000000   0.000000000000   0.000000000000
  0.000000000000   0.000000000000   0.000000000000
  0.000000000000   0.000000000000   0.000000000000
  0.000000000000   0.000000000000   0.000000000000
  0.000000000000   0.000000000000   0.000000000000
  0.000000000000   0.000000000000   0.000000000000
  0.000000000000   0.000000000000   0.000000000000
  0.000000000000   0.000000000000   0.000000000000
  0.000000000000   0.000000000000   0.000000000000
  0.000000000000   0.000000000000   0.000000000000
  0.000000000000   0.000000000000   0.000000000000
  0.000000000000   0.000000000000   0.000000000000
  0.000000000000   0.000000000000   0.000000000000
  0.000000000000   0.000000000000   0.000000000000
  0.000000000000   0.000000000000   0.000000000000
  0.000000000000   0.000000000000   0.000000000000
  0.000000000000   0.000000000000   0.000000000000
  0.000000000000   0.000000000000   0.000000000000
  0.000000000000   0.000000000000   0.000000000000
  0.000000000000   0.000000000000   0.000000000000
  0.000000000000   0.000000000000   0.000000000000
  0.000000000000   0.000000000000   0.000000000000
  0.000000000000   0.000000000000   0.000000000000
  0.000000000000   0.000000000000   0.000000000000
  0.000000000000   0.000000000000   0.000000000000
  0.000000000000   0.000000000000   0.000000000000
  0.000000000000   0.000000000000   0.000000000000
  0.000000000000   0.000000000000   0.000000000000
  0.000000000000   0.000000000000   0.000000000000
  0.000000000000   0.000000000000   0.000000000000
  0.000000000000   0.000000000000   0.000000000000
  0.000000000000   0.000000000000   0.000000000000
  0.000000000000   0.000000000000   0.000000000000
  0.000000000000   0.000000000000   0.000000000000
  0.000000000000   0.000000000000   0.000000000000
  112    1  0.0150  0.0000  0.0000
  0.000000000000   0.000000000000   0.000000000000
  0.000000000000   0.000000000000   0.000000000000
  0.000000000000   0.000000000000   0.000000000000
  0.000000000000   0.000000000000   0.000000000000
  0.000000000000   0.000000000000   0.000000000000
  0.000000000000   0.000000000000   0.000000000000
  0.000000000000   0.000000000000   0.000000000000
  0.000000000000   0.000000000000   0.000000000000
  0.000000000000   0.000000000000   0.000000000000
  0.000000000000   0.000000000000   0.000000000000
  0.000000000000   0.000000000000   0.000000000000
  0.000000000000   0.000000000000   0.000000000000
  0.000000000000   0.000000000000   0.000000000000
  0.000000000000   0.000000000000   0.000000000000
  0.000000000000   0.000000000000   0.000000000000
  0.000000000000   0.000000000000   0.000000000000
  0.000000000000   0.000000000000   0.000000000000
  0.000000000000   0.000000000000   0.000000000000
  0.000000000000   0.000000000000   0.000000000000
  0.000000000000   0.000000000000   0.000000000000
  0.000000000000   0.000000000000   0.000000000000
  0.000000000000   0.000000000000   0.000000000000
  0.000000000000   0.000000000000   0.000000000000
  0.000000000000   0.000000000000   0.000000000000
  0.000000000000   0.000000000000   0.000000000000
  0.000000000000   0.000000000000   0.000000000000
  0.000000000000   0.000000000000   0.000000000000
  0.000000000000   0.000000000000   0.000000000000
  0.000000000000   0.000000000000   0.000000000000
  0.000000000000   0.000000000000   0.000000000000
  0.000000000000   0.000000000000   0.000000000000
  0.000000000000   0.000000000000   0.000000000000
  0.000000000000   0.000000000000   0.000000000000
  0.000000000000   0.000000000000   0.000000000000
  0.000000000000   0.000000000000   0.000000000000
  0.000000000000   0.000000000000   0.000000000000
  0.000000000000   0.000000000000   0.000000000000
  0.000000000000   0.000000000000   0.000000000000
  0.000000000000   0.000000000000   0.000000000000
  0.000000000000   0.000000000000   0.000000000000
  0.000000000000   0.000000000000   0.000000000000
  0.000000000000   0.000000000000   0.000000000000
  0.000000000000   0.000000000000   0.000000000000
  0.000000000000   0.000000000000   0.000000000000
  0.000000000000   0.000000000000   0.000000000000
  0.000000000000   0.000000000000   0.000000000000
  0.000000000000   0.000000000000   0.000000000000
  0.000000000000   0.000000000000   0.000000000000
  0.000000000000   0.000000000000   0.000000000000
  0.000000000000   0.000000000000   0.000000000000
  0.000000000000   0.000000000000   0.000000000000
  0.000000000000   0.000000000000   0.000000000000
  0.000000000000   0.000000000000   0.000000000000
  0.000000000000   0.000000000000   0.000000000000
  0.000000000000   0.000000000000   0.000000000000
  0.000000000000   0.000000000000   0.000000000000
  0.000000000000   0.000000000000   0.000000000000
  0.000000000000   0.000000000000   0.000000000000
  0.000000000000   0.000000000000   0.000000000000
  0.000000000000   0.000000000000   0.000000000000
  0.000000000000   0.000000000000   0.000000000000
  0.000000000000   0.000000000000   0.000000000000
  0.000000000000   0.000000000000   0.000000000000
  0.000000000000   0.000000000000   0.000000000000
  0.000000000000   0.000000000000   0.000000000000
  0.000000000000   0.000000000000   0.000000000000
  0.000000000000   0.000000000000   0.000000000000
  0.000000000000   0.000000000000   0.000000000000
  0.000000000000   0.000000000000   0.000000000000
  0.000000000000   0.000000000000   0.000000000000
  0.000000000000   0.000000000000   0.000000000000
  0.000000000000   0.000000000000   0.000000000000
  0.000000000000   0.000000000000   0.000000000000
  0.000000000000   0.000000000000   0.000000000000
  0.000000000000   0.000000000000   0.000000000000
  0.000000000000   0.000000000000   0.000000000000
  0.000000000000   0.000000000000   0.000000000000
  0.000000000000   0.000000000000   0.000000000000
  0.000000000000   0.000000000000   0.000000000000
  0.000000000000   0.000000000000   0.000000000000
  0.000000000000   0.000000000000   0.000000000000
  0.000000000000   0.000000000000   0.000000000000
  0.000000000000   0.000000000000   0.000000000000
  0.000000000000   0.000000000000   0.000000000000
  0.000000000000   0.000000000000   0.000000000000
  0.000000000000   0.000000000000   0.000000000000
  0.000000000000   0.000000000000   0.000000000000
  0.000000000000   0.000000000000   0.000000000000
  0.000000000000   0.000000000000   0.000000000000
  0.000000000000   0.000000000000   0.000000000000
  0.000000000000   0.000000000000   0.000000000000
  0.000000000000   0.000000000000   0.000000000000
  0.000000000000   0.000000000000   0.000000000000
  0.000000000000   0.000000000000   0.000000000000
  0.000000000000   0.000000000000   0.000000000000
  0.000000000000   0.000000000000   0.000000000000
  0.000000000000   0.000000000000   0.000000000000
  0.000041125046   0.000119504639  -0.000285279801
 -0.000739372785  -0.000137651744  -0.000892862555
 -0.000611354320  -0.000065406511   0.000002155002
 -0.005400464638   0.004107880016   0.005863051309
  0.005427685648  -0.026394597802   0.011701789348
  0.012460507443   0.036462096903   0.016524944809
 -0.009586742751  -0.024982134092  -0.011049699812
  0.006183165607   0.006133397456   0.003063428869
  0.005393634136   0.001205826901   0.008602557689
 -0.006468278910   0.001718917026   0.003642561905
  0.001415790869   0.000005135077  -0.000681331481
  0.036021425457  -0.028185653020   0.028851812574
 -0.044556166873  -0.020525767036  -0.037145044896
  0.164975265845  -0.056416008664   0.075198684332
 -0.564352380576   0.001641423833  -0.337422677586
  0.123301984667   0.056457646515   0.035144107199
  0.251438794613  -0.019119926037   0.176809997494
  0.014694872902   0.066124762630   0.023238846907
  0.000000000000   0.000000000000   0.000000000000
  0.000000000000   0.000000000000   0.000000000000
  0.000000000000   0.000000000000   0.000000000000
  0.000000000000   0.000000000000   0.000000000000
  0.000000000000   0.000000000000   0.000000000000
  0.000000000000   0.000000000000   0.000000000000
  0.000000000000   0.000000000000   0.000000000000
  0.000000000000   0.000000000000   0.000000000000
  0.000000000000   0.000000000000   0.000000000000
  0.000000000000   0.000000000000   0.000000000000
  0.000000000000   0.000000000000   0.000000000000
  0.000000000000   0.000000000000   0.000000000000
  0.000000000000   0.000000000000   0.000000000000
  0.000000000000   0.000000000000   0.000000000000
  0.000000000000   0.000000000000   0.000000000000
  0.000000000000   0.000000000000   0.000000000000
  0.000000000000   0.000000000000   0.000000000000
  0.000000000000   0.000000000000   0.000000000000
  0.000000000000   0.000000000000   0.000000000000
  0.000000000000   0.000000000000   0.000000000000
  0.000000000000   0.000000000000   0.000000000000
  0.000000000000   0.000000000000   0.000000000000
  0.000000000000   0.000000000000   0.000000000000
  0.000000000000   0.000000000000   0.000000000000
  0.000000000000   0.000000000000   0.000000000000
  0.000000000000   0.000000000000   0.000000000000
  0.000000000000   0.000000000000   0.000000000000
  0.000000000000   0.000000000000   0.000000000000
  0.000000000000   0.000000000000   0.000000000000
  0.000000000000   0.000000000000   0.000000000000
  0.000000000000   0.000000000000   0.000000000000
  0.000000000000   0.000000000000   0.000000000000
  0.000000000000   0.000000000000   0.000000000000
  0.000000000000   0.000000000000   0.000000000000
  0.000000000000   0.000000000000   0.000000000000
  0.000000000000   0.000000000000   0.000000000000
  0.000000000000   0.000000000000   0.000000000000
  0.000000000000   0.000000000000   0.000000000000
  0.000000000000   0.000000000000   0.000000000000
  0.000000000000   0.000000000000   0.000000000000
  0.000000000000   0.000000000000   0.000000000000
  0.000000000000   0.000000000000   0.000000000000
  0.000000000000   0.000000000000   0.000000000000
  0.000000000000   0.000000000000   0.000000000000
  0.000000000000   0.000000000000   0.000000000000
  0.000000000000   0.000000000000   0.000000000000
  0.000000000000   0.000000000000   0.000000000000
  0.000000000000   0.000000000000   0.000000000000
  0.000000000000   0.000000000000   0.000000000000
  0.000000000000   0.000000000000   0.000000000000
  0.000000000000   0.000000000000   0.000000000000
  0.000000000000   0.000000000000   0.000000000000
  0.000000000000   0.000000000000   0.000000000000
  0.000000000000   0.000000000000   0.000000000000
  0.000000000000   0.000000000000   0.000000000000
  0.000000000000   0.000000000000   0.000000000000
  0.000000000000   0.000000000000   0.000000000000
  0.000000000000   0.000000000000   0.000000000000
  0.000000000000   0.000000000000   0.000000000000
  0.000000000000   0.000000000000   0.000000000000
  0.000000000000   0.000000000000   0.000000000000
  0.000000000000   0.000000000000   0.000000000000
  0.000000000000   0.000000000000   0.000000000000
  0.000000000000   0.000000000000   0.000000000000
  0.000000000000   0.000000000000   0.000000000000
  0.000000000000   0.000000000000   0.000000000000
  0.000000000000   0.000000000000   0.000000000000
  0.000000000000   0.000000000000   0.000000000000
  0.000000000000   0.000000000000   0.000000000000
  0.000000000000   0.000000000000   0.000000000000
  0.000000000000   0.000000000000   0.000000000000
  0.000000000000   0.000000000000   0.000000000000
  0.000000000000   0.000000000000   0.000000000000
  0.000000000000   0.000000000000   0.000000000000
  0.000000000000   0.000000000000   0.000000000000
  0.000000000000   0.000000000000   0.000000000000
  0.000000000000   0.000000000000   0.000000000000
  0.000000000000   0.000000000000   0.000000000000
  0.000000000000   0.000000000000   0.000000000000
  0.000000000000   0.000000000000   0.000000000000
  0.000000000000   0.000000000000   0.000000000000
  0.000000000000   0.000000000000   0.000000000000
  0.000000000000   0.000000000000   0.000000000000
  0.000000000000   0.000000000000   0.000000000000
  0.000000000000   0.000000000000   0.000000000000
  0.000000000000   0.000000000000   0.000000000000
  0.000000000000   0.000000000000   0.000000000000
  0.000000000000   0.000000000000   0.000000000000
  0.000000000000   0.000000000000   0.000000000000
  0.000000000000   0.000000000000   0.000000000000
  0.000000000000   0.000000000000   0.000000000000
  0.000000000000   0.000000000000   0.000000000000
  0.000000000000   0.000000000000   0.000000000000
  0.000000000000   0.000000000000   0.000000000000
  0.000000000000   0.000000000000   0.000000000000
  0.000000000000   0.000000000000   0.000000000000
  0.000000000000   0.000000000000   0.000000000000
  0.000000000000   0.000000000000   0.000000000000
  0.000000000000   0.000000000000   0.000000000000
  0.000000000000   0.000000000000   0.000000000000
  0.000000000000   0.000000000000   0.000000000000
  0.000000000000   0.000000000000   0.000000000000
  0.000000000000   0.000000000000   0.000000000000
  0.000000000000   0.000000000000   0.000000000000
  0.000000000000   0.000000000000   0.000000000000
  0.000000000000   0.000000000000   0.000000000000
  0.000000000000   0.000000000000   0.000000000000
  0.000000000000   0.000000000000   0.000000000000
  0.000000000000   0.000000000000   0.000000000000
  0.000000000000   0.000000000000   0.000000000000
  0.000000000000   0.000000000000   0.000000000000
  0.000000000000   0.000000000000   0.000000000000
  0.000000000000   0.000000000000   0.000000000000
  0.000000000000   0.000000000000   0.000000000000
  0.000000000000   0.000000000000   0.000000000000
  0.000000000000   0.000000000000   0.000000000000
  0.000000000000   0.000000000000   0.000000000000
  0.000000000000   0.000000000000   0.000000000000
  0.000000000000   0.000000000000   0.000000000000
  0.000000000000   0.000000000000   0.000000000000
  0.000000000000   0.000000000000   0.000000000000
  0.000000000000   0.000000000000   0.000000000000
  0.000000000000   0.000000000000   0.000000000000
  0.000000000000   0.000000000000   0.000000000000
  0.000000000000   0.000000000000   0.000000000000
  0.000000000000   0.000000000000   0.000000000000
  0.000000000000   0.000000000000   0.000000000000
  0.000000000000   0.000000000000   0.000000000000
  0.000000000000   0.000000000000   0.000000000000
  0.000000000000   0.000000000000   0.000000000000
  0.000000000000   0.000000000000   0.000000000000
  0.000000000000   0.000000000000   0.000000000000
  0.000000000000   0.000000000000   0.000000000000
  0.000000000000   0.000000000000   0.000000000000
  0.000000000000   0.000000000000   0.000000000000
  0.000000000000   0.000000000000   0.000000000000
  0.000000000000   0.000000000000   0.000000000000
  0.000000000000   0.000000000000   0.000000000000
  0.000000000000   0.000000000000   0.000000000000
  0.000000000000   0.000000000000   0.000000000000
  0.000000000000   0.000000000000   0.000000000000
  0.000000000000   0.000000000000   0.000000000000
  0.000000000000   0.000000000000   0.000000000000
  0.000000000000   0.000000000000   0.000000000000
  0.000000000000   0.000000000000   0.000000000000
  0.000000000000   0.000000000000   0.000000000000
  0.000000000000   0.000000000000   0.000000000000
  0.000000000000   0.000000000000   0.000000000000
  0.000000000000   0.000000000000   0.000000000000
  0.000000000000   0.000000000000   0.000000000000
  0.000000000000   0.000000000000   0.000000000000
  0.000000000000   0.000000000000   0.000000000000
  0.000000000000   0.000000000000   0.000000000000
  0.000000000000   0.000000000000   0.000000000000
  0.000000000000   0.000000000000   0.000000000000
  0.000000000000   0.000000000000   0.000000000000
  0.000000000000   0.000000000000   0.000000000000
  0.000000000000   0.000000000000   0.000000000000
  0.000000000000   0.000000000000   0.000000000000
  0.000000000000   0.000000000000   0.000000000000
  0.000000000000   0.000000000000   0.000000000000
  0.000000000000   0.000000000000   0.000000000000
  0.000000000000   0.000000000000   0.000000000000
  0.000000000000   0.000000000000   0.000000000000
  0.000000000000   0.000000000000   0.000000000000
  0.000000000000   0.000000000000   0.000000000000
  0.000000000000   0.000000000000   0.000000000000
  0.000000000000   0.000000000000   0.000000000000
  0.000000000000   0.000000000000   0.000000000000
  0.000000000000   0.000000000000   0.000000000000
  0.000000000000   0.000000000000   0.000000000000
  0.000000000000   0.000000000000   0.000000000000
  0.000000000000   0.000000000000   0.000000000000
  0.000000000000   0.000000000000   0.000000000000
  0.000000000000   0.000000000000   0.000000000000
  0.000000000000   0.000000000000   0.000000000000
  0.000000000000   0.000000000000   0.000000000000
  0.000000000000   0.000000000000   0.000000000000
  0.000000000000   0.000000000000   0.000000000000
  0.000000000000   0.000000000000   0.000000000000
  0.000000000000   0.000000000000   0.000000000000
  0.000000000000   0.000000000000   0.000000000000
  0.000000000000   0.000000000000   0.000000000000
  0.000000000000   0.000000000000   0.000000000000
  0.000000000000   0.000000000000   0.000000000000
  0.000000000000   0.000000000000   0.000000000000
  0.000000000000   0.000000000000   0.000000000000
  0.000000000000   0.000000000000   0.000000000000
  0.000000000000   0.000000000000   0.000000000000
  0.000000000000   0.000000000000   0.000000000000
  0.000000000000   0.000000000000   0.000000000000
  0.000000000000   0.000000000000   0.000000000000
  112    2  0.0000  0.0150  0.0000
  0.000000000000   0.000000000000   0.000000000000
  0.000000000000   0.000000000000   0.000000000000
  0.000000000000   0.000000000000   0.000000000000
  0.000000000000   0.000000000000   0.000000000000
  0.000000000000   0.000000000000   0.000000000000
  0.000000000000   0.000000000000   0.000000000000
  0.000000000000   0.000000000000   0.000000000000
  0.000000000000   0.000000000000   0.000000000000
  0.000000000000   0.000000000000   0.000000000000
  0.000000000000   0.000000000000   0.000000000000
  0.000000000000   0.000000000000   0.000000000000
  0.000000000000   0.000000000000   0.000000000000
  0.000000000000   0.000000000000   0.000000000000
  0.000000000000   0.000000000000   0.000000000000
  0.000000000000   0.000000000000   0.000000000000
  0.000000000000   0.000000000000   0.000000000000
  0.000000000000   0.000000000000   0.000000000000
  0.000000000000   0.000000000000   0.000000000000
  0.000000000000   0.000000000000   0.000000000000
  0.000000000000   0.000000000000   0.000000000000
  0.000000000000   0.000000000000   0.000000000000
  0.000000000000   0.000000000000   0.000000000000
  0.000000000000   0.000000000000   0.000000000000
  0.000000000000   0.000000000000   0.000000000000
  0.000000000000   0.000000000000   0.000000000000
  0.000000000000   0.000000000000   0.000000000000
  0.000000000000   0.000000000000   0.000000000000
  0.000000000000   0.000000000000   0.000000000000
  0.000000000000   0.000000000000   0.000000000000
  0.000000000000   0.000000000000   0.000000000000
  0.000000000000   0.000000000000   0.000000000000
  0.000000000000   0.000000000000   0.000000000000
  0.000000000000   0.000000000000   0.000000000000
  0.000000000000   0.000000000000   0.000000000000
  0.000000000000   0.000000000000   0.000000000000
  0.000000000000   0.000000000000   0.000000000000
  0.000000000000   0.000000000000   0.000000000000
  0.000000000000   0.000000000000   0.000000000000
  0.000000000000   0.000000000000   0.000000000000
  0.000000000000   0.000000000000   0.000000000000
  0.000000000000   0.000000000000   0.000000000000
  0.000000000000   0.000000000000   0.000000000000
  0.000000000000   0.000000000000   0.000000000000
  0.000000000000   0.000000000000   0.000000000000
  0.000000000000   0.000000000000   0.000000000000
  0.000000000000   0.000000000000   0.000000000000
  0.000000000000   0.000000000000   0.000000000000
  0.000000000000   0.000000000000   0.000000000000
  0.000000000000   0.000000000000   0.000000000000
  0.000000000000   0.000000000000   0.000000000000
  0.000000000000   0.000000000000   0.000000000000
  0.000000000000   0.000000000000   0.000000000000
  0.000000000000   0.000000000000   0.000000000000
  0.000000000000   0.000000000000   0.000000000000
  0.000000000000   0.000000000000   0.000000000000
  0.000000000000   0.000000000000   0.000000000000
  0.000000000000   0.000000000000   0.000000000000
  0.000000000000   0.000000000000   0.000000000000
  0.000000000000   0.000000000000   0.000000000000
  0.000000000000   0.000000000000   0.000000000000
  0.000000000000   0.000000000000   0.000000000000
  0.000000000000   0.000000000000   0.000000000000
  0.000000000000   0.000000000000   0.000000000000
  0.000000000000   0.000000000000   0.000000000000
  0.000000000000   0.000000000000   0.000000000000
  0.000000000000   0.000000000000   0.000000000000
  0.000000000000   0.000000000000   0.000000000000
  0.000000000000   0.000000000000   0.000000000000
  0.000000000000   0.000000000000   0.000000000000
  0.000000000000   0.000000000000   0.000000000000
  0.000000000000   0.000000000000   0.000000000000
  0.000000000000   0.000000000000   0.000000000000
  0.000000000000   0.000000000000   0.000000000000
  0.000000000000   0.000000000000   0.000000000000
  0.000000000000   0.000000000000   0.000000000000
  0.000000000000   0.000000000000   0.000000000000
  0.000000000000   0.000000000000   0.000000000000
  0.000000000000   0.000000000000   0.000000000000
  0.000000000000   0.000000000000   0.000000000000
  0.000000000000   0.000000000000   0.000000000000
  0.000000000000   0.000000000000   0.000000000000
  0.000000000000   0.000000000000   0.000000000000
  0.000000000000   0.000000000000   0.000000000000
  0.000000000000   0.000000000000   0.000000000000
  0.000000000000   0.000000000000   0.000000000000
  0.000000000000   0.000000000000   0.000000000000
  0.000000000000   0.000000000000   0.000000000000
  0.000000000000   0.000000000000   0.000000000000
  0.000000000000   0.000000000000   0.000000000000
  0.000000000000   0.000000000000   0.000000000000
  0.000000000000   0.000000000000   0.000000000000
  0.000000000000   0.000000000000   0.000000000000
  0.000000000000   0.000000000000   0.000000000000
  0.000000000000   0.000000000000   0.000000000000
  0.000000000000   0.000000000000   0.000000000000
  0.000000000000   0.000000000000   0.000000000000
  0.000000000000   0.000000000000   0.000000000000
  0.000198454414  -0.000475087582   0.000470080053
  0.000946262771  -0.000359375400   0.000216639348
  0.000261738336  -0.000077858995  -0.000326525902
  0.002969176774   0.003857320485   0.003339615235
  0.001809534823  -0.005312012669   0.002866489229
  0.007736628179   0.012630389441   0.004030842670
  0.015425755168   0.030706223950   0.009888342804
  0.002361969789   0.000444855567   0.001076596307
 -0.026836996799  -0.002622570141  -0.026118833833
  0.003058494299   0.006433110205   0.002820334699
 -0.000471243451   0.002638054294   0.001131884134
 -0.027065768321   0.013857722781  -0.029173574919
  0.018502171389   0.080397548122   0.017920860986
 -0.113256547977   0.364328543379  -0.120702541590
  0.000944937308  -0.895709768250   0.011856826010
  0.047029736275   0.260626706197   0.054558989709
  0.036413038164   0.163288089022   0.034474992928
  0.028697422753  -0.034140418822   0.031331509764
  0.000000000000   0.000000000000   0.000000000000
  0.000000000000   0.000000000000   0.000000000000
  0.000000000000   0.000000000000   0.000000000000
  0.000000000000   0.000000000000   0.000000000000
  0.000000000000   0.000000000000   0.000000000000
  0.000000000000   0.000000000000   0.000000000000
  0.000000000000   0.000000000000   0.000000000000
  0.000000000000   0.000000000000   0.000000000000
  0.000000000000   0.000000000000   0.000000000000
  0.000000000000   0.000000000000   0.000000000000
  0.000000000000   0.000000000000   0.000000000000
  0.000000000000   0.000000000000   0.000000000000
  0.000000000000   0.000000000000   0.000000000000
  0.000000000000   0.000000000000   0.000000000000
  0.000000000000   0.000000000000   0.000000000000
  0.000000000000   0.000000000000   0.000000000000
  0.000000000000   0.000000000000   0.000000000000
  0.000000000000   0.000000000000   0.000000000000
  0.000000000000   0.000000000000   0.000000000000
  0.000000000000   0.000000000000   0.000000000000
  0.000000000000   0.000000000000   0.000000000000
  0.000000000000   0.000000000000   0.000000000000
  0.000000000000   0.000000000000   0.000000000000
  0.000000000000   0.000000000000   0.000000000000
  0.000000000000   0.000000000000   0.000000000000
  0.000000000000   0.000000000000   0.000000000000
  0.000000000000   0.000000000000   0.000000000000
  0.000000000000   0.000000000000   0.000000000000
  0.000000000000   0.000000000000   0.000000000000
  0.000000000000   0.000000000000   0.000000000000
  0.000000000000   0.000000000000   0.000000000000
  0.000000000000   0.000000000000   0.000000000000
  0.000000000000   0.000000000000   0.000000000000
  0.000000000000   0.000000000000   0.000000000000
  0.000000000000   0.000000000000   0.000000000000
  0.000000000000   0.000000000000   0.000000000000
  0.000000000000   0.000000000000   0.000000000000
  0.000000000000   0.000000000000   0.000000000000
  0.000000000000   0.000000000000   0.000000000000
  0.000000000000   0.000000000000   0.000000000000
  0.000000000000   0.000000000000   0.000000000000
  0.000000000000   0.000000000000   0.000000000000
  0.000000000000   0.000000000000   0.000000000000
  0.000000000000   0.000000000000   0.000000000000
  0.000000000000   0.000000000000   0.000000000000
  0.000000000000   0.000000000000   0.000000000000
  0.000000000000   0.000000000000   0.000000000000
  0.000000000000   0.000000000000   0.000000000000
  0.000000000000   0.000000000000   0.000000000000
  0.000000000000   0.000000000000   0.000000000000
  0.000000000000   0.000000000000   0.000000000000
  0.000000000000   0.000000000000   0.000000000000
  0.000000000000   0.000000000000   0.000000000000
  0.000000000000   0.000000000000   0.000000000000
  0.000000000000   0.000000000000   0.000000000000
  0.000000000000   0.000000000000   0.000000000000
  0.000000000000   0.000000000000   0.000000000000
  0.000000000000   0.000000000000   0.000000000000
  0.000000000000   0.000000000000   0.000000000000
  0.000000000000   0.000000000000   0.000000000000
  0.000000000000   0.000000000000   0.000000000000
  0.000000000000   0.000000000000   0.000000000000
  0.000000000000   0.000000000000   0.000000000000
  0.000000000000   0.000000000000   0.000000000000
  0.000000000000   0.000000000000   0.000000000000
  0.000000000000   0.000000000000   0.000000000000
  0.000000000000   0.000000000000   0.000000000000
  0.000000000000   0.000000000000   0.000000000000
  0.000000000000   0.000000000000   0.000000000000
  0.000000000000   0.000000000000   0.000000000000
  0.000000000000   0.000000000000   0.000000000000
  0.000000000000   0.000000000000   0.000000000000
  0.000000000000   0.000000000000   0.000000000000
  0.000000000000   0.000000000000   0.000000000000
  0.000000000000   0.000000000000   0.000000000000
  0.000000000000   0.000000000000   0.000000000000
  0.000000000000   0.000000000000   0.000000000000
  0.000000000000   0.000000000000   0.000000000000
  0.000000000000   0.000000000000   0.000000000000
  0.000000000000   0.000000000000   0.000000000000
  0.000000000000   0.000000000000   0.000000000000
  0.000000000000   0.000000000000   0.000000000000
  0.000000000000   0.000000000000   0.000000000000
  0.000000000000   0.000000000000   0.000000000000
  0.000000000000   0.000000000000   0.000000000000
  0.000000000000   0.000000000000   0.000000000000
  0.000000000000   0.000000000000   0.000000000000
  0.000000000000   0.000000000000   0.000000000000
  0.000000000000   0.000000000000   0.000000000000
  0.000000000000   0.000000000000   0.000000000000
  0.000000000000   0.000000000000   0.000000000000
  0.000000000000   0.000000000000   0.000000000000
  0.000000000000   0.000000000000   0.000000000000
  0.000000000000   0.000000000000   0.000000000000
  0.000000000000   0.000000000000   0.000000000000
  0.000000000000   0.000000000000   0.000000000000
  0.000000000000   0.000000000000   0.000000000000
  0.000000000000   0.000000000000   0.000000000000
  0.000000000000   0.000000000000   0.000000000000
  0.000000000000   0.000000000000   0.000000000000
  0.000000000000   0.000000000000   0.000000000000
  0.000000000000   0.000000000000   0.000000000000
  0.000000000000   0.000000000000   0.000000000000
  0.000000000000   0.000000000000   0.000000000000
  0.000000000000   0.000000000000   0.000000000000
  0.000000000000   0.000000000000   0.000000000000
  0.000000000000   0.000000000000   0.000000000000
  0.000000000000   0.000000000000   0.000000000000
  0.000000000000   0.000000000000   0.000000000000
  0.000000000000   0.000000000000   0.000000000000
  0.000000000000   0.000000000000   0.000000000000
  0.000000000000   0.000000000000   0.000000000000
  0.000000000000   0.000000000000   0.000000000000
  0.000000000000   0.000000000000   0.000000000000
  0.000000000000   0.000000000000   0.000000000000
  0.000000000000   0.000000000000   0.000000000000
  0.000000000000   0.000000000000   0.000000000000
  0.000000000000   0.000000000000   0.000000000000
  0.000000000000   0.000000000000   0.000000000000
  0.000000000000   0.000000000000   0.000000000000
  0.000000000000   0.000000000000   0.000000000000
  0.000000000000   0.000000000000   0.000000000000
  0.000000000000   0.000000000000   0.000000000000
  0.000000000000   0.000000000000   0.000000000000
  0.000000000000   0.000000000000   0.000000000000
  0.000000000000   0.000000000000   0.000000000000
  0.000000000000   0.000000000000   0.000000000000
  0.000000000000   0.000000000000   0.000000000000
  0.000000000000   0.000000000000   0.000000000000
  0.000000000000   0.000000000000   0.000000000000
  0.000000000000   0.000000000000   0.000000000000
  0.000000000000   0.000000000000   0.000000000000
  0.000000000000   0.000000000000   0.000000000000
  0.000000000000   0.000000000000   0.000000000000
  0.000000000000   0.000000000000   0.000000000000
  0.000000000000   0.000000000000   0.000000000000
  0.000000000000   0.000000000000   0.000000000000
  0.000000000000   0.000000000000   0.000000000000
  0.000000000000   0.000000000000   0.000000000000
  0.000000000000   0.000000000000   0.000000000000
  0.000000000000   0.000000000000   0.000000000000
  0.000000000000   0.000000000000   0.000000000000
  0.000000000000   0.000000000000   0.000000000000
  0.000000000000   0.000000000000   0.000000000000
  0.000000000000   0.000000000000   0.000000000000
  0.000000000000   0.000000000000   0.000000000000
  0.000000000000   0.000000000000   0.000000000000
  0.000000000000   0.000000000000   0.000000000000
  0.000000000000   0.000000000000   0.000000000000
  0.000000000000   0.000000000000   0.000000000000
  0.000000000000   0.000000000000   0.000000000000
  0.000000000000   0.000000000000   0.000000000000
  0.000000000000   0.000000000000   0.000000000000
  0.000000000000   0.000000000000   0.000000000000
  0.000000000000   0.000000000000   0.000000000000
  0.000000000000   0.000000000000   0.000000000000
  0.000000000000   0.000000000000   0.000000000000
  0.000000000000   0.000000000000   0.000000000000
  0.000000000000   0.000000000000   0.000000000000
  0.000000000000   0.000000000000   0.000000000000
  0.000000000000   0.000000000000   0.000000000000
  0.000000000000   0.000000000000   0.000000000000
  0.000000000000   0.000000000000   0.000000000000
  0.000000000000   0.000000000000   0.000000000000
  0.000000000000   0.000000000000   0.000000000000
  0.000000000000   0.000000000000   0.000000000000
  0.000000000000   0.000000000000   0.000000000000
  0.000000000000   0.000000000000   0.000000000000
  0.000000000000   0.000000000000   0.000000000000
  0.000000000000   0.000000000000   0.000000000000
  0.000000000000   0.000000000000   0.000000000000
  0.000000000000   0.000000000000   0.000000000000
  0.000000000000   0.000000000000   0.000000000000
  0.000000000000   0.000000000000   0.000000000000
  0.000000000000   0.000000000000   0.000000000000
  0.000000000000   0.000000000000   0.000000000000
  0.000000000000   0.000000000000   0.000000000000
  0.000000000000   0.000000000000   0.000000000000
  0.000000000000   0.000000000000   0.000000000000
  0.000000000000   0.000000000000   0.000000000000
  0.000000000000   0.000000000000   0.000000000000
  0.000000000000   0.000000000000   0.000000000000
  0.000000000000   0.000000000000   0.000000000000
  0.000000000000   0.000000000000   0.000000000000
  0.000000000000   0.000000000000   0.000000000000
  0.000000000000   0.000000000000   0.000000000000
  0.000000000000   0.000000000000   0.000000000000
  0.000000000000   0.000000000000   0.000000000000
  0.000000000000   0.000000000000   0.000000000000
  0.000000000000   0.000000000000   0.000000000000
  0.000000000000   0.000000000000   0.000000000000
  0.000000000000   0.000000000000   0.000000000000
  112    3  0.0000  0.0000  0.0150
  0.000000000000   0.000000000000   0.000000000000
  0.000000000000   0.000000000000   0.000000000000
  0.000000000000   0.000000000000   0.000000000000
  0.000000000000   0.000000000000   0.000000000000
  0.000000000000   0.000000000000   0.000000000000
  0.000000000000   0.000000000000   0.000000000000
  0.000000000000   0.000000000000   0.000000000000
  0.000000000000   0.000000000000   0.000000000000
  0.000000000000   0.000000000000   0.000000000000
  0.000000000000   0.000000000000   0.000000000000
  0.000000000000   0.000000000000   0.000000000000
  0.000000000000   0.000000000000   0.000000000000
  0.000000000000   0.000000000000   0.000000000000
  0.000000000000   0.000000000000   0.000000000000
  0.000000000000   0.000000000000   0.000000000000
  0.000000000000   0.000000000000   0.000000000000
  0.000000000000   0.000000000000   0.000000000000
  0.000000000000   0.000000000000   0.000000000000
  0.000000000000   0.000000000000   0.000000000000
  0.000000000000   0.000000000000   0.000000000000
  0.000000000000   0.000000000000   0.000000000000
  0.000000000000   0.000000000000   0.000000000000
  0.000000000000   0.000000000000   0.000000000000
  0.000000000000   0.000000000000   0.000000000000
  0.000000000000   0.000000000000   0.000000000000
  0.000000000000   0.000000000000   0.000000000000
  0.000000000000   0.000000000000   0.000000000000
  0.000000000000   0.000000000000   0.000000000000
  0.000000000000   0.000000000000   0.000000000000
  0.000000000000   0.000000000000   0.000000000000
  0.000000000000   0.000000000000   0.000000000000
  0.000000000000   0.000000000000   0.000000000000
  0.000000000000   0.000000000000   0.000000000000
  0.000000000000   0.000000000000   0.000000000000
  0.000000000000   0.000000000000   0.000000000000
  0.000000000000   0.000000000000   0.000000000000
  0.000000000000   0.000000000000   0.000000000000
  0.000000000000   0.000000000000   0.000000000000
  0.000000000000   0.000000000000   0.000000000000
  0.000000000000   0.000000000000   0.000000000000
  0.000000000000   0.000000000000   0.000000000000
  0.000000000000   0.000000000000   0.000000000000
  0.000000000000   0.000000000000   0.000000000000
  0.000000000000   0.000000000000   0.000000000000
  0.000000000000   0.000000000000   0.000000000000
  0.000000000000   0.000000000000   0.000000000000
  0.000000000000   0.000000000000   0.000000000000
  0.000000000000   0.000000000000   0.000000000000
  0.000000000000   0.000000000000   0.000000000000
  0.000000000000   0.000000000000   0.000000000000
  0.000000000000   0.000000000000   0.000000000000
  0.000000000000   0.000000000000   0.000000000000
  0.000000000000   0.000000000000   0.000000000000
  0.000000000000   0.000000000000   0.000000000000
  0.000000000000   0.000000000000   0.000000000000
  0.000000000000   0.000000000000   0.000000000000
  0.000000000000   0.000000000000   0.000000000000
  0.000000000000   0.000000000000   0.000000000000
  0.000000000000   0.000000000000   0.000000000000
  0.000000000000   0.000000000000   0.000000000000
  0.000000000000   0.000000000000   0.000000000000
  0.000000000000   0.000000000000   0.000000000000
  0.000000000000   0.000000000000   0.000000000000
  0.000000000000   0.000000000000   0.000000000000
  0.000000000000   0.000000000000   0.000000000000
  0.000000000000   0.000000000000   0.000000000000
  0.000000000000   0.000000000000   0.000000000000
  0.000000000000   0.000000000000   0.000000000000
  0.000000000000   0.000000000000   0.000000000000
  0.000000000000   0.000000000000   0.000000000000
  0.000000000000   0.000000000000   0.000000000000
  0.000000000000   0.000000000000   0.000000000000
  0.000000000000   0.000000000000   0.000000000000
  0.000000000000   0.000000000000   0.000000000000
  0.000000000000   0.000000000000   0.000000000000
  0.000000000000   0.000000000000   0.000000000000
  0.000000000000   0.000000000000   0.000000000000
  0.000000000000   0.000000000000   0.000000000000
  0.000000000000   0.000000000000   0.000000000000
  0.000000000000   0.000000000000   0.000000000000
  0.000000000000   0.000000000000   0.000000000000
  0.000000000000   0.000000000000   0.000000000000
  0.000000000000   0.000000000000   0.000000000000
  0.000000000000   0.000000000000   0.000000000000
  0.000000000000   0.000000000000   0.000000000000
  0.000000000000   0.000000000000   0.000000000000
  0.000000000000   0.000000000000   0.000000000000
  0.000000000000   0.000000000000   0.000000000000
  0.000000000000   0.000000000000   0.000000000000
  0.000000000000   0.000000000000   0.000000000000
  0.000000000000   0.000000000000   0.000000000000
  0.000000000000   0.000000000000   0.000000000000
  0.000000000000   0.000000000000   0.000000000000
  0.000000000000   0.000000000000   0.000000000000
  0.000000000000   0.000000000000   0.000000000000
  0.000000000000   0.000000000000   0.000000000000
  0.000000000000   0.000000000000   0.000000000000
 -0.000180087660  -0.000109290503  -0.000594868386
 -0.000536932673   0.000397702861  -0.000624593042
 -0.000516875610  -0.000351271374   0.000020279820
  0.005653908977   0.004065364231  -0.004686313429
  0.011770175556  -0.027594288126   0.006986786917
 -0.001833104532  -0.014407945009  -0.006312722650
 -0.004183753364  -0.010676785252  -0.001664166601
  0.017924522242   0.041756507708   0.012837311802
  0.012957694763   0.001781878794   0.007510185286
  0.003839049191   0.001643297102  -0.005646729543
 -0.000700125280  -0.000448198452   0.000925241627
  0.028100119030  -0.028198172236   0.038203304567
 -0.035615032477  -0.021173601574  -0.045935775337
  0.074360834521  -0.062431618159   0.172427555382
 -0.336226786000   0.012967598684  -0.590703522452
  0.030415152372   0.055034289120   0.127686975707
  0.170452042253  -0.021145570046   0.275808798375
  0.024534607266   0.068178351632   0.014187333146
  0.000000000000   0.000000000000   0.000000000000
  0.000000000000   0.000000000000   0.000000000000
  0.000000000000   0.000000000000   0.000000000000
  0.000000000000   0.000000000000   0.000000000000
  0.000000000000   0.000000000000   0.000000000000
  0.000000000000   0.000000000000   0.000000000000
  0.000000000000   0.000000000000   0.000000000000
  0.000000000000   0.000000000000   0.000000000000
  0.000000000000   0.000000000000   0.000000000000
  0.000000000000   0.000000000000   0.000000000000
  0.000000000000   0.000000000000   0.000000000000
  0.000000000000   0.000000000000   0.000000000000
  0.000000000000   0.000000000000   0.000000000000
  0.000000000000   0.000000000000   0.000000000000
  0.000000000000   0.000000000000   0.000000000000
  0.000000000000   0.000000000000   0.000000000000
  0.000000000000   0.000000000000   0.000000000000
  0.000000000000   0.000000000000   0.000000000000
  0.000000000000   0.000000000000   0.000000000000
  0.000000000000   0.000000000000   0.000000000000
  0.000000000000   0.000000000000   0.000000000000
  0.000000000000   0.000000000000   0.000000000000
  0.000000000000   0.000000000000   0.000000000000
  0.000000000000   0.000000000000   0.000000000000
  0.000000000000   0.000000000000   0.000000000000
  0.000000000000   0.000000000000   0.000000000000
  0.000000000000   0.000000000000   0.000000000000
  0.000000000000   0.000000000000   0.000000000000
  0.000000000000   0.000000000000   0.000000000000
  0.000000000000   0.000000000000   0.000000000000
  0.000000000000   0.000000000000   0.000000000000
  0.000000000000   0.000000000000   0.000000000000
  0.000000000000   0.000000000000   0.000000000000
  0.000000000000   0.000000000000   0.000000000000
  0.000000000000   0.000000000000   0.000000000000
  0.000000000000   0.000000000000   0.000000000000
  0.000000000000   0.000000000000   0.000000000000
  0.000000000000   0.000000000000   0.000000000000
  0.000000000000   0.000000000000   0.000000000000
  0.000000000000   0.000000000000   0.000000000000
  0.000000000000   0.000000000000   0.000000000000
  0.000000000000   0.000000000000   0.000000000000
  0.000000000000   0.000000000000   0.000000000000
  0.000000000000   0.000000000000   0.000000000000
  0.000000000000   0.000000000000   0.000000000000
  0.000000000000   0.000000000000   0.000000000000
  0.000000000000   0.000000000000   0.000000000000
  0.000000000000   0.000000000000   0.000000000000
  0.000000000000   0.000000000000   0.000000000000
  0.000000000000   0.000000000000   0.000000000000
  0.000000000000   0.000000000000   0.000000000000
  0.000000000000   0.000000000000   0.000000000000
  0.000000000000   0.000000000000   0.000000000000
  0.000000000000   0.000000000000   0.000000000000
  0.000000000000   0.000000000000   0.000000000000
  0.000000000000   0.000000000000   0.000000000000
  0.000000000000   0.000000000000   0.000000000000
  0.000000000000   0.000000000000   0.000000000000
  0.000000000000   0.000000000000   0.000000000000
  0.000000000000   0.000000000000   0.000000000000
  0.000000000000   0.000000000000   0.000000000000
  0.000000000000   0.000000000000   0.000000000000
  0.000000000000   0.000000000000   0.000000000000
  0.000000000000   0.000000000000   0.000000000000
  0.000000000000   0.000000000000   0.000000000000
  0.000000000000   0.000000000000   0.000000000000
  0.000000000000   0.000000000000   0.000000000000
  0.000000000000   0.000000000000   0.000000000000
  0.000000000000   0.000000000000   0.000000000000
  0.000000000000   0.000000000000   0.000000000000
  0.000000000000   0.000000000000   0.000000000000
  0.000000000000   0.000000000000   0.000000000000
  0.000000000000   0.000000000000   0.000000000000
  0.000000000000   0.000000000000   0.000000000000
  0.000000000000   0.000000000000   0.000000000000
  0.000000000000   0.000000000000   0.000000000000
  0.000000000000   0.000000000000   0.000000000000
  0.000000000000   0.000000000000   0.000000000000
  0.000000000000   0.000000000000   0.000000000000
  0.000000000000   0.000000000000   0.000000000000
  0.000000000000   0.000000000000   0.000000000000
  0.000000000000   0.000000000000   0.000000000000
  0.000000000000   0.000000000000   0.000000000000
  0.000000000000   0.000000000000   0.000000000000
  0.000000000000   0.000000000000   0.000000000000
  0.000000000000   0.000000000000   0.000000000000
  0.000000000000   0.000000000000   0.000000000000
  0.000000000000   0.000000000000   0.000000000000
  0.000000000000   0.000000000000   0.000000000000
  0.000000000000   0.000000000000   0.000000000000
  0.000000000000   0.000000000000   0.000000000000
  0.000000000000   0.000000000000   0.000000000000
  0.000000000000   0.000000000000   0.000000000000
  0.000000000000   0.000000000000   0.000000000000
  0.000000000000   0.000000000000   0.000000000000
  0.000000000000   0.000000000000   0.000000000000
  0.000000000000   0.000000000000   0.000000000000
  0.000000000000   0.000000000000   0.000000000000
  0.000000000000   0.000000000000   0.000000000000
  0.000000000000   0.000000000000   0.000000000000
  0.000000000000   0.000000000000   0.000000000000
  0.000000000000   0.000000000000   0.000000000000
  0.000000000000   0.000000000000   0.000000000000
  0.000000000000   0.000000000000   0.000000000000
  0.000000000000   0.000000000000   0.000000000000
  0.000000000000   0.000000000000   0.000000000000
  0.000000000000   0.000000000000   0.000000000000
  0.000000000000   0.000000000000   0.000000000000
  0.000000000000   0.000000000000   0.000000000000
  0.000000000000   0.000000000000   0.000000000000
  0.000000000000   0.000000000000   0.000000000000
  0.000000000000   0.000000000000   0.000000000000
  0.000000000000   0.000000000000   0.000000000000
  0.000000000000   0.000000000000   0.000000000000
  0.000000000000   0.000000000000   0.000000000000
  0.000000000000   0.000000000000   0.000000000000
  0.000000000000   0.000000000000   0.000000000000
  0.000000000000   0.000000000000   0.000000000000
  0.000000000000   0.000000000000   0.000000000000
  0.000000000000   0.000000000000   0.000000000000
  0.000000000000   0.000000000000   0.000000000000
  0.000000000000   0.000000000000   0.000000000000
  0.000000000000   0.000000000000   0.000000000000
  0.000000000000   0.000000000000   0.000000000000
  0.000000000000   0.000000000000   0.000000000000
  0.000000000000   0.000000000000   0.000000000000
  0.000000000000   0.000000000000   0.000000000000
  0.000000000000   0.000000000000   0.000000000000
  0.000000000000   0.000000000000   0.000000000000
  0.000000000000   0.000000000000   0.000000000000
  0.000000000000   0.000000000000   0.000000000000
  0.000000000000   0.000000000000   0.000000000000
  0.000000000000   0.000000000000   0.000000000000
  0.000000000000   0.000000000000   0.000000000000
  0.000000000000   0.000000000000   0.000000000000
  0.000000000000   0.000000000000   0.000000000000
  0.000000000000   0.000000000000   0.000000000000
  0.000000000000   0.000000000000   0.000000000000
  0.000000000000   0.000000000000   0.000000000000
  0.000000000000   0.000000000000   0.000000000000
  0.000000000000   0.000000000000   0.000000000000
  0.000000000000   0.000000000000   0.000000000000
  0.000000000000   0.000000000000   0.000000000000
  0.000000000000   0.000000000000   0.000000000000
  0.000000000000   0.000000000000   0.000000000000
  0.000000000000   0.000000000000   0.000000000000
  0.000000000000   0.000000000000   0.000000000000
  0.000000000000   0.000000000000   0.000000000000
  0.000000000000   0.000000000000   0.000000000000
  0.000000000000   0.000000000000   0.000000000000
  0.000000000000   0.000000000000   0.000000000000
  0.000000000000   0.000000000000   0.000000000000
  0.000000000000   0.000000000000   0.000000000000
  0.000000000000   0.000000000000   0.000000000000
  0.000000000000   0.000000000000   0.000000000000
  0.000000000000   0.000000000000   0.000000000000
  0.000000000000   0.000000000000   0.000000000000
  0.000000000000   0.000000000000   0.000000000000
  0.000000000000   0.000000000000   0.000000000000
  0.000000000000   0.000000000000   0.000000000000
  0.000000000000   0.000000000000   0.000000000000
  0.000000000000   0.000000000000   0.000000000000
  0.000000000000   0.000000000000   0.000000000000
  0.000000000000   0.000000000000   0.000000000000
  0.000000000000   0.000000000000   0.000000000000
  0.000000000000   0.000000000000   0.000000000000
  0.000000000000   0.000000000000   0.000000000000
  0.000000000000   0.000000000000   0.000000000000
  0.000000000000   0.000000000000   0.000000000000
  0.000000000000   0.000000000000   0.000000000000
  0.000000000000   0.000000000000   0.000000000000
  0.000000000000   0.000000000000   0.000000000000
  0.000000000000   0.000000000000   0.000000000000
  0.000000000000   0.000000000000   0.000000000000
  0.000000000000   0.000000000000   0.000000000000
  0.000000000000   0.000000000000   0.000000000000
  0.000000000000   0.000000000000   0.000000000000
  0.000000000000   0.000000000000   0.000000000000
  0.000000000000   0.000000000000   0.000000000000
  0.000000000000   0.000000000000   0.000000000000
  0.000000000000   0.000000000000   0.000000000000
  0.000000000000   0.000000000000   0.000000000000
  0.000000000000   0.000000000000   0.000000000000
  0.000000000000   0.000000000000   0.000000000000
  0.000000000000   0.000000000000   0.000000000000
  0.000000000000   0.000000000000   0.000000000000
  0.000000000000   0.000000000000   0.000000000000
  0.000000000000   0.000000000000   0.000000000000
  0.000000000000   0.000000000000   0.000000000000
  0.000000000000   0.000000000000   0.000000000000
  0.000000000000   0.000000000000   0.000000000000
  0.000000000000   0.000000000000   0.000000000000
  113    1  0.0150  0.0000  0.0000
  0.000000000000   0.000000000000   0.000000000000
  0.000000000000   0.000000000000   0.000000000000
  0.000000000000   0.000000000000   0.000000000000
  0.000000000000   0.000000000000   0.000000000000
  0.000000000000   0.000000000000   0.000000000000
  0.000000000000   0.000000000000   0.000000000000
  0.000000000000   0.000000000000   0.000000000000
  0.000000000000   0.000000000000   0.000000000000
  0.000000000000   0.000000000000   0.000000000000
  0.000000000000   0.000000000000   0.000000000000
  0.000000000000   0.000000000000   0.000000000000
  0.000000000000   0.000000000000   0.000000000000
  0.000000000000   0.000000000000   0.000000000000
  0.000000000000   0.000000000000   0.000000000000
  0.000000000000   0.000000000000   0.000000000000
  0.000000000000   0.000000000000   0.000000000000
  0.000000000000   0.000000000000   0.000000000000
  0.000000000000   0.000000000000   0.000000000000
  0.000000000000   0.000000000000   0.000000000000
  0.000000000000   0.000000000000   0.000000000000
  0.000000000000   0.000000000000   0.000000000000
  0.000000000000   0.000000000000   0.000000000000
  0.000000000000   0.000000000000   0.000000000000
  0.000000000000   0.000000000000   0.000000000000
  0.000000000000   0.000000000000   0.000000000000
  0.000000000000   0.000000000000   0.000000000000
  0.000000000000   0.000000000000   0.000000000000
  0.000000000000   0.000000000000   0.000000000000
  0.000000000000   0.000000000000   0.000000000000
  0.000000000000   0.000000000000   0.000000000000
  0.000000000000   0.000000000000   0.000000000000
  0.000000000000   0.000000000000   0.000000000000
  0.000000000000   0.000000000000   0.000000000000
  0.000000000000   0.000000000000   0.000000000000
  0.000000000000   0.000000000000   0.000000000000
  0.000000000000   0.000000000000   0.000000000000
  0.000000000000   0.000000000000   0.000000000000
  0.000000000000   0.000000000000   0.000000000000
  0.000000000000   0.000000000000   0.000000000000
  0.000000000000   0.000000000000   0.000000000000
  0.000000000000   0.000000000000   0.000000000000
  0.000000000000   0.000000000000   0.000000000000
  0.000000000000   0.000000000000   0.000000000000
  0.000000000000   0.000000000000   0.000000000000
  0.000000000000   0.000000000000   0.000000000000
  0.000000000000   0.000000000000   0.000000000000
  0.000000000000   0.000000000000   0.000000000000
  0.000000000000   0.000000000000   0.000000000000
  0.000000000000   0.000000000000   0.000000000000
  0.000000000000   0.000000000000   0.000000000000
  0.000000000000   0.000000000000   0.000000000000
  0.000000000000   0.000000000000   0.000000000000
  0.000000000000   0.000000000000   0.000000000000
  0.000000000000   0.000000000000   0.000000000000
  0.000000000000   0.000000000000   0.000000000000
  0.000000000000   0.000000000000   0.000000000000
  0.000000000000   0.000000000000   0.000000000000
  0.000000000000   0.000000000000   0.000000000000
  0.000000000000   0.000000000000   0.000000000000
  0.000000000000   0.000000000000   0.000000000000
  0.000000000000   0.000000000000   0.000000000000
  0.000000000000   0.000000000000   0.000000000000
  0.000000000000   0.000000000000   0.000000000000
  0.000000000000   0.000000000000   0.000000000000
  0.000000000000   0.000000000000   0.000000000000
  0.000000000000   0.000000000000   0.000000000000
  0.000000000000   0.000000000000   0.000000000000
  0.000000000000   0.000000000000   0.000000000000
  0.000000000000   0.000000000000   0.000000000000
  0.000000000000   0.000000000000   0.000000000000
  0.000000000000   0.000000000000   0.000000000000
  0.000000000000   0.000000000000   0.000000000000
  0.000000000000   0.000000000000   0.000000000000
  0.000000000000   0.000000000000   0.000000000000
  0.000000000000   0.000000000000   0.000000000000
  0.000000000000   0.000000000000   0.000000000000
  0.000000000000   0.000000000000   0.000000000000
  0.000000000000   0.000000000000   0.000000000000
  0.000000000000   0.000000000000   0.000000000000
  0.000000000000   0.000000000000   0.000000000000
  0.000000000000   0.000000000000   0.000000000000
  0.000000000000   0.000000000000   0.000000000000
  0.000000000000   0.000000000000   0.000000000000
  0.000000000000   0.000000000000   0.000000000000
  0.000000000000   0.000000000000   0.000000000000
  0.000000000000   0.000000000000   0.000000000000
  0.000000000000   0.000000000000   0.000000000000
  0.000000000000   0.000000000000   0.000000000000
  0.000000000000   0.000000000000   0.000000000000
  0.000000000000   0.000000000000   0.000000000000
  0.000000000000   0.000000000000   0.000000000000
  0.000000000000   0.000000000000   0.000000000000
  0.000000000000   0.000000000000   0.000000000000
  0.000000000000   0.000000000000   0.000000000000
  0.000000000000   0.000000000000   0.000000000000
  0.000000000000   0.000000000000   0.000000000000
  0.000000000000   0.000000000000   0.000000000000
  0.000007202671   0.000323755487  -0.000114842360
  0.000108986209   0.000084593692   0.000047508165
  0.000081341790  -0.000043999548   0.000052148212
 -0.000218615380  -0.001156275109  -0.000479264934
  0.002116041704  -0.000214362374  -0.003141913798
  0.345531891039   0.068451916635  -0.133829950330
  0.209904671093  -0.172532761456   0.057051091153
  0.063079138874  -0.004608781550   0.044918909455
  0.001984253433   0.001014004472  -0.002623089160
  0.000033353034   0.001094249363   0.000709943063
  0.000168572197  -0.000105750283  -0.000612793797
  0.002527383718   0.000564804305   0.000608003686
 -0.004497231889  -0.005837773312   0.005525915757
 -0.012186637116  -0.008673923829  -0.005333651713
  0.123397929077   0.047052637504   0.030324120195
 -0.741445218655   0.045958086600  -0.016177198605
  0.011689449774   0.030510351511   0.015016416244
 -0.003101165033  -0.001809085650   0.006885431772
  0.000000000000   0.000000000000   0.000000000000
  0.000000000000   0.000000000000   0.000000000000
  0.000000000000   0.000000000000   0.000000000000
  0.000000000000   0.000000000000   0.000000000000
  0.000000000000   0.000000000000   0.000000000000
  0.000000000000   0.000000000000   0.000000000000
  0.000000000000   0.000000000000   0.000000000000
  0.000000000000   0.000000000000   0.000000000000
  0.000000000000   0.000000000000   0.000000000000
  0.000000000000   0.000000000000   0.000000000000
  0.000000000000   0.000000000000   0.000000000000
  0.000000000000   0.000000000000   0.000000000000
  0.000000000000   0.000000000000   0.000000000000
  0.000000000000   0.000000000000   0.000000000000
  0.000000000000   0.000000000000   0.000000000000
  0.000000000000   0.000000000000   0.000000000000
  0.000000000000   0.000000000000   0.000000000000
  0.000000000000   0.000000000000   0.000000000000
  0.000000000000   0.000000000000   0.000000000000
  0.000000000000   0.000000000000   0.000000000000
  0.000000000000   0.000000000000   0.000000000000
  0.000000000000   0.000000000000   0.000000000000
  0.000000000000   0.000000000000   0.000000000000
  0.000000000000   0.000000000000   0.000000000000
  0.000000000000   0.000000000000   0.000000000000
  0.000000000000   0.000000000000   0.000000000000
  0.000000000000   0.000000000000   0.000000000000
  0.000000000000   0.000000000000   0.000000000000
  0.000000000000   0.000000000000   0.000000000000
  0.000000000000   0.000000000000   0.000000000000
  0.000000000000   0.000000000000   0.000000000000
  0.000000000000   0.000000000000   0.000000000000
  0.000000000000   0.000000000000   0.000000000000
  0.000000000000   0.000000000000   0.000000000000
  0.000000000000   0.000000000000   0.000000000000
  0.000000000000   0.000000000000   0.000000000000
  0.000000000000   0.000000000000   0.000000000000
  0.000000000000   0.000000000000   0.000000000000
  0.000000000000   0.000000000000   0.000000000000
  0.000000000000   0.000000000000   0.000000000000
  0.000000000000   0.000000000000   0.000000000000
  0.000000000000   0.000000000000   0.000000000000
  0.000000000000   0.000000000000   0.000000000000
  0.000000000000   0.000000000000   0.000000000000
  0.000000000000   0.000000000000   0.000000000000
  0.000000000000   0.000000000000   0.000000000000
  0.000000000000   0.000000000000   0.000000000000
  0.000000000000   0.000000000000   0.000000000000
  0.000000000000   0.000000000000   0.000000000000
  0.000000000000   0.000000000000   0.000000000000
  0.000000000000   0.000000000000   0.000000000000
  0.000000000000   0.000000000000   0.000000000000
  0.000000000000   0.000000000000   0.000000000000
  0.000000000000   0.000000000000   0.000000000000
  0.000000000000   0.000000000000   0.000000000000
  0.000000000000   0.000000000000   0.000000000000
  0.000000000000   0.000000000000   0.000000000000
  0.000000000000   0.000000000000   0.000000000000
  0.000000000000   0.000000000000   0.000000000000
  0.000000000000   0.000000000000   0.000000000000
  0.000000000000   0.000000000000   0.000000000000
  0.000000000000   0.000000000000   0.000000000000
  0.000000000000   0.000000000000   0.000000000000
  0.000000000000   0.000000000000   0.000000000000
  0.000000000000   0.000000000000   0.000000000000
  0.000000000000   0.000000000000   0.000000000000
  0.000000000000   0.000000000000   0.000000000000
  0.000000000000   0.000000000000   0.000000000000
  0.000000000000   0.000000000000   0.000000000000
  0.000000000000   0.000000000000   0.000000000000
  0.000000000000   0.000000000000   0.000000000000
  0.000000000000   0.000000000000   0.000000000000
  0.000000000000   0.000000000000   0.000000000000
  0.000000000000   0.000000000000   0.000000000000
  0.000000000000   0.000000000000   0.000000000000
  0.000000000000   0.000000000000   0.000000000000
  0.000000000000   0.000000000000   0.000000000000
  0.000000000000   0.000000000000   0.000000000000
  0.000000000000   0.000000000000   0.000000000000
  0.000000000000   0.000000000000   0.000000000000
  0.000000000000   0.000000000000   0.000000000000
  0.000000000000   0.000000000000   0.000000000000
  0.000000000000   0.000000000000   0.000000000000
  0.000000000000   0.000000000000   0.000000000000
  0.000000000000   0.000000000000   0.000000000000
  0.000000000000   0.000000000000   0.000000000000
  0.000000000000   0.000000000000   0.000000000000
  0.000000000000   0.000000000000   0.000000000000
  0.000000000000   0.000000000000   0.000000000000
  0.000000000000   0.000000000000   0.000000000000
  0.000000000000   0.000000000000   0.000000000000
  0.000000000000   0.000000000000   0.000000000000
  0.000000000000   0.000000000000   0.000000000000
  0.000000000000   0.000000000000   0.000000000000
  0.000000000000   0.000000000000   0.000000000000
  0.000000000000   0.000000000000   0.000000000000
  0.000000000000   0.000000000000   0.000000000000
  0.000000000000   0.000000000000   0.000000000000
  0.000000000000   0.000000000000   0.000000000000
  0.000000000000   0.000000000000   0.000000000000
  0.000000000000   0.000000000000   0.000000000000
  0.000000000000   0.000000000000   0.000000000000
  0.000000000000   0.000000000000   0.000000000000
  0.000000000000   0.000000000000   0.000000000000
  0.000000000000   0.000000000000   0.000000000000
  0.000000000000   0.000000000000   0.000000000000
  0.000000000000   0.000000000000   0.000000000000
  0.000000000000   0.000000000000   0.000000000000
  0.000000000000   0.000000000000   0.000000000000
  0.000000000000   0.000000000000   0.000000000000
  0.000000000000   0.000000000000   0.000000000000
  0.000000000000   0.000000000000   0.000000000000
  0.000000000000   0.000000000000   0.000000000000
  0.000000000000   0.000000000000   0.000000000000
  0.000000000000   0.000000000000   0.000000000000
  0.000000000000   0.000000000000   0.000000000000
  0.000000000000   0.000000000000   0.000000000000
  0.000000000000   0.000000000000   0.000000000000
  0.000000000000   0.000000000000   0.000000000000
  0.000000000000   0.000000000000   0.000000000000
  0.000000000000   0.000000000000   0.000000000000
  0.000000000000   0.000000000000   0.000000000000
  0.000000000000   0.000000000000   0.000000000000
  0.000000000000   0.000000000000   0.000000000000
  0.000000000000   0.000000000000   0.000000000000
  0.000000000000   0.000000000000   0.000000000000
  0.000000000000   0.000000000000   0.000000000000
  0.000000000000   0.000000000000   0.000000000000
  0.000000000000   0.000000000000   0.000000000000
  0.000000000000   0.000000000000   0.000000000000
  0.000000000000   0.000000000000   0.000000000000
  0.000000000000   0.000000000000   0.000000000000
  0.000000000000   0.000000000000   0.000000000000
  0.000000000000   0.000000000000   0.000000000000
  0.000000000000   0.000000000000   0.000000000000
  0.000000000000   0.000000000000   0.000000000000
  0.000000000000   0.000000000000   0.000000000000
  0.000000000000   0.000000000000   0.000000000000
  0.000000000000   0.000000000000   0.000000000000
  0.000000000000   0.000000000000   0.000000000000
  0.000000000000   0.000000000000   0.000000000000
  0.000000000000   0.000000000000   0.000000000000
  0.000000000000   0.000000000000   0.000000000000
  0.000000000000   0.000000000000   0.000000000000
  0.000000000000   0.000000000000   0.000000000000
  0.000000000000   0.000000000000   0.000000000000
  0.000000000000   0.000000000000   0.000000000000
  0.000000000000   0.000000000000   0.000000000000
  0.000000000000   0.000000000000   0.000000000000
  0.000000000000   0.000000000000   0.000000000000
  0.000000000000   0.000000000000   0.000000000000
  0.000000000000   0.000000000000   0.000000000000
  0.000000000000   0.000000000000   0.000000000000
  0.000000000000   0.000000000000   0.000000000000
  0.000000000000   0.000000000000   0.000000000000
  0.000000000000   0.000000000000   0.000000000000
  0.000000000000   0.000000000000   0.000000000000
  0.000000000000   0.000000000000   0.000000000000
  0.000000000000   0.000000000000   0.000000000000
  0.000000000000   0.000000000000   0.000000000000
  0.000000000000   0.000000000000   0.000000000000
  0.000000000000   0.000000000000   0.000000000000
  0.000000000000   0.000000000000   0.000000000000
  0.000000000000   0.000000000000   0.000000000000
  0.000000000000   0.000000000000   0.000000000000
  0.000000000000   0.000000000000   0.000000000000
  0.000000000000   0.000000000000   0.000000000000
  0.000000000000   0.000000000000   0.000000000000
  0.000000000000   0.000000000000   0.000000000000
  0.000000000000   0.000000000000   0.000000000000
  0.000000000000   0.000000000000   0.000000000000
  0.000000000000   0.000000000000   0.000000000000
  0.000000000000   0.000000000000   0.000000000000
  0.000000000000   0.000000000000   0.000000000000
  0.000000000000   0.000000000000   0.000000000000
  0.000000000000   0.000000000000   0.000000000000
  0.000000000000   0.000000000000   0.000000000000
  0.000000000000   0.000000000000   0.000000000000
  0.000000000000   0.000000000000   0.000000000000
  0.000000000000   0.000000000000   0.000000000000
  0.000000000000   0.000000000000   0.000000000000
  0.000000000000   0.000000000000   0.000000000000
  0.000000000000   0.000000000000   0.000000000000
  0.000000000000   0.000000000000   0.000000000000
  0.000000000000   0.000000000000   0.000000000000
  0.000000000000   0.000000000000   0.000000000000
  0.000000000000   0.000000000000   0.000000000000
  0.000000000000   0.000000000000   0.000000000000
  0.000000000000   0.000000000000   0.000000000000
  0.000000000000   0.000000000000   0.000000000000
  0.000000000000   0.000000000000   0.000000000000
  0.000000000000   0.000000000000   0.000000000000
  113    2  0.0000  0.0150  0.0000
  0.000000000000   0.000000000000   0.000000000000
  0.000000000000   0.000000000000   0.000000000000
  0.000000000000   0.000000000000   0.000000000000
  0.000000000000   0.000000000000   0.000000000000
  0.000000000000   0.000000000000   0.000000000000
  0.000000000000   0.000000000000   0.000000000000
  0.000000000000   0.000000000000   0.000000000000
  0.000000000000   0.000000000000   0.000000000000
  0.000000000000   0.000000000000   0.000000000000
  0.000000000000   0.000000000000   0.000000000000
  0.000000000000   0.000000000000   0.000000000000
  0.000000000000   0.000000000000   0.000000000000
  0.000000000000   0.000000000000   0.000000000000
  0.000000000000   0.000000000000   0.000000000000
  0.000000000000   0.000000000000   0.000000000000
  0.000000000000   0.000000000000   0.000000000000
  0.000000000000   0.000000000000   0.000000000000
  0.000000000000   0.000000000000   0.000000000000
  0.000000000000   0.000000000000   0.000000000000
  0.000000000000   0.000000000000   0.000000000000
  0.000000000000   0.000000000000   0.000000000000
  0.000000000000   0.000000000000   0.000000000000
  0.000000000000   0.000000000000   0.000000000000
  0.000000000000   0.000000000000   0.000000000000
  0.000000000000   0.000000000000   0.000000000000
  0.000000000000   0.000000000000   0.000000000000
  0.000000000000   0.000000000000   0.000000000000
  0.000000000000   0.000000000000   0.000000000000
  0.000000000000   0.000000000000   0.000000000000
  0.000000000000   0.000000000000   0.000000000000
  0.000000000000   0.000000000000   0.000000000000
  0.000000000000   0.000000000000   0.000000000000
  0.000000000000   0.000000000000   0.000000000000
  0.000000000000   0.000000000000   0.000000000000
  0.000000000000   0.000000000000   0.000000000000
  0.000000000000   0.000000000000   0.000000000000
  0.000000000000   0.000000000000   0.000000000000
  0.000000000000   0.000000000000   0.000000000000
  0.000000000000   0.000000000000   0.000000000000
  0.000000000000   0.000000000000   0.000000000000
  0.000000000000   0.000000000000   0.000000000000
  0.000000000000   0.000000000000   0.000000000000
  0.000000000000   0.000000000000   0.000000000000
  0.000000000000   0.000000000000   0.000000000000
  0.000000000000   0.000000000000   0.000000000000
  0.000000000000   0.000000000000   0.000000000000
  0.000000000000   0.000000000000   0.000000000000
  0.000000000000   0.000000000000   0.000000000000
  0.000000000000   0.000000000000   0.000000000000
  0.000000000000   0.000000000000   0.000000000000
  0.000000000000   0.000000000000   0.000000000000
  0.000000000000   0.000000000000   0.000000000000
  0.000000000000   0.000000000000   0.000000000000
  0.000000000000   0.000000000000   0.000000000000
  0.000000000000   0.000000000000   0.000000000000
  0.000000000000   0.000000000000   0.000000000000
  0.000000000000   0.000000000000   0.000000000000
  0.000000000000   0.000000000000   0.000000000000
  0.000000000000   0.000000000000   0.000000000000
  0.000000000000   0.000000000000   0.000000000000
  0.000000000000   0.000000000000   0.000000000000
  0.000000000000   0.000000000000   0.000000000000
  0.000000000000   0.000000000000   0.000000000000
  0.000000000000   0.000000000000   0.000000000000
  0.000000000000   0.000000000000   0.000000000000
  0.000000000000   0.000000000000   0.000000000000
  0.000000000000   0.000000000000   0.000000000000
  0.000000000000   0.000000000000   0.000000000000
  0.000000000000   0.000000000000   0.000000000000
  0.000000000000   0.000000000000   0.000000000000
  0.000000000000   0.000000000000   0.000000000000
  0.000000000000   0.000000000000   0.000000000000
  0.000000000000   0.000000000000   0.000000000000
  0.000000000000   0.000000000000   0.000000000000
  0.000000000000   0.000000000000   0.000000000000
  0.000000000000   0.000000000000   0.000000000000
  0.000000000000   0.000000000000   0.000000000000
  0.000000000000   0.000000000000   0.000000000000
  0.000000000000   0.000000000000   0.000000000000
  0.000000000000   0.000000000000   0.000000000000
  0.000000000000   0.000000000000   0.000000000000
  0.000000000000   0.000000000000   0.000000000000
  0.000000000000   0.000000000000   0.000000000000
  0.000000000000   0.000000000000   0.000000000000
  0.000000000000   0.000000000000   0.000000000000
  0.000000000000   0.000000000000   0.000000000000
  0.000000000000   0.000000000000   0.000000000000
  0.000000000000   0.000000000000   0.000000000000
  0.000000000000   0.000000000000   0.000000000000
  0.000000000000   0.000000000000   0.000000000000
  0.000000000000   0.000000000000   0.000000000000
  0.000000000000   0.000000000000   0.000000000000
  0.000000000000   0.000000000000   0.000000000000
  0.000000000000   0.000000000000   0.000000000000
  0.000000000000   0.000000000000   0.000000000000
  0.000000000000   0.000000000000   0.000000000000
  0.000000000000   0.000000000000   0.000000000000
 -0.000005189150   0.000032474353   0.000006773053
 -0.000080049839   0.000031647860   0.000045889778
  0.000046750087   0.000047309143   0.000072883321
  0.000519877904   0.000928246295   0.000413199329
  0.001140976368  -0.002154341763   0.001047644817
  0.063870810667   0.072767831713  -0.030581673295
 -0.177009846034   0.263148324833  -0.062928962301
 -0.005029832062   0.062852030295  -0.009501296295
 -0.001140089919  -0.001915802679  -0.002539064839
 -0.000198346091  -0.000497508998  -0.000526691345
  0.000274793014  -0.000227231082  -0.000235401850
  0.000747005597   0.001113512624   0.001155271082
 -0.004139210422   0.000264520788  -0.004635251446
  0.014066624723   0.046380926879   0.013096193499
  0.056635882411   0.261009167275   0.055325792819
  0.044889183378  -0.706900646943   0.036527256456
  0.007664222151   0.004865571019   0.007883946740
 -0.002959527583  -0.001767852312  -0.001081675881
  0.000000000000   0.000000000000   0.000000000000
  0.000000000000   0.000000000000   0.000000000000
  0.000000000000   0.000000000000   0.000000000000
  0.000000000000   0.000000000000   0.000000000000
  0.000000000000   0.000000000000   0.000000000000
  0.000000000000   0.000000000000   0.000000000000
  0.000000000000   0.000000000000   0.000000000000
  0.000000000000   0.000000000000   0.000000000000
  0.000000000000   0.000000000000   0.000000000000
  0.000000000000   0.000000000000   0.000000000000
  0.000000000000   0.000000000000   0.000000000000
  0.000000000000   0.000000000000   0.000000000000
  0.000000000000   0.000000000000   0.000000000000
  0.000000000000   0.000000000000   0.000000000000
  0.000000000000   0.000000000000   0.000000000000
  0.000000000000   0.000000000000   0.000000000000
  0.000000000000   0.000000000000   0.000000000000
  0.000000000000   0.000000000000   0.000000000000
  0.000000000000   0.000000000000   0.000000000000
  0.000000000000   0.000000000000   0.000000000000
  0.000000000000   0.000000000000   0.000000000000
  0.000000000000   0.000000000000   0.000000000000
  0.000000000000   0.000000000000   0.000000000000
  0.000000000000   0.000000000000   0.000000000000
  0.000000000000   0.000000000000   0.000000000000
  0.000000000000   0.000000000000   0.000000000000
  0.000000000000   0.000000000000   0.000000000000
  0.000000000000   0.000000000000   0.000000000000
  0.000000000000   0.000000000000   0.000000000000
  0.000000000000   0.000000000000   0.000000000000
  0.000000000000   0.000000000000   0.000000000000
  0.000000000000   0.000000000000   0.000000000000
  0.000000000000   0.000000000000   0.000000000000
  0.000000000000   0.000000000000   0.000000000000
  0.000000000000   0.000000000000   0.000000000000
  0.000000000000   0.000000000000   0.000000000000
  0.000000000000   0.000000000000   0.000000000000
  0.000000000000   0.000000000000   0.000000000000
  0.000000000000   0.000000000000   0.000000000000
  0.000000000000   0.000000000000   0.000000000000
  0.000000000000   0.000000000000   0.000000000000
  0.000000000000   0.000000000000   0.000000000000
  0.000000000000   0.000000000000   0.000000000000
  0.000000000000   0.000000000000   0.000000000000
  0.000000000000   0.000000000000   0.000000000000
  0.000000000000   0.000000000000   0.000000000000
  0.000000000000   0.000000000000   0.000000000000
  0.000000000000   0.000000000000   0.000000000000
  0.000000000000   0.000000000000   0.000000000000
  0.000000000000   0.000000000000   0.000000000000
  0.000000000000   0.000000000000   0.000000000000
  0.000000000000   0.000000000000   0.000000000000
  0.000000000000   0.000000000000   0.000000000000
  0.000000000000   0.000000000000   0.000000000000
  0.000000000000   0.000000000000   0.000000000000
  0.000000000000   0.000000000000   0.000000000000
  0.000000000000   0.000000000000   0.000000000000
  0.000000000000   0.000000000000   0.000000000000
  0.000000000000   0.000000000000   0.000000000000
  0.000000000000   0.000000000000   0.000000000000
  0.000000000000   0.000000000000   0.000000000000
  0.000000000000   0.000000000000   0.000000000000
  0.000000000000   0.000000000000   0.000000000000
  0.000000000000   0.000000000000   0.000000000000
  0.000000000000   0.000000000000   0.000000000000
  0.000000000000   0.000000000000   0.000000000000
  0.000000000000   0.000000000000   0.000000000000
  0.000000000000   0.000000000000   0.000000000000
  0.000000000000   0.000000000000   0.000000000000
  0.000000000000   0.000000000000   0.000000000000
  0.000000000000   0.000000000000   0.000000000000
  0.000000000000   0.000000000000   0.000000000000
  0.000000000000   0.000000000000   0.000000000000
  0.000000000000   0.000000000000   0.000000000000
  0.000000000000   0.000000000000   0.000000000000
  0.000000000000   0.000000000000   0.000000000000
  0.000000000000   0.000000000000   0.000000000000
  0.000000000000   0.000000000000   0.000000000000
  0.000000000000   0.000000000000   0.000000000000
  0.000000000000   0.000000000000   0.000000000000
  0.000000000000   0.000000000000   0.000000000000
  0.000000000000   0.000000000000   0.000000000000
  0.000000000000   0.000000000000   0.000000000000
  0.000000000000   0.000000000000   0.000000000000
  0.000000000000   0.000000000000   0.000000000000
  0.000000000000   0.000000000000   0.000000000000
  0.000000000000   0.000000000000   0.000000000000
  0.000000000000   0.000000000000   0.000000000000
  0.000000000000   0.000000000000   0.000000000000
  0.000000000000   0.000000000000   0.000000000000
  0.000000000000   0.000000000000   0.000000000000
  0.000000000000   0.000000000000   0.000000000000
  0.000000000000   0.000000000000   0.000000000000
  0.000000000000   0.000000000000   0.000000000000
  0.000000000000   0.000000000000   0.000000000000
  0.000000000000   0.000000000000   0.000000000000
  0.000000000000   0.000000000000   0.000000000000
  0.000000000000   0.000000000000   0.000000000000
  0.000000000000   0.000000000000   0.000000000000
  0.000000000000   0.000000000000   0.000000000000
  0.000000000000   0.000000000000   0.000000000000
  0.000000000000   0.000000000000   0.000000000000
  0.000000000000   0.000000000000   0.000000000000
  0.000000000000   0.000000000000   0.000000000000
  0.000000000000   0.000000000000   0.000000000000
  0.000000000000   0.000000000000   0.000000000000
  0.000000000000   0.000000000000   0.000000000000
  0.000000000000   0.000000000000   0.000000000000
  0.000000000000   0.000000000000   0.000000000000
  0.000000000000   0.000000000000   0.000000000000
  0.000000000000   0.000000000000   0.000000000000
  0.000000000000   0.000000000000   0.000000000000
  0.000000000000   0.000000000000   0.000000000000
  0.000000000000   0.000000000000   0.000000000000
  0.000000000000   0.000000000000   0.000000000000
  0.000000000000   0.000000000000   0.000000000000
  0.000000000000   0.000000000000   0.000000000000
  0.000000000000   0.000000000000   0.000000000000
  0.000000000000   0.000000000000   0.000000000000
  0.000000000000   0.000000000000   0.000000000000
  0.000000000000   0.000000000000   0.000000000000
  0.000000000000   0.000000000000   0.000000000000
  0.000000000000   0.000000000000   0.000000000000
  0.000000000000   0.000000000000   0.000000000000
  0.000000000000   0.000000000000   0.000000000000
  0.000000000000   0.000000000000   0.000000000000
  0.000000000000   0.000000000000   0.000000000000
  0.000000000000   0.000000000000   0.000000000000
  0.000000000000   0.000000000000   0.000000000000
  0.000000000000   0.000000000000   0.000000000000
  0.000000000000   0.000000000000   0.000000000000
  0.000000000000   0.000000000000   0.000000000000
  0.000000000000   0.000000000000   0.000000000000
  0.000000000000   0.000000000000   0.000000000000
  0.000000000000   0.000000000000   0.000000000000
  0.000000000000   0.000000000000   0.000000000000
  0.000000000000   0.000000000000   0.000000000000
  0.000000000000   0.000000000000   0.000000000000
  0.000000000000   0.000000000000   0.000000000000
  0.000000000000   0.000000000000   0.000000000000
  0.000000000000   0.000000000000   0.000000000000
  0.000000000000   0.000000000000   0.000000000000
  0.000000000000   0.000000000000   0.000000000000
  0.000000000000   0.000000000000   0.000000000000
  0.000000000000   0.000000000000   0.000000000000
  0.000000000000   0.000000000000   0.000000000000
  0.000000000000   0.000000000000   0.000000000000
  0.000000000000   0.000000000000   0.000000000000
  0.000000000000   0.000000000000   0.000000000000
  0.000000000000   0.000000000000   0.000000000000
  0.000000000000   0.000000000000   0.000000000000
  0.000000000000   0.000000000000   0.000000000000
  0.000000000000   0.000000000000   0.000000000000
  0.000000000000   0.000000000000   0.000000000000
  0.000000000000   0.000000000000   0.000000000000
  0.000000000000   0.000000000000   0.000000000000
  0.000000000000   0.000000000000   0.000000000000
  0.000000000000   0.000000000000   0.000000000000
  0.000000000000   0.000000000000   0.000000000000
  0.000000000000   0.000000000000   0.000000000000
  0.000000000000   0.000000000000   0.000000000000
  0.000000000000   0.000000000000   0.000000000000
  0.000000000000   0.000000000000   0.000000000000
  0.000000000000   0.000000000000   0.000000000000
  0.000000000000   0.000000000000   0.000000000000
  0.000000000000   0.000000000000   0.000000000000
  0.000000000000   0.000000000000   0.000000000000
  0.000000000000   0.000000000000   0.000000000000
  0.000000000000   0.000000000000   0.000000000000
  0.000000000000   0.000000000000   0.000000000000
  0.000000000000   0.000000000000   0.000000000000
  0.000000000000   0.000000000000   0.000000000000
  0.000000000000   0.000000000000   0.000000000000
  0.000000000000   0.000000000000   0.000000000000
  0.000000000000   0.000000000000   0.000000000000
  0.000000000000   0.000000000000   0.000000000000
  0.000000000000   0.000000000000   0.000000000000
  0.000000000000   0.000000000000   0.000000000000
  0.000000000000   0.000000000000   0.000000000000
  0.000000000000   0.000000000000   0.000000000000
  0.000000000000   0.000000000000   0.000000000000
  0.000000000000   0.000000000000   0.000000000000
  0.000000000000   0.000000000000   0.000000000000
  0.000000000000   0.000000000000   0.000000000000
  0.000000000000   0.000000000000   0.000000000000
  0.000000000000   0.000000000000   0.000000000000
  0.000000000000   0.000000000000   0.000000000000
  0.000000000000   0.000000000000   0.000000000000
  0.000000000000   0.000000000000   0.000000000000
  0.000000000000   0.000000000000   0.000000000000
  0.000000000000   0.000000000000   0.000000000000
  0.000000000000   0.000000000000   0.000000000000
  113    3  0.0000  0.0000  0.0150
  0.000000000000   0.000000000000   0.000000000000
  0.000000000000   0.000000000000   0.000000000000
  0.000000000000   0.000000000000   0.000000000000
  0.000000000000   0.000000000000   0.000000000000
  0.000000000000   0.000000000000   0.000000000000
  0.000000000000   0.000000000000   0.000000000000
  0.000000000000   0.000000000000   0.000000000000
  0.000000000000   0.000000000000   0.000000000000
  0.000000000000   0.000000000000   0.000000000000
  0.000000000000   0.000000000000   0.000000000000
  0.000000000000   0.000000000000   0.000000000000
  0.000000000000   0.000000000000   0.000000000000
  0.000000000000   0.000000000000   0.000000000000
  0.000000000000   0.000000000000   0.000000000000
  0.000000000000   0.000000000000   0.000000000000
  0.000000000000   0.000000000000   0.000000000000
  0.000000000000   0.000000000000   0.000000000000
  0.000000000000   0.000000000000   0.000000000000
  0.000000000000   0.000000000000   0.000000000000
  0.000000000000   0.000000000000   0.000000000000
  0.000000000000   0.000000000000   0.000000000000
  0.000000000000   0.000000000000   0.000000000000
  0.000000000000   0.000000000000   0.000000000000
  0.000000000000   0.000000000000   0.000000000000
  0.000000000000   0.000000000000   0.000000000000
  0.000000000000   0.000000000000   0.000000000000
  0.000000000000   0.000000000000   0.000000000000
  0.000000000000   0.000000000000   0.000000000000
  0.000000000000   0.000000000000   0.000000000000
  0.000000000000   0.000000000000   0.000000000000
  0.000000000000   0.000000000000   0.000000000000
  0.000000000000   0.000000000000   0.000000000000
  0.000000000000   0.000000000000   0.000000000000
  0.000000000000   0.000000000000   0.000000000000
  0.000000000000   0.000000000000   0.000000000000
  0.000000000000   0.000000000000   0.000000000000
  0.000000000000   0.000000000000   0.000000000000
  0.000000000000   0.000000000000   0.000000000000
  0.000000000000   0.000000000000   0.000000000000
  0.000000000000   0.000000000000   0.000000000000
  0.000000000000   0.000000000000   0.000000000000
  0.000000000000   0.000000000000   0.000000000000
  0.000000000000   0.000000000000   0.000000000000
  0.000000000000   0.000000000000   0.000000000000
  0.000000000000   0.000000000000   0.000000000000
  0.000000000000   0.000000000000   0.000000000000
  0.000000000000   0.000000000000   0.000000000000
  0.000000000000   0.000000000000   0.000000000000
  0.000000000000   0.000000000000   0.000000000000
  0.000000000000   0.000000000000   0.000000000000
  0.000000000000   0.000000000000   0.000000000000
  0.000000000000   0.000000000000   0.000000000000
  0.000000000000   0.000000000000   0.000000000000
  0.000000000000   0.000000000000   0.000000000000
  0.000000000000   0.000000000000   0.000000000000
  0.000000000000   0.000000000000   0.000000000000
  0.000000000000   0.000000000000   0.000000000000
  0.000000000000   0.000000000000   0.000000000000
  0.000000000000   0.000000000000   0.000000000000
  0.000000000000   0.000000000000   0.000000000000
  0.000000000000   0.000000000000   0.000000000000
  0.000000000000   0.000000000000   0.000000000000
  0.000000000000   0.000000000000   0.000000000000
  0.000000000000   0.000000000000   0.000000000000
  0.000000000000   0.000000000000   0.000000000000
  0.000000000000   0.000000000000   0.000000000000
  0.000000000000   0.000000000000   0.000000000000
  0.000000000000   0.000000000000   0.000000000000
  0.000000000000   0.000000000000   0.000000000000
  0.000000000000   0.000000000000   0.000000000000
  0.000000000000   0.000000000000   0.000000000000
  0.000000000000   0.000000000000   0.000000000000
  0.000000000000   0.000000000000   0.000000000000
  0.000000000000   0.000000000000   0.000000000000
  0.000000000000   0.000000000000   0.000000000000
  0.000000000000   0.000000000000   0.000000000000
  0.000000000000   0.000000000000   0.000000000000
  0.000000000000   0.000000000000   0.000000000000
  0.000000000000   0.000000000000   0.000000000000
  0.000000000000   0.000000000000   0.000000000000
  0.000000000000   0.000000000000   0.000000000000
  0.000000000000   0.000000000000   0.000000000000
  0.000000000000   0.000000000000   0.000000000000
  0.000000000000   0.000000000000   0.000000000000
  0.000000000000   0.000000000000   0.000000000000
  0.000000000000   0.000000000000   0.000000000000
  0.000000000000   0.000000000000   0.000000000000
  0.000000000000   0.000000000000   0.000000000000
  0.000000000000   0.000000000000   0.000000000000
  0.000000000000   0.000000000000   0.000000000000
  0.000000000000   0.000000000000   0.000000000000
  0.000000000000   0.000000000000   0.000000000000
  0.000000000000   0.000000000000   0.000000000000
  0.000000000000   0.000000000000   0.000000000000
  0.000000000000   0.000000000000   0.000000000000
  0.000000000000   0.000000000000   0.000000000000
  0.000000000000   0.000000000000   0.000000000000
  0.000080362924  -0.000032378849   0.000074428251
 -0.000112366456   0.000158795513   0.000072945055
 -0.000142259729   0.000014719713  -0.000153355332
 -0.000194619444  -0.001052175213  -0.000446413866
 -0.001956642189  -0.001083130598   0.001091768081
 -0.136089029371  -0.032937685127   0.117715399789
  0.056336148134  -0.061586536327   0.083494953741
  0.043321853836  -0.011803484659   0.427960107383
 -0.004153460787   0.001357090253   0.001158555508
  0.000832536611   0.001144014288   0.000018187248
 -0.000480644731   0.000110700587   0.000415815309
 -0.000141187064   0.000085674268   0.001656462430
  0.004345136282  -0.003947679732  -0.002247606837
 -0.006242904521  -0.009992613239  -0.010042257545
  0.035092121662   0.054564489315   0.127700019430
 -0.015402484056   0.034060037877  -0.756676891098
  0.016216057305   0.031884766389   0.008961891143
  0.008534859562  -0.001140410916  -0.002105226946
  0.000000000000   0.000000000000   0.000000000000
  0.000000000000   0.000000000000   0.000000000000
  0.000000000000   0.000000000000   0.000000000000
  0.000000000000   0.000000000000   0.000000000000
  0.000000000000   0.000000000000   0.000000000000
  0.000000000000   0.000000000000   0.000000000000
  0.000000000000   0.000000000000   0.000000000000
  0.000000000000   0.000000000000   0.000000000000
  0.000000000000   0.000000000000   0.000000000000
  0.000000000000   0.000000000000   0.000000000000
  0.000000000000   0.000000000000   0.000000000000
  0.000000000000   0.000000000000   0.000000000000
  0.000000000000   0.000000000000   0.000000000000
  0.000000000000   0.000000000000   0.000000000000
  0.000000000000   0.000000000000   0.000000000000
  0.000000000000   0.000000000000   0.000000000000
  0.000000000000   0.000000000000   0.000000000000
  0.000000000000   0.000000000000   0.000000000000
  0.000000000000   0.000000000000   0.000000000000
  0.000000000000   0.000000000000   0.000000000000
  0.000000000000   0.000000000000   0.000000000000
  0.000000000000   0.000000000000   0.000000000000
  0.000000000000   0.000000000000   0.000000000000
  0.000000000000   0.000000000000   0.000000000000
  0.000000000000   0.000000000000   0.000000000000
  0.000000000000   0.000000000000   0.000000000000
  0.000000000000   0.000000000000   0.000000000000
  0.000000000000   0.000000000000   0.000000000000
  0.000000000000   0.000000000000   0.000000000000
  0.000000000000   0.000000000000   0.000000000000
  0.000000000000   0.000000000000   0.000000000000
  0.000000000000   0.000000000000   0.000000000000
  0.000000000000   0.000000000000   0.000000000000
  0.000000000000   0.000000000000   0.000000000000
  0.000000000000   0.000000000000   0.000000000000
  0.000000000000   0.000000000000   0.000000000000
  0.000000000000   0.000000000000   0.000000000000
  0.000000000000   0.000000000000   0.000000000000
  0.000000000000   0.000000000000   0.000000000000
  0.000000000000   0.000000000000   0.000000000000
  0.000000000000   0.000000000000   0.000000000000
  0.000000000000   0.000000000000   0.000000000000
  0.000000000000   0.000000000000   0.000000000000
  0.000000000000   0.000000000000   0.000000000000
  0.000000000000   0.000000000000   0.000000000000
  0.000000000000   0.000000000000   0.000000000000
  0.000000000000   0.000000000000   0.000000000000
  0.000000000000   0.000000000000   0.000000000000
  0.000000000000   0.000000000000   0.000000000000
  0.000000000000   0.000000000000   0.000000000000
  0.000000000000   0.000000000000   0.000000000000
  0.000000000000   0.000000000000   0.000000000000
  0.000000000000   0.000000000000   0.000000000000
  0.000000000000   0.000000000000   0.000000000000
  0.000000000000   0.000000000000   0.000000000000
  0.000000000000   0.000000000000   0.000000000000
  0.000000000000   0.000000000000   0.000000000000
  0.000000000000   0.000000000000   0.000000000000
  0.000000000000   0.000000000000   0.000000000000
  0.000000000000   0.000000000000   0.000000000000
  0.000000000000   0.000000000000   0.000000000000
  0.000000000000   0.000000000000   0.000000000000
  0.000000000000   0.000000000000   0.000000000000
  0.000000000000   0.000000000000   0.000000000000
  0.000000000000   0.000000000000   0.000000000000
  0.000000000000   0.000000000000   0.000000000000
  0.000000000000   0.000000000000   0.000000000000
  0.000000000000   0.000000000000   0.000000000000
  0.000000000000   0.000000000000   0.000000000000
  0.000000000000   0.000000000000   0.000000000000
  0.000000000000   0.000000000000   0.000000000000
  0.000000000000   0.000000000000   0.000000000000
  0.000000000000   0.000000000000   0.000000000000
  0.000000000000   0.000000000000   0.000000000000
  0.000000000000   0.000000000000   0.000000000000
  0.000000000000   0.000000000000   0.000000000000
  0.000000000000   0.000000000000   0.000000000000
  0.000000000000   0.000000000000   0.000000000000
  0.000000000000   0.000000000000   0.000000000000
  0.000000000000   0.000000000000   0.000000000000
  0.000000000000   0.000000000000   0.000000000000
  0.000000000000   0.000000000000   0.000000000000
  0.000000000000   0.000000000000   0.000000000000
  0.000000000000   0.000000000000   0.000000000000
  0.000000000000   0.000000000000   0.000000000000
  0.000000000000   0.000000000000   0.000000000000
  0.000000000000   0.000000000000   0.000000000000
  0.000000000000   0.000000000000   0.000000000000
  0.000000000000   0.000000000000   0.000000000000
  0.000000000000   0.000000000000   0.000000000000
  0.000000000000   0.000000000000   0.000000000000
  0.000000000000   0.000000000000   0.000000000000
  0.000000000000   0.000000000000   0.000000000000
  0.000000000000   0.000000000000   0.000000000000
  0.000000000000   0.000000000000   0.000000000000
  0.000000000000   0.000000000000   0.000000000000
  0.000000000000   0.000000000000   0.000000000000
  0.000000000000   0.000000000000   0.000000000000
  0.000000000000   0.000000000000   0.000000000000
  0.000000000000   0.000000000000   0.000000000000
  0.000000000000   0.000000000000   0.000000000000
  0.000000000000   0.000000000000   0.000000000000
  0.000000000000   0.000000000000   0.000000000000
  0.000000000000   0.000000000000   0.000000000000
  0.000000000000   0.000000000000   0.000000000000
  0.000000000000   0.000000000000   0.000000000000
  0.000000000000   0.000000000000   0.000000000000
  0.000000000000   0.000000000000   0.000000000000
  0.000000000000   0.000000000000   0.000000000000
  0.000000000000   0.000000000000   0.000000000000
  0.000000000000   0.000000000000   0.000000000000
  0.000000000000   0.000000000000   0.000000000000
  0.000000000000   0.000000000000   0.000000000000
  0.000000000000   0.000000000000   0.000000000000
  0.000000000000   0.000000000000   0.000000000000
  0.000000000000   0.000000000000   0.000000000000
  0.000000000000   0.000000000000   0.000000000000
  0.000000000000   0.000000000000   0.000000000000
  0.000000000000   0.000000000000   0.000000000000
  0.000000000000   0.000000000000   0.000000000000
  0.000000000000   0.000000000000   0.000000000000
  0.000000000000   0.000000000000   0.000000000000
  0.000000000000   0.000000000000   0.000000000000
  0.000000000000   0.000000000000   0.000000000000
  0.000000000000   0.000000000000   0.000000000000
  0.000000000000   0.000000000000   0.000000000000
  0.000000000000   0.000000000000   0.000000000000
  0.000000000000   0.000000000000   0.000000000000
  0.000000000000   0.000000000000   0.000000000000
  0.000000000000   0.000000000000   0.000000000000
  0.000000000000   0.000000000000   0.000000000000
  0.000000000000   0.000000000000   0.000000000000
  0.000000000000   0.000000000000   0.000000000000
  0.000000000000   0.000000000000   0.000000000000
  0.000000000000   0.000000000000   0.000000000000
  0.000000000000   0.000000000000   0.000000000000
  0.000000000000   0.000000000000   0.000000000000
  0.000000000000   0.000000000000   0.000000000000
  0.000000000000   0.000000000000   0.000000000000
  0.000000000000   0.000000000000   0.000000000000
  0.000000000000   0.000000000000   0.000000000000
  0.000000000000   0.000000000000   0.000000000000
  0.000000000000   0.000000000000   0.000000000000
  0.000000000000   0.000000000000   0.000000000000
  0.000000000000   0.000000000000   0.000000000000
  0.000000000000   0.000000000000   0.000000000000
  0.000000000000   0.000000000000   0.000000000000
  0.000000000000   0.000000000000   0.000000000000
  0.000000000000   0.000000000000   0.000000000000
  0.000000000000   0.000000000000   0.000000000000
  0.000000000000   0.000000000000   0.000000000000
  0.000000000000   0.000000000000   0.000000000000
  0.000000000000   0.000000000000   0.000000000000
  0.000000000000   0.000000000000   0.000000000000
  0.000000000000   0.000000000000   0.000000000000
  0.000000000000   0.000000000000   0.000000000000
  0.000000000000   0.000000000000   0.000000000000
  0.000000000000   0.000000000000   0.000000000000
  0.000000000000   0.000000000000   0.000000000000
  0.000000000000   0.000000000000   0.000000000000
  0.000000000000   0.000000000000   0.000000000000
  0.000000000000   0.000000000000   0.000000000000
  0.000000000000   0.000000000000   0.000000000000
  0.000000000000   0.000000000000   0.000000000000
  0.000000000000   0.000000000000   0.000000000000
  0.000000000000   0.000000000000   0.000000000000
  0.000000000000   0.000000000000   0.000000000000
  0.000000000000   0.000000000000   0.000000000000
  0.000000000000   0.000000000000   0.000000000000
  0.000000000000   0.000000000000   0.000000000000
  0.000000000000   0.000000000000   0.000000000000
  0.000000000000   0.000000000000   0.000000000000
  0.000000000000   0.000000000000   0.000000000000
  0.000000000000   0.000000000000   0.000000000000
  0.000000000000   0.000000000000   0.000000000000
  0.000000000000   0.000000000000   0.000000000000
  0.000000000000   0.000000000000   0.000000000000
  0.000000000000   0.000000000000   0.000000000000
  0.000000000000   0.000000000000   0.000000000000
  0.000000000000   0.000000000000   0.000000000000
  0.000000000000   0.000000000000   0.000000000000
  0.000000000000   0.000000000000   0.000000000000
  0.000000000000   0.000000000000   0.000000000000
  0.000000000000   0.000000000000   0.000000000000
  0.000000000000   0.000000000000   0.000000000000
  0.000000000000   0.000000000000   0.000000000000
  0.000000000000   0.000000000000   0.000000000000
  0.000000000000   0.000000000000   0.000000000000
  0.000000000000   0.000000000000   0.000000000000
  0.000000000000   0.000000000000   0.000000000000
  0.000000000000   0.000000000000   0.000000000000
  0.000000000000   0.000000000000   0.000000000000
  114    1  0.0150  0.0000  0.0000
  0.000000000000   0.000000000000   0.000000000000
  0.000000000000   0.000000000000   0.000000000000
  0.000000000000   0.000000000000   0.000000000000
  0.000000000000   0.000000000000   0.000000000000
  0.000000000000   0.000000000000   0.000000000000
  0.000000000000   0.000000000000   0.000000000000
  0.000000000000   0.000000000000   0.000000000000
  0.000000000000   0.000000000000   0.000000000000
  0.000000000000   0.000000000000   0.000000000000
  0.000000000000   0.000000000000   0.000000000000
  0.000000000000   0.000000000000   0.000000000000
  0.000000000000   0.000000000000   0.000000000000
  0.000000000000   0.000000000000   0.000000000000
  0.000000000000   0.000000000000   0.000000000000
  0.000000000000   0.000000000000   0.000000000000
  0.000000000000   0.000000000000   0.000000000000
  0.000000000000   0.000000000000   0.000000000000
  0.000000000000   0.000000000000   0.000000000000
  0.000000000000   0.000000000000   0.000000000000
  0.000000000000   0.000000000000   0.000000000000
  0.000000000000   0.000000000000   0.000000000000
  0.000000000000   0.000000000000   0.000000000000
  0.000000000000   0.000000000000   0.000000000000
  0.000000000000   0.000000000000   0.000000000000
  0.000000000000   0.000000000000   0.000000000000
  0.000000000000   0.000000000000   0.000000000000
  0.000000000000   0.000000000000   0.000000000000
  0.000000000000   0.000000000000   0.000000000000
  0.000000000000   0.000000000000   0.000000000000
  0.000000000000   0.000000000000   0.000000000000
  0.000000000000   0.000000000000   0.000000000000
  0.000000000000   0.000000000000   0.000000000000
  0.000000000000   0.000000000000   0.000000000000
  0.000000000000   0.000000000000   0.000000000000
  0.000000000000   0.000000000000   0.000000000000
  0.000000000000   0.000000000000   0.000000000000
  0.000000000000   0.000000000000   0.000000000000
  0.000000000000   0.000000000000   0.000000000000
  0.000000000000   0.000000000000   0.000000000000
  0.000000000000   0.000000000000   0.000000000000
  0.000000000000   0.000000000000   0.000000000000
  0.000000000000   0.000000000000   0.000000000000
  0.000000000000   0.000000000000   0.000000000000
  0.000000000000   0.000000000000   0.000000000000
  0.000000000000   0.000000000000   0.000000000000
  0.000000000000   0.000000000000   0.000000000000
  0.000000000000   0.000000000000   0.000000000000
  0.000000000000   0.000000000000   0.000000000000
  0.000000000000   0.000000000000   0.000000000000
  0.000000000000   0.000000000000   0.000000000000
  0.000000000000   0.000000000000   0.000000000000
  0.000000000000   0.000000000000   0.000000000000
  0.000000000000   0.000000000000   0.000000000000
  0.000000000000   0.000000000000   0.000000000000
  0.000000000000   0.000000000000   0.000000000000
  0.000000000000   0.000000000000   0.000000000000
  0.000000000000   0.000000000000   0.000000000000
  0.000000000000   0.000000000000   0.000000000000
  0.000000000000   0.000000000000   0.000000000000
  0.000000000000   0.000000000000   0.000000000000
  0.000000000000   0.000000000000   0.000000000000
  0.000000000000   0.000000000000   0.000000000000
  0.000000000000   0.000000000000   0.000000000000
  0.000000000000   0.000000000000   0.000000000000
  0.000000000000   0.000000000000   0.000000000000
  0.000000000000   0.000000000000   0.000000000000
  0.000000000000   0.000000000000   0.000000000000
  0.000000000000   0.000000000000   0.000000000000
  0.000000000000   0.000000000000   0.000000000000
  0.000000000000   0.000000000000   0.000000000000
  0.000000000000   0.000000000000   0.000000000000
  0.000000000000   0.000000000000   0.000000000000
  0.000000000000   0.000000000000   0.000000000000
  0.000000000000   0.000000000000   0.000000000000
  0.000000000000   0.000000000000   0.000000000000
  0.000000000000   0.000000000000   0.000000000000
  0.000000000000   0.000000000000   0.000000000000
  0.000000000000   0.000000000000   0.000000000000
  0.000000000000   0.000000000000   0.000000000000
  0.000000000000   0.000000000000   0.000000000000
  0.000000000000   0.000000000000   0.000000000000
  0.000000000000   0.000000000000   0.000000000000
  0.000000000000   0.000000000000   0.000000000000
  0.000000000000   0.000000000000   0.000000000000
  0.000000000000   0.000000000000   0.000000000000
  0.000000000000   0.000000000000   0.000000000000
  0.000000000000   0.000000000000   0.000000000000
  0.000000000000   0.000000000000   0.000000000000
  0.000000000000   0.000000000000   0.000000000000
  0.000000000000   0.000000000000   0.000000000000
  0.000000000000   0.000000000000   0.000000000000
  0.000000000000   0.000000000000   0.000000000000
  0.000000000000   0.000000000000   0.000000000000
  0.000000000000   0.000000000000   0.000000000000
  0.000000000000   0.000000000000   0.000000000000
  0.000000000000   0.000000000000   0.000000000000
  0.000000000000   0.000000000000   0.000000000000
 -0.000306608473  -0.001680645618  -0.000237022496
  0.000793949624   0.001709573810   0.000929322934
 -0.000121961603   0.000068302097  -0.000667752573
  0.001111983010   0.000740258691  -0.000226161785
 -0.005204268803  -0.002389598987   0.004581212529
 -0.000519898119  -0.000454992937   0.000726288848
 -0.000868760639  -0.001707034328  -0.000630407178
 -0.000338342073   0.000462930531  -0.000715254739
  0.098346778793  -0.101973534070   0.069876677038
  0.006552377718   0.026349345062   0.008115946056
 -0.003106380833  -0.002653700913   0.007370318774
 -0.037024001929   0.012194163187  -0.029949945401
  0.031158515275   0.020396715405   0.023587171972
  0.015240461077  -0.063020281200   0.027908307434
  0.251342012460   0.036607941661   0.170218973647
  0.011595604816   0.007686111221   0.015933911240
 -0.519538764297   0.011042329784  -0.367311803585
  0.143904091796   0.070177558335   0.079384926412
  0.000000000000   0.000000000000   0.000000000000
  0.000000000000   0.000000000000   0.000000000000
  0.000000000000   0.000000000000   0.000000000000
  0.000000000000   0.000000000000   0.000000000000
  0.000000000000   0.000000000000   0.000000000000
  0.000000000000   0.000000000000   0.000000000000
  0.000000000000   0.000000000000   0.000000000000
  0.000000000000   0.000000000000   0.000000000000
  0.000000000000   0.000000000000   0.000000000000
  0.000000000000   0.000000000000   0.000000000000
  0.000000000000   0.000000000000   0.000000000000
  0.000000000000   0.000000000000   0.000000000000
  0.000000000000   0.000000000000   0.000000000000
  0.000000000000   0.000000000000   0.000000000000
  0.000000000000   0.000000000000   0.000000000000
  0.000000000000   0.000000000000   0.000000000000
  0.000000000000   0.000000000000   0.000000000000
  0.000000000000   0.000000000000   0.000000000000
  0.000000000000   0.000000000000   0.000000000000
  0.000000000000   0.000000000000   0.000000000000
  0.000000000000   0.000000000000   0.000000000000
  0.000000000000   0.000000000000   0.000000000000
  0.000000000000   0.000000000000   0.000000000000
  0.000000000000   0.000000000000   0.000000000000
  0.000000000000   0.000000000000   0.000000000000
  0.000000000000   0.000000000000   0.000000000000
  0.000000000000   0.000000000000   0.000000000000
  0.000000000000   0.000000000000   0.000000000000
  0.000000000000   0.000000000000   0.000000000000
  0.000000000000   0.000000000000   0.000000000000
  0.000000000000   0.000000000000   0.000000000000
  0.000000000000   0.000000000000   0.000000000000
  0.000000000000   0.000000000000   0.000000000000
  0.000000000000   0.000000000000   0.000000000000
  0.000000000000   0.000000000000   0.000000000000
  0.000000000000   0.000000000000   0.000000000000
  0.000000000000   0.000000000000   0.000000000000
  0.000000000000   0.000000000000   0.000000000000
  0.000000000000   0.000000000000   0.000000000000
  0.000000000000   0.000000000000   0.000000000000
  0.000000000000   0.000000000000   0.000000000000
  0.000000000000   0.000000000000   0.000000000000
  0.000000000000   0.000000000000   0.000000000000
  0.000000000000   0.000000000000   0.000000000000
  0.000000000000   0.000000000000   0.000000000000
  0.000000000000   0.000000000000   0.000000000000
  0.000000000000   0.000000000000   0.000000000000
  0.000000000000   0.000000000000   0.000000000000
  0.000000000000   0.000000000000   0.000000000000
  0.000000000000   0.000000000000   0.000000000000
  0.000000000000   0.000000000000   0.000000000000
  0.000000000000   0.000000000000   0.000000000000
  0.000000000000   0.000000000000   0.000000000000
  0.000000000000   0.000000000000   0.000000000000
  0.000000000000   0.000000000000   0.000000000000
  0.000000000000   0.000000000000   0.000000000000
  0.000000000000   0.000000000000   0.000000000000
  0.000000000000   0.000000000000   0.000000000000
  0.000000000000   0.000000000000   0.000000000000
  0.000000000000   0.000000000000   0.000000000000
  0.000000000000   0.000000000000   0.000000000000
  0.000000000000   0.000000000000   0.000000000000
  0.000000000000   0.000000000000   0.000000000000
  0.000000000000   0.000000000000   0.000000000000
  0.000000000000   0.000000000000   0.000000000000
  0.000000000000   0.000000000000   0.000000000000
  0.000000000000   0.000000000000   0.000000000000
  0.000000000000   0.000000000000   0.000000000000
  0.000000000000   0.000000000000   0.000000000000
  0.000000000000   0.000000000000   0.000000000000
  0.000000000000   0.000000000000   0.000000000000
  0.000000000000   0.000000000000   0.000000000000
  0.000000000000   0.000000000000   0.000000000000
  0.000000000000   0.000000000000   0.000000000000
  0.000000000000   0.000000000000   0.000000000000
  0.000000000000   0.000000000000   0.000000000000
  0.000000000000   0.000000000000   0.000000000000
  0.000000000000   0.000000000000   0.000000000000
  0.000000000000   0.000000000000   0.000000000000
  0.000000000000   0.000000000000   0.000000000000
  0.000000000000   0.000000000000   0.000000000000
  0.000000000000   0.000000000000   0.000000000000
  0.000000000000   0.000000000000   0.000000000000
  0.000000000000   0.000000000000   0.000000000000
  0.000000000000   0.000000000000   0.000000000000
  0.000000000000   0.000000000000   0.000000000000
  0.000000000000   0.000000000000   0.000000000000
  0.000000000000   0.000000000000   0.000000000000
  0.000000000000   0.000000000000   0.000000000000
  0.000000000000   0.000000000000   0.000000000000
  0.000000000000   0.000000000000   0.000000000000
  0.000000000000   0.000000000000   0.000000000000
  0.000000000000   0.000000000000   0.000000000000
  0.000000000000   0.000000000000   0.000000000000
  0.000000000000   0.000000000000   0.000000000000
  0.000000000000   0.000000000000   0.000000000000
  0.000000000000   0.000000000000   0.000000000000
  0.000000000000   0.000000000000   0.000000000000
  0.000000000000   0.000000000000   0.000000000000
  0.000000000000   0.000000000000   0.000000000000
  0.000000000000   0.000000000000   0.000000000000
  0.000000000000   0.000000000000   0.000000000000
  0.000000000000   0.000000000000   0.000000000000
  0.000000000000   0.000000000000   0.000000000000
  0.000000000000   0.000000000000   0.000000000000
  0.000000000000   0.000000000000   0.000000000000
  0.000000000000   0.000000000000   0.000000000000
  0.000000000000   0.000000000000   0.000000000000
  0.000000000000   0.000000000000   0.000000000000
  0.000000000000   0.000000000000   0.000000000000
  0.000000000000   0.000000000000   0.000000000000
  0.000000000000   0.000000000000   0.000000000000
  0.000000000000   0.000000000000   0.000000000000
  0.000000000000   0.000000000000   0.000000000000
  0.000000000000   0.000000000000   0.000000000000
  0.000000000000   0.000000000000   0.000000000000
  0.000000000000   0.000000000000   0.000000000000
  0.000000000000   0.000000000000   0.000000000000
  0.000000000000   0.000000000000   0.000000000000
  0.000000000000   0.000000000000   0.000000000000
  0.000000000000   0.000000000000   0.000000000000
  0.000000000000   0.000000000000   0.000000000000
  0.000000000000   0.000000000000   0.000000000000
  0.000000000000   0.000000000000   0.000000000000
  0.000000000000   0.000000000000   0.000000000000
  0.000000000000   0.000000000000   0.000000000000
  0.000000000000   0.000000000000   0.000000000000
  0.000000000000   0.000000000000   0.000000000000
  0.000000000000   0.000000000000   0.000000000000
  0.000000000000   0.000000000000   0.000000000000
  0.000000000000   0.000000000000   0.000000000000
  0.000000000000   0.000000000000   0.000000000000
  0.000000000000   0.000000000000   0.000000000000
  0.000000000000   0.000000000000   0.000000000000
  0.000000000000   0.000000000000   0.000000000000
  0.000000000000   0.000000000000   0.000000000000
  0.000000000000   0.000000000000   0.000000000000
  0.000000000000   0.000000000000   0.000000000000
  0.000000000000   0.000000000000   0.000000000000
  0.000000000000   0.000000000000   0.000000000000
  0.000000000000   0.000000000000   0.000000000000
  0.000000000000   0.000000000000   0.000000000000
  0.000000000000   0.000000000000   0.000000000000
  0.000000000000   0.000000000000   0.000000000000
  0.000000000000   0.000000000000   0.000000000000
  0.000000000000   0.000000000000   0.000000000000
  0.000000000000   0.000000000000   0.000000000000
  0.000000000000   0.000000000000   0.000000000000
  0.000000000000   0.000000000000   0.000000000000
  0.000000000000   0.000000000000   0.000000000000
  0.000000000000   0.000000000000   0.000000000000
  0.000000000000   0.000000000000   0.000000000000
  0.000000000000   0.000000000000   0.000000000000
  0.000000000000   0.000000000000   0.000000000000
  0.000000000000   0.000000000000   0.000000000000
  0.000000000000   0.000000000000   0.000000000000
  0.000000000000   0.000000000000   0.000000000000
  0.000000000000   0.000000000000   0.000000000000
  0.000000000000   0.000000000000   0.000000000000
  0.000000000000   0.000000000000   0.000000000000
  0.000000000000   0.000000000000   0.000000000000
  0.000000000000   0.000000000000   0.000000000000
  0.000000000000   0.000000000000   0.000000000000
  0.000000000000   0.000000000000   0.000000000000
  0.000000000000   0.000000000000   0.000000000000
  0.000000000000   0.000000000000   0.000000000000
  0.000000000000   0.000000000000   0.000000000000
  0.000000000000   0.000000000000   0.000000000000
  0.000000000000   0.000000000000   0.000000000000
  0.000000000000   0.000000000000   0.000000000000
  0.000000000000   0.000000000000   0.000000000000
  0.000000000000   0.000000000000   0.000000000000
  0.000000000000   0.000000000000   0.000000000000
  0.000000000000   0.000000000000   0.000000000000
  0.000000000000   0.000000000000   0.000000000000
  0.000000000000   0.000000000000   0.000000000000
  0.000000000000   0.000000000000   0.000000000000
  0.000000000000   0.000000000000   0.000000000000
  0.000000000000   0.000000000000   0.000000000000
  0.000000000000   0.000000000000   0.000000000000
  0.000000000000   0.000000000000   0.000000000000
  0.000000000000   0.000000000000   0.000000000000
  0.000000000000   0.000000000000   0.000000000000
  0.000000000000   0.000000000000   0.000000000000
  0.000000000000   0.000000000000   0.000000000000
  0.000000000000   0.000000000000   0.000000000000
  0.000000000000   0.000000000000   0.000000000000
  0.000000000000   0.000000000000   0.000000000000
  0.000000000000   0.000000000000   0.000000000000
  0.000000000000   0.000000000000   0.000000000000
  0.000000000000   0.000000000000   0.000000000000
  0.000000000000   0.000000000000   0.000000000000
  114    2  0.0000  0.0150  0.0000
  0.000000000000   0.000000000000   0.000000000000
  0.000000000000   0.000000000000   0.000000000000
  0.000000000000   0.000000000000   0.000000000000
  0.000000000000   0.000000000000   0.000000000000
  0.000000000000   0.000000000000   0.000000000000
  0.000000000000   0.000000000000   0.000000000000
  0.000000000000   0.000000000000   0.000000000000
  0.000000000000   0.000000000000   0.000000000000
  0.000000000000   0.000000000000   0.000000000000
  0.000000000000   0.000000000000   0.000000000000
  0.000000000000   0.000000000000   0.000000000000
  0.000000000000   0.000000000000   0.000000000000
  0.000000000000   0.000000000000   0.000000000000
  0.000000000000   0.000000000000   0.000000000000
  0.000000000000   0.000000000000   0.000000000000
  0.000000000000   0.000000000000   0.000000000000
  0.000000000000   0.000000000000   0.000000000000
  0.000000000000   0.000000000000   0.000000000000
  0.000000000000   0.000000000000   0.000000000000
  0.000000000000   0.000000000000   0.000000000000
  0.000000000000   0.000000000000   0.000000000000
  0.000000000000   0.000000000000   0.000000000000
  0.000000000000   0.000000000000   0.000000000000
  0.000000000000   0.000000000000   0.000000000000
  0.000000000000   0.000000000000   0.000000000000
  0.000000000000   0.000000000000   0.000000000000
  0.000000000000   0.000000000000   0.000000000000
  0.000000000000   0.000000000000   0.000000000000
  0.000000000000   0.000000000000   0.000000000000
  0.000000000000   0.000000000000   0.000000000000
  0.000000000000   0.000000000000   0.000000000000
  0.000000000000   0.000000000000   0.000000000000
  0.000000000000   0.000000000000   0.000000000000
  0.000000000000   0.000000000000   0.000000000000
  0.000000000000   0.000000000000   0.000000000000
  0.000000000000   0.000000000000   0.000000000000
  0.000000000000   0.000000000000   0.000000000000
  0.000000000000   0.000000000000   0.000000000000
  0.000000000000   0.000000000000   0.000000000000
  0.000000000000   0.000000000000   0.000000000000
  0.000000000000   0.000000000000   0.000000000000
  0.000000000000   0.000000000000   0.000000000000
  0.000000000000   0.000000000000   0.000000000000
  0.000000000000   0.000000000000   0.000000000000
  0.000000000000   0.000000000000   0.000000000000
  0.000000000000   0.000000000000   0.000000000000
  0.000000000000   0.000000000000   0.000000000000
  0.000000000000   0.000000000000   0.000000000000
  0.000000000000   0.000000000000   0.000000000000
  0.000000000000   0.000000000000   0.000000000000
  0.000000000000   0.000000000000   0.000000000000
  0.000000000000   0.000000000000   0.000000000000
  0.000000000000   0.000000000000   0.000000000000
  0.000000000000   0.000000000000   0.000000000000
  0.000000000000   0.000000000000   0.000000000000
  0.000000000000   0.000000000000   0.000000000000
  0.000000000000   0.000000000000   0.000000000000
  0.000000000000   0.000000000000   0.000000000000
  0.000000000000   0.000000000000   0.000000000000
  0.000000000000   0.000000000000   0.000000000000
  0.000000000000   0.000000000000   0.000000000000
  0.000000000000   0.000000000000   0.000000000000
  0.000000000000   0.000000000000   0.000000000000
  0.000000000000   0.000000000000   0.000000000000
  0.000000000000   0.000000000000   0.000000000000
  0.000000000000   0.000000000000   0.000000000000
  0.000000000000   0.000000000000   0.000000000000
  0.000000000000   0.000000000000   0.000000000000
  0.000000000000   0.000000000000   0.000000000000
  0.000000000000   0.000000000000   0.000000000000
  0.000000000000   0.000000000000   0.000000000000
  0.000000000000   0.000000000000   0.000000000000
  0.000000000000   0.000000000000   0.000000000000
  0.000000000000   0.000000000000   0.000000000000
  0.000000000000   0.000000000000   0.000000000000
  0.000000000000   0.000000000000   0.000000000000
  0.000000000000   0.000000000000   0.000000000000
  0.000000000000   0.000000000000   0.000000000000
  0.000000000000   0.000000000000   0.000000000000
  0.000000000000   0.000000000000   0.000000000000
  0.000000000000   0.000000000000   0.000000000000
  0.000000000000   0.000000000000   0.000000000000
  0.000000000000   0.000000000000   0.000000000000
  0.000000000000   0.000000000000   0.000000000000
  0.000000000000   0.000000000000   0.000000000000
  0.000000000000   0.000000000000   0.000000000000
  0.000000000000   0.000000000000   0.000000000000
  0.000000000000   0.000000000000   0.000000000000
  0.000000000000   0.000000000000   0.000000000000
  0.000000000000   0.000000000000   0.000000000000
  0.000000000000   0.000000000000   0.000000000000
  0.000000000000   0.000000000000   0.000000000000
  0.000000000000   0.000000000000   0.000000000000
  0.000000000000   0.000000000000   0.000000000000
  0.000000000000   0.000000000000   0.000000000000
  0.000000000000   0.000000000000   0.000000000000
  0.000000000000   0.000000000000   0.000000000000
 -0.000146074677   0.001200817398   0.001043303122
  0.000412333189   0.000540666649   0.001048638520
  0.000785498802   0.000059523476   0.000365749113
  0.000951606103  -0.000124803293   0.000886448824
 -0.003099268626   0.006543656841  -0.002798830418
  0.001892306732   0.000919611031   0.002179638593
  0.001638631621  -0.002811582493   0.001496518318
  0.003203482630   0.005257796637   0.002472271206
 -0.100198310086   0.347589724637  -0.140502111972
 -0.001905411296  -0.004114416431  -0.001688008792
 -0.002237864475   0.000540694337  -0.004388462972
 -0.022481422232   0.079585406430  -0.021849776751
  0.024645031828   0.022002298944   0.025322277543
 -0.028005123079  -0.037465920156  -0.029039363833
 -0.018683783210   0.163265522091  -0.021068907716
  0.030452150708   0.004877762021   0.031932168721
  0.012882302860  -0.982316295578   0.043872453434
  0.108148992388   0.391721151269   0.113175840786
  0.000000000000   0.000000000000   0.000000000000
  0.000000000000   0.000000000000   0.000000000000
  0.000000000000   0.000000000000   0.000000000000
  0.000000000000   0.000000000000   0.000000000000
  0.000000000000   0.000000000000   0.000000000000
  0.000000000000   0.000000000000   0.000000000000
  0.000000000000   0.000000000000   0.000000000000
  0.000000000000   0.000000000000   0.000000000000
  0.000000000000   0.000000000000   0.000000000000
  0.000000000000   0.000000000000   0.000000000000
  0.000000000000   0.000000000000   0.000000000000
  0.000000000000   0.000000000000   0.000000000000
  0.000000000000   0.000000000000   0.000000000000
  0.000000000000   0.000000000000   0.000000000000
  0.000000000000   0.000000000000   0.000000000000
  0.000000000000   0.000000000000   0.000000000000
  0.000000000000   0.000000000000   0.000000000000
  0.000000000000   0.000000000000   0.000000000000
  0.000000000000   0.000000000000   0.000000000000
  0.000000000000   0.000000000000   0.000000000000
  0.000000000000   0.000000000000   0.000000000000
  0.000000000000   0.000000000000   0.000000000000
  0.000000000000   0.000000000000   0.000000000000
  0.000000000000   0.000000000000   0.000000000000
  0.000000000000   0.000000000000   0.000000000000
  0.000000000000   0.000000000000   0.000000000000
  0.000000000000   0.000000000000   0.000000000000
  0.000000000000   0.000000000000   0.000000000000
  0.000000000000   0.000000000000   0.000000000000
  0.000000000000   0.000000000000   0.000000000000
  0.000000000000   0.000000000000   0.000000000000
  0.000000000000   0.000000000000   0.000000000000
  0.000000000000   0.000000000000   0.000000000000
  0.000000000000   0.000000000000   0.000000000000
  0.000000000000   0.000000000000   0.000000000000
  0.000000000000   0.000000000000   0.000000000000
  0.000000000000   0.000000000000   0.000000000000
  0.000000000000   0.000000000000   0.000000000000
  0.000000000000   0.000000000000   0.000000000000
  0.000000000000   0.000000000000   0.000000000000
  0.000000000000   0.000000000000   0.000000000000
  0.000000000000   0.000000000000   0.000000000000
  0.000000000000   0.000000000000   0.000000000000
  0.000000000000   0.000000000000   0.000000000000
  0.000000000000   0.000000000000   0.000000000000
  0.000000000000   0.000000000000   0.000000000000
  0.000000000000   0.000000000000   0.000000000000
  0.000000000000   0.000000000000   0.000000000000
  0.000000000000   0.000000000000   0.000000000000
  0.000000000000   0.000000000000   0.000000000000
  0.000000000000   0.000000000000   0.000000000000
  0.000000000000   0.000000000000   0.000000000000
  0.000000000000   0.000000000000   0.000000000000
  0.000000000000   0.000000000000   0.000000000000
  0.000000000000   0.000000000000   0.000000000000
  0.000000000000   0.000000000000   0.000000000000
  0.000000000000   0.000000000000   0.000000000000
  0.000000000000   0.000000000000   0.000000000000
  0.000000000000   0.000000000000   0.000000000000
  0.000000000000   0.000000000000   0.000000000000
  0.000000000000   0.000000000000   0.000000000000
  0.000000000000   0.000000000000   0.000000000000
  0.000000000000   0.000000000000   0.000000000000
  0.000000000000   0.000000000000   0.000000000000
  0.000000000000   0.000000000000   0.000000000000
  0.000000000000   0.000000000000   0.000000000000
  0.000000000000   0.000000000000   0.000000000000
  0.000000000000   0.000000000000   0.000000000000
  0.000000000000   0.000000000000   0.000000000000
  0.000000000000   0.000000000000   0.000000000000
  0.000000000000   0.000000000000   0.000000000000
  0.000000000000   0.000000000000   0.000000000000
  0.000000000000   0.000000000000   0.000000000000
  0.000000000000   0.000000000000   0.000000000000
  0.000000000000   0.000000000000   0.000000000000
  0.000000000000   0.000000000000   0.000000000000
  0.000000000000   0.000000000000   0.000000000000
  0.000000000000   0.000000000000   0.000000000000
  0.000000000000   0.000000000000   0.000000000000
  0.000000000000   0.000000000000   0.000000000000
  0.000000000000   0.000000000000   0.000000000000
  0.000000000000   0.000000000000   0.000000000000
  0.000000000000   0.000000000000   0.000000000000
  0.000000000000   0.000000000000   0.000000000000
  0.000000000000   0.000000000000   0.000000000000
  0.000000000000   0.000000000000   0.000000000000
  0.000000000000   0.000000000000   0.000000000000
  0.000000000000   0.000000000000   0.000000000000
  0.000000000000   0.000000000000   0.000000000000
  0.000000000000   0.000000000000   0.000000000000
  0.000000000000   0.000000000000   0.000000000000
  0.000000000000   0.000000000000   0.000000000000
  0.000000000000   0.000000000000   0.000000000000
  0.000000000000   0.000000000000   0.000000000000
  0.000000000000   0.000000000000   0.000000000000
  0.000000000000   0.000000000000   0.000000000000
  0.000000000000   0.000000000000   0.000000000000
  0.000000000000   0.000000000000   0.000000000000
  0.000000000000   0.000000000000   0.000000000000
  0.000000000000   0.000000000000   0.000000000000
  0.000000000000   0.000000000000   0.000000000000
  0.000000000000   0.000000000000   0.000000000000
  0.000000000000   0.000000000000   0.000000000000
  0.000000000000   0.000000000000   0.000000000000
  0.000000000000   0.000000000000   0.000000000000
  0.000000000000   0.000000000000   0.000000000000
  0.000000000000   0.000000000000   0.000000000000
  0.000000000000   0.000000000000   0.000000000000
  0.000000000000   0.000000000000   0.000000000000
  0.000000000000   0.000000000000   0.000000000000
  0.000000000000   0.000000000000   0.000000000000
  0.000000000000   0.000000000000   0.000000000000
  0.000000000000   0.000000000000   0.000000000000
  0.000000000000   0.000000000000   0.000000000000
  0.000000000000   0.000000000000   0.000000000000
  0.000000000000   0.000000000000   0.000000000000
  0.000000000000   0.000000000000   0.000000000000
  0.000000000000   0.000000000000   0.000000000000
  0.000000000000   0.000000000000   0.000000000000
  0.000000000000   0.000000000000   0.000000000000
  0.000000000000   0.000000000000   0.000000000000
  0.000000000000   0.000000000000   0.000000000000
  0.000000000000   0.000000000000   0.000000000000
  0.000000000000   0.000000000000   0.000000000000
  0.000000000000   0.000000000000   0.000000000000
  0.000000000000   0.000000000000   0.000000000000
  0.000000000000   0.000000000000   0.000000000000
  0.000000000000   0.000000000000   0.000000000000
  0.000000000000   0.000000000000   0.000000000000
  0.000000000000   0.000000000000   0.000000000000
  0.000000000000   0.000000000000   0.000000000000
  0.000000000000   0.000000000000   0.000000000000
  0.000000000000   0.000000000000   0.000000000000
  0.000000000000   0.000000000000   0.000000000000
  0.000000000000   0.000000000000   0.000000000000
  0.000000000000   0.000000000000   0.000000000000
  0.000000000000   0.000000000000   0.000000000000
  0.000000000000   0.000000000000   0.000000000000
  0.000000000000   0.000000000000   0.000000000000
  0.000000000000   0.000000000000   0.000000000000
  0.000000000000   0.000000000000   0.000000000000
  0.000000000000   0.000000000000   0.000000000000
  0.000000000000   0.000000000000   0.000000000000
  0.000000000000   0.000000000000   0.000000000000
  0.000000000000   0.000000000000   0.000000000000
  0.000000000000   0.000000000000   0.000000000000
  0.000000000000   0.000000000000   0.000000000000
  0.000000000000   0.000000000000   0.000000000000
  0.000000000000   0.000000000000   0.000000000000
  0.000000000000   0.000000000000   0.000000000000
  0.000000000000   0.000000000000   0.000000000000
  0.000000000000   0.000000000000   0.000000000000
  0.000000000000   0.000000000000   0.000000000000
  0.000000000000   0.000000000000   0.000000000000
  0.000000000000   0.000000000000   0.000000000000
  0.000000000000   0.000000000000   0.000000000000
  0.000000000000   0.000000000000   0.000000000000
  0.000000000000   0.000000000000   0.000000000000
  0.000000000000   0.000000000000   0.000000000000
  0.000000000000   0.000000000000   0.000000000000
  0.000000000000   0.000000000000   0.000000000000
  0.000000000000   0.000000000000   0.000000000000
  0.000000000000   0.000000000000   0.000000000000
  0.000000000000   0.000000000000   0.000000000000
  0.000000000000   0.000000000000   0.000000000000
  0.000000000000   0.000000000000   0.000000000000
  0.000000000000   0.000000000000   0.000000000000
  0.000000000000   0.000000000000   0.000000000000
  0.000000000000   0.000000000000   0.000000000000
  0.000000000000   0.000000000000   0.000000000000
  0.000000000000   0.000000000000   0.000000000000
  0.000000000000   0.000000000000   0.000000000000
  0.000000000000   0.000000000000   0.000000000000
  0.000000000000   0.000000000000   0.000000000000
  0.000000000000   0.000000000000   0.000000000000
  0.000000000000   0.000000000000   0.000000000000
  0.000000000000   0.000000000000   0.000000000000
  0.000000000000   0.000000000000   0.000000000000
  0.000000000000   0.000000000000   0.000000000000
  0.000000000000   0.000000000000   0.000000000000
  0.000000000000   0.000000000000   0.000000000000
  0.000000000000   0.000000000000   0.000000000000
  0.000000000000   0.000000000000   0.000000000000
  0.000000000000   0.000000000000   0.000000000000
  0.000000000000   0.000000000000   0.000000000000
  0.000000000000   0.000000000000   0.000000000000
  0.000000000000   0.000000000000   0.000000000000
  0.000000000000   0.000000000000   0.000000000000
  0.000000000000   0.000000000000   0.000000000000
  0.000000000000   0.000000000000   0.000000000000
  0.000000000000   0.000000000000   0.000000000000
  0.000000000000   0.000000000000   0.000000000000
  114    3  0.0000  0.0000  0.0150
  0.000000000000   0.000000000000   0.000000000000
  0.000000000000   0.000000000000   0.000000000000
  0.000000000000   0.000000000000   0.000000000000
  0.000000000000   0.000000000000   0.000000000000
  0.000000000000   0.000000000000   0.000000000000
  0.000000000000   0.000000000000   0.000000000000
  0.000000000000   0.000000000000   0.000000000000
  0.000000000000   0.000000000000   0.000000000000
  0.000000000000   0.000000000000   0.000000000000
  0.000000000000   0.000000000000   0.000000000000
  0.000000000000   0.000000000000   0.000000000000
  0.000000000000   0.000000000000   0.000000000000
  0.000000000000   0.000000000000   0.000000000000
  0.000000000000   0.000000000000   0.000000000000
  0.000000000000   0.000000000000   0.000000000000
  0.000000000000   0.000000000000   0.000000000000
  0.000000000000   0.000000000000   0.000000000000
  0.000000000000   0.000000000000   0.000000000000
  0.000000000000   0.000000000000   0.000000000000
  0.000000000000   0.000000000000   0.000000000000
  0.000000000000   0.000000000000   0.000000000000
  0.000000000000   0.000000000000   0.000000000000
  0.000000000000   0.000000000000   0.000000000000
  0.000000000000   0.000000000000   0.000000000000
  0.000000000000   0.000000000000   0.000000000000
  0.000000000000   0.000000000000   0.000000000000
  0.000000000000   0.000000000000   0.000000000000
  0.000000000000   0.000000000000   0.000000000000
  0.000000000000   0.000000000000   0.000000000000
  0.000000000000   0.000000000000   0.000000000000
  0.000000000000   0.000000000000   0.000000000000
  0.000000000000   0.000000000000   0.000000000000
  0.000000000000   0.000000000000   0.000000000000
  0.000000000000   0.000000000000   0.000000000000
  0.000000000000   0.000000000000   0.000000000000
  0.000000000000   0.000000000000   0.000000000000
  0.000000000000   0.000000000000   0.000000000000
  0.000000000000   0.000000000000   0.000000000000
  0.000000000000   0.000000000000   0.000000000000
  0.000000000000   0.000000000000   0.000000000000
  0.000000000000   0.000000000000   0.000000000000
  0.000000000000   0.000000000000   0.000000000000
  0.000000000000   0.000000000000   0.000000000000
  0.000000000000   0.000000000000   0.000000000000
  0.000000000000   0.000000000000   0.000000000000
  0.000000000000   0.000000000000   0.000000000000
  0.000000000000   0.000000000000   0.000000000000
  0.000000000000   0.000000000000   0.000000000000
  0.000000000000   0.000000000000   0.000000000000
  0.000000000000   0.000000000000   0.000000000000
  0.000000000000   0.000000000000   0.000000000000
  0.000000000000   0.000000000000   0.000000000000
  0.000000000000   0.000000000000   0.000000000000
  0.000000000000   0.000000000000   0.000000000000
  0.000000000000   0.000000000000   0.000000000000
  0.000000000000   0.000000000000   0.000000000000
  0.000000000000   0.000000000000   0.000000000000
  0.000000000000   0.000000000000   0.000000000000
  0.000000000000   0.000000000000   0.000000000000
  0.000000000000   0.000000000000   0.000000000000
  0.000000000000   0.000000000000   0.000000000000
  0.000000000000   0.000000000000   0.000000000000
  0.000000000000   0.000000000000   0.000000000000
  0.000000000000   0.000000000000   0.000000000000
  0.000000000000   0.000000000000   0.000000000000
  0.000000000000   0.000000000000   0.000000000000
  0.000000000000   0.000000000000   0.000000000000
  0.000000000000   0.000000000000   0.000000000000
  0.000000000000   0.000000000000   0.000000000000
  0.000000000000   0.000000000000   0.000000000000
  0.000000000000   0.000000000000   0.000000000000
  0.000000000000   0.000000000000   0.000000000000
  0.000000000000   0.000000000000   0.000000000000
  0.000000000000   0.000000000000   0.000000000000
  0.000000000000   0.000000000000   0.000000000000
  0.000000000000   0.000000000000   0.000000000000
  0.000000000000   0.000000000000   0.000000000000
  0.000000000000   0.000000000000   0.000000000000
  0.000000000000   0.000000000000   0.000000000000
  0.000000000000   0.000000000000   0.000000000000
  0.000000000000   0.000000000000   0.000000000000
  0.000000000000   0.000000000000   0.000000000000
  0.000000000000   0.000000000000   0.000000000000
  0.000000000000   0.000000000000   0.000000000000
  0.000000000000   0.000000000000   0.000000000000
  0.000000000000   0.000000000000   0.000000000000
  0.000000000000   0.000000000000   0.000000000000
  0.000000000000   0.000000000000   0.000000000000
  0.000000000000   0.000000000000   0.000000000000
  0.000000000000   0.000000000000   0.000000000000
  0.000000000000   0.000000000000   0.000000000000
  0.000000000000   0.000000000000   0.000000000000
  0.000000000000   0.000000000000   0.000000000000
  0.000000000000   0.000000000000   0.000000000000
  0.000000000000   0.000000000000   0.000000000000
  0.000000000000   0.000000000000   0.000000000000
  0.000000000000   0.000000000000   0.000000000000
 -0.000042011860   0.000016028091   0.000411367331
  0.000377538343  -0.001503297226   0.000779370243
  0.000484242078   0.000179695607   0.000559153656
 -0.000290681716   0.000752788169   0.001299866057
  0.004497175214  -0.002771014146  -0.004645399718
 -0.000192048553  -0.001557748565   0.001243070219
 -0.000489738110  -0.003480519538  -0.001235128537
  0.001090213525   0.000371101307   0.000285209444
  0.066313395078  -0.137394847307   0.134480294228
  0.009538876440   0.029583173258   0.007671546426
  0.005582766179  -0.002959715396  -0.003775132215
 -0.033727035114   0.015018881094  -0.046702994209
  0.024088349195   0.024894084732   0.032424452035
  0.030326214177  -0.062699240712   0.019964562141
  0.176361284152   0.034771627800   0.275734946461
  0.014787260604   0.007891455144   0.008976574494
 -0.367722952370   0.044459151142  -0.593746600693
  0.075581555305   0.057374354633   0.161570126448
  0.000000000000   0.000000000000   0.000000000000
  0.000000000000   0.000000000000   0.000000000000
  0.000000000000   0.000000000000   0.000000000000
  0.000000000000   0.000000000000   0.000000000000
  0.000000000000   0.000000000000   0.000000000000
  0.000000000000   0.000000000000   0.000000000000
  0.000000000000   0.000000000000   0.000000000000
  0.000000000000   0.000000000000   0.000000000000
  0.000000000000   0.000000000000   0.000000000000
  0.000000000000   0.000000000000   0.000000000000
  0.000000000000   0.000000000000   0.000000000000
  0.000000000000   0.000000000000   0.000000000000
  0.000000000000   0.000000000000   0.000000000000
  0.000000000000   0.000000000000   0.000000000000
  0.000000000000   0.000000000000   0.000000000000
  0.000000000000   0.000000000000   0.000000000000
  0.000000000000   0.000000000000   0.000000000000
  0.000000000000   0.000000000000   0.000000000000
  0.000000000000   0.000000000000   0.000000000000
  0.000000000000   0.000000000000   0.000000000000
  0.000000000000   0.000000000000   0.000000000000
  0.000000000000   0.000000000000   0.000000000000
  0.000000000000   0.000000000000   0.000000000000
  0.000000000000   0.000000000000   0.000000000000
  0.000000000000   0.000000000000   0.000000000000
  0.000000000000   0.000000000000   0.000000000000
  0.000000000000   0.000000000000   0.000000000000
  0.000000000000   0.000000000000   0.000000000000
  0.000000000000   0.000000000000   0.000000000000
  0.000000000000   0.000000000000   0.000000000000
  0.000000000000   0.000000000000   0.000000000000
  0.000000000000   0.000000000000   0.000000000000
  0.000000000000   0.000000000000   0.000000000000
  0.000000000000   0.000000000000   0.000000000000
  0.000000000000   0.000000000000   0.000000000000
  0.000000000000   0.000000000000   0.000000000000
  0.000000000000   0.000000000000   0.000000000000
  0.000000000000   0.000000000000   0.000000000000
  0.000000000000   0.000000000000   0.000000000000
  0.000000000000   0.000000000000   0.000000000000
  0.000000000000   0.000000000000   0.000000000000
  0.000000000000   0.000000000000   0.000000000000
  0.000000000000   0.000000000000   0.000000000000
  0.000000000000   0.000000000000   0.000000000000
  0.000000000000   0.000000000000   0.000000000000
  0.000000000000   0.000000000000   0.000000000000
  0.000000000000   0.000000000000   0.000000000000
  0.000000000000   0.000000000000   0.000000000000
  0.000000000000   0.000000000000   0.000000000000
  0.000000000000   0.000000000000   0.000000000000
  0.000000000000   0.000000000000   0.000000000000
  0.000000000000   0.000000000000   0.000000000000
  0.000000000000   0.000000000000   0.000000000000
  0.000000000000   0.000000000000   0.000000000000
  0.000000000000   0.000000000000   0.000000000000
  0.000000000000   0.000000000000   0.000000000000
  0.000000000000   0.000000000000   0.000000000000
  0.000000000000   0.000000000000   0.000000000000
  0.000000000000   0.000000000000   0.000000000000
  0.000000000000   0.000000000000   0.000000000000
  0.000000000000   0.000000000000   0.000000000000
  0.000000000000   0.000000000000   0.000000000000
  0.000000000000   0.000000000000   0.000000000000
  0.000000000000   0.000000000000   0.000000000000
  0.000000000000   0.000000000000   0.000000000000
  0.000000000000   0.000000000000   0.000000000000
  0.000000000000   0.000000000000   0.000000000000
  0.000000000000   0.000000000000   0.000000000000
  0.000000000000   0.000000000000   0.000000000000
  0.000000000000   0.000000000000   0.000000000000
  0.000000000000   0.000000000000   0.000000000000
  0.000000000000   0.000000000000   0.000000000000
  0.000000000000   0.000000000000   0.000000000000
  0.000000000000   0.000000000000   0.000000000000
  0.000000000000   0.000000000000   0.000000000000
  0.000000000000   0.000000000000   0.000000000000
  0.000000000000   0.000000000000   0.000000000000
  0.000000000000   0.000000000000   0.000000000000
  0.000000000000   0.000000000000   0.000000000000
  0.000000000000   0.000000000000   0.000000000000
  0.000000000000   0.000000000000   0.000000000000
  0.000000000000   0.000000000000   0.000000000000
  0.000000000000   0.000000000000   0.000000000000
  0.000000000000   0.000000000000   0.000000000000
  0.000000000000   0.000000000000   0.000000000000
  0.000000000000   0.000000000000   0.000000000000
  0.000000000000   0.000000000000   0.000000000000
  0.000000000000   0.000000000000   0.000000000000
  0.000000000000   0.000000000000   0.000000000000
  0.000000000000   0.000000000000   0.000000000000
  0.000000000000   0.000000000000   0.000000000000
  0.000000000000   0.000000000000   0.000000000000
  0.000000000000   0.000000000000   0.000000000000
  0.000000000000   0.000000000000   0.000000000000
  0.000000000000   0.000000000000   0.000000000000
  0.000000000000   0.000000000000   0.000000000000
  0.000000000000   0.000000000000   0.000000000000
  0.000000000000   0.000000000000   0.000000000000
  0.000000000000   0.000000000000   0.000000000000
  0.000000000000   0.000000000000   0.000000000000
  0.000000000000   0.000000000000   0.000000000000
  0.000000000000   0.000000000000   0.000000000000
  0.000000000000   0.000000000000   0.000000000000
  0.000000000000   0.000000000000   0.000000000000
  0.000000000000   0.000000000000   0.000000000000
  0.000000000000   0.000000000000   0.000000000000
  0.000000000000   0.000000000000   0.000000000000
  0.000000000000   0.000000000000   0.000000000000
  0.000000000000   0.000000000000   0.000000000000
  0.000000000000   0.000000000000   0.000000000000
  0.000000000000   0.000000000000   0.000000000000
  0.000000000000   0.000000000000   0.000000000000
  0.000000000000   0.000000000000   0.000000000000
  0.000000000000   0.000000000000   0.000000000000
  0.000000000000   0.000000000000   0.000000000000
  0.000000000000   0.000000000000   0.000000000000
  0.000000000000   0.000000000000   0.000000000000
  0.000000000000   0.000000000000   0.000000000000
  0.000000000000   0.000000000000   0.000000000000
  0.000000000000   0.000000000000   0.000000000000
  0.000000000000   0.000000000000   0.000000000000
  0.000000000000   0.000000000000   0.000000000000
  0.000000000000   0.000000000000   0.000000000000
  0.000000000000   0.000000000000   0.000000000000
  0.000000000000   0.000000000000   0.000000000000
  0.000000000000   0.000000000000   0.000000000000
  0.000000000000   0.000000000000   0.000000000000
  0.000000000000   0.000000000000   0.000000000000
  0.000000000000   0.000000000000   0.000000000000
  0.000000000000   0.000000000000   0.000000000000
  0.000000000000   0.000000000000   0.000000000000
  0.000000000000   0.000000000000   0.000000000000
  0.000000000000   0.000000000000   0.000000000000
  0.000000000000   0.000000000000   0.000000000000
  0.000000000000   0.000000000000   0.000000000000
  0.000000000000   0.000000000000   0.000000000000
  0.000000000000   0.000000000000   0.000000000000
  0.000000000000   0.000000000000   0.000000000000
  0.000000000000   0.000000000000   0.000000000000
  0.000000000000   0.000000000000   0.000000000000
  0.000000000000   0.000000000000   0.000000000000
  0.000000000000   0.000000000000   0.000000000000
  0.000000000000   0.000000000000   0.000000000000
  0.000000000000   0.000000000000   0.000000000000
  0.000000000000   0.000000000000   0.000000000000
  0.000000000000   0.000000000000   0.000000000000
  0.000000000000   0.000000000000   0.000000000000
  0.000000000000   0.000000000000   0.000000000000
  0.000000000000   0.000000000000   0.000000000000
  0.000000000000   0.000000000000   0.000000000000
  0.000000000000   0.000000000000   0.000000000000
  0.000000000000   0.000000000000   0.000000000000
  0.000000000000   0.000000000000   0.000000000000
  0.000000000000   0.000000000000   0.000000000000
  0.000000000000   0.000000000000   0.000000000000
  0.000000000000   0.000000000000   0.000000000000
  0.000000000000   0.000000000000   0.000000000000
  0.000000000000   0.000000000000   0.000000000000
  0.000000000000   0.000000000000   0.000000000000
  0.000000000000   0.000000000000   0.000000000000
  0.000000000000   0.000000000000   0.000000000000
  0.000000000000   0.000000000000   0.000000000000
  0.000000000000   0.000000000000   0.000000000000
  0.000000000000   0.000000000000   0.000000000000
  0.000000000000   0.000000000000   0.000000000000
  0.000000000000   0.000000000000   0.000000000000
  0.000000000000   0.000000000000   0.000000000000
  0.000000000000   0.000000000000   0.000000000000
  0.000000000000   0.000000000000   0.000000000000
  0.000000000000   0.000000000000   0.000000000000
  0.000000000000   0.000000000000   0.000000000000
  0.000000000000   0.000000000000   0.000000000000
  0.000000000000   0.000000000000   0.000000000000
  0.000000000000   0.000000000000   0.000000000000
  0.000000000000   0.000000000000   0.000000000000
  0.000000000000   0.000000000000   0.000000000000
  0.000000000000   0.000000000000   0.000000000000
  0.000000000000   0.000000000000   0.000000000000
  0.000000000000   0.000000000000   0.000000000000
  0.000000000000   0.000000000000   0.000000000000
  0.000000000000   0.000000000000   0.000000000000
  0.000000000000   0.000000000000   0.000000000000
  0.000000000000   0.000000000000   0.000000000000
  0.000000000000   0.000000000000   0.000000000000
  0.000000000000   0.000000000000   0.000000000000
  0.000000000000   0.000000000000   0.000000000000
  0.000000000000   0.000000000000   0.000000000000
  0.000000000000   0.000000000000   0.000000000000
  0.000000000000   0.000000000000   0.000000000000
  0.000000000000   0.000000000000   0.000000000000
  0.000000000000   0.000000000000   0.000000000000
  0.000000000000   0.000000000000   0.000000000000
  115    1  0.0150  0.0000  0.0000
  0.000000000000   0.000000000000   0.000000000000
  0.000000000000   0.000000000000   0.000000000000
  0.000000000000   0.000000000000   0.000000000000
  0.000000000000   0.000000000000   0.000000000000
  0.000000000000   0.000000000000   0.000000000000
  0.000000000000   0.000000000000   0.000000000000
  0.000000000000   0.000000000000   0.000000000000
  0.000000000000   0.000000000000   0.000000000000
  0.000000000000   0.000000000000   0.000000000000
  0.000000000000   0.000000000000   0.000000000000
  0.000000000000   0.000000000000   0.000000000000
  0.000000000000   0.000000000000   0.000000000000
  0.000000000000   0.000000000000   0.000000000000
  0.000000000000   0.000000000000   0.000000000000
  0.000000000000   0.000000000000   0.000000000000
  0.000000000000   0.000000000000   0.000000000000
  0.000000000000   0.000000000000   0.000000000000
  0.000000000000   0.000000000000   0.000000000000
  0.000000000000   0.000000000000   0.000000000000
  0.000000000000   0.000000000000   0.000000000000
  0.000000000000   0.000000000000   0.000000000000
  0.000000000000   0.000000000000   0.000000000000
  0.000000000000   0.000000000000   0.000000000000
  0.000000000000   0.000000000000   0.000000000000
  0.000000000000   0.000000000000   0.000000000000
  0.000000000000   0.000000000000   0.000000000000
  0.000000000000   0.000000000000   0.000000000000
  0.000000000000   0.000000000000   0.000000000000
  0.000000000000   0.000000000000   0.000000000000
  0.000000000000   0.000000000000   0.000000000000
  0.000000000000   0.000000000000   0.000000000000
  0.000000000000   0.000000000000   0.000000000000
  0.000000000000   0.000000000000   0.000000000000
  0.000000000000   0.000000000000   0.000000000000
  0.000000000000   0.000000000000   0.000000000000
  0.000000000000   0.000000000000   0.000000000000
  0.000000000000   0.000000000000   0.000000000000
  0.000000000000   0.000000000000   0.000000000000
  0.000000000000   0.000000000000   0.000000000000
  0.000000000000   0.000000000000   0.000000000000
  0.000000000000   0.000000000000   0.000000000000
  0.000000000000   0.000000000000   0.000000000000
  0.000000000000   0.000000000000   0.000000000000
  0.000000000000   0.000000000000   0.000000000000
  0.000000000000   0.000000000000   0.000000000000
  0.000000000000   0.000000000000   0.000000000000
  0.000000000000   0.000000000000   0.000000000000
  0.000000000000   0.000000000000   0.000000000000
  0.000000000000   0.000000000000   0.000000000000
  0.000000000000   0.000000000000   0.000000000000
  0.000000000000   0.000000000000   0.000000000000
  0.000000000000   0.000000000000   0.000000000000
  0.000000000000   0.000000000000   0.000000000000
  0.000000000000   0.000000000000   0.000000000000
  0.000000000000   0.000000000000   0.000000000000
  0.000000000000   0.000000000000   0.000000000000
  0.000000000000   0.000000000000   0.000000000000
  0.000000000000   0.000000000000   0.000000000000
  0.000000000000   0.000000000000   0.000000000000
  0.000000000000   0.000000000000   0.000000000000
  0.000000000000   0.000000000000   0.000000000000
  0.000000000000   0.000000000000   0.000000000000
  0.000000000000   0.000000000000   0.000000000000
  0.000000000000   0.000000000000   0.000000000000
  0.000000000000   0.000000000000   0.000000000000
  0.000000000000   0.000000000000   0.000000000000
  0.000000000000   0.000000000000   0.000000000000
  0.000000000000   0.000000000000   0.000000000000
  0.000000000000   0.000000000000   0.000000000000
  0.000000000000   0.000000000000   0.000000000000
  0.000000000000   0.000000000000   0.000000000000
  0.000000000000   0.000000000000   0.000000000000
  0.000000000000   0.000000000000   0.000000000000
  0.000000000000   0.000000000000   0.000000000000
  0.000000000000   0.000000000000   0.000000000000
  0.000000000000   0.000000000000   0.000000000000
  0.000000000000   0.000000000000   0.000000000000
  0.000000000000   0.000000000000   0.000000000000
  0.000000000000   0.000000000000   0.000000000000
  0.000000000000   0.000000000000   0.000000000000
  0.000000000000   0.000000000000   0.000000000000
  0.000000000000   0.000000000000   0.000000000000
  0.000000000000   0.000000000000   0.000000000000
  0.000000000000   0.000000000000   0.000000000000
  0.000000000000   0.000000000000   0.000000000000
  0.000000000000   0.000000000000   0.000000000000
  0.000000000000   0.000000000000   0.000000000000
  0.000000000000   0.000000000000   0.000000000000
  0.000000000000   0.000000000000   0.000000000000
  0.000000000000   0.000000000000   0.000000000000
  0.000000000000   0.000000000000   0.000000000000
  0.000000000000   0.000000000000   0.000000000000
  0.000000000000   0.000000000000   0.000000000000
  0.000000000000   0.000000000000   0.000000000000
  0.000000000000   0.000000000000   0.000000000000
  0.000000000000   0.000000000000   0.000000000000
  0.000000000000   0.000000000000   0.000000000000
 -0.000000793622   0.004247867290   0.000896751562
 -0.000689135446   0.001751481302   0.000157415821
 -0.001487602555   0.000955384478  -0.000873334997
 -0.001012280168   0.000713785160   0.008610828040
  0.000099824035   0.000024110298  -0.001194514802
 -0.000560186986  -0.000864276430  -0.000863281337
 -0.000304114692   0.000774220752  -0.000511450794
  0.001207673387   0.001740896360   0.000605098349
 -0.007102295720  -0.014054671827  -0.006514944575
  0.230552901633   0.004788978397   0.202500557258
 -0.008721803174   0.009918925396  -0.004139493444
  0.159610541291  -0.110426104095   0.070831890400
  0.017134796945  -0.025992123172   0.029039491180
  0.005402860779  -0.000160119296  -0.002787387220
  0.014497997988   0.028857702553   0.024374072388
 -0.003115180087  -0.003014180177   0.008556692432
  0.143711192020   0.107869086817   0.075298503412
 -0.551932958391  -0.010954973814  -0.406982102665
  0.000000000000   0.000000000000   0.000000000000
  0.000000000000   0.000000000000   0.000000000000
  0.000000000000   0.000000000000   0.000000000000
  0.000000000000   0.000000000000   0.000000000000
  0.000000000000   0.000000000000   0.000000000000
  0.000000000000   0.000000000000   0.000000000000
  0.000000000000   0.000000000000   0.000000000000
  0.000000000000   0.000000000000   0.000000000000
  0.000000000000   0.000000000000   0.000000000000
  0.000000000000   0.000000000000   0.000000000000
  0.000000000000   0.000000000000   0.000000000000
  0.000000000000   0.000000000000   0.000000000000
  0.000000000000   0.000000000000   0.000000000000
  0.000000000000   0.000000000000   0.000000000000
  0.000000000000   0.000000000000   0.000000000000
  0.000000000000   0.000000000000   0.000000000000
  0.000000000000   0.000000000000   0.000000000000
  0.000000000000   0.000000000000   0.000000000000
  0.000000000000   0.000000000000   0.000000000000
  0.000000000000   0.000000000000   0.000000000000
  0.000000000000   0.000000000000   0.000000000000
  0.000000000000   0.000000000000   0.000000000000
  0.000000000000   0.000000000000   0.000000000000
  0.000000000000   0.000000000000   0.000000000000
  0.000000000000   0.000000000000   0.000000000000
  0.000000000000   0.000000000000   0.000000000000
  0.000000000000   0.000000000000   0.000000000000
  0.000000000000   0.000000000000   0.000000000000
  0.000000000000   0.000000000000   0.000000000000
  0.000000000000   0.000000000000   0.000000000000
  0.000000000000   0.000000000000   0.000000000000
  0.000000000000   0.000000000000   0.000000000000
  0.000000000000   0.000000000000   0.000000000000
  0.000000000000   0.000000000000   0.000000000000
  0.000000000000   0.000000000000   0.000000000000
  0.000000000000   0.000000000000   0.000000000000
  0.000000000000   0.000000000000   0.000000000000
  0.000000000000   0.000000000000   0.000000000000
  0.000000000000   0.000000000000   0.000000000000
  0.000000000000   0.000000000000   0.000000000000
  0.000000000000   0.000000000000   0.000000000000
  0.000000000000   0.000000000000   0.000000000000
  0.000000000000   0.000000000000   0.000000000000
  0.000000000000   0.000000000000   0.000000000000
  0.000000000000   0.000000000000   0.000000000000
  0.000000000000   0.000000000000   0.000000000000
  0.000000000000   0.000000000000   0.000000000000
  0.000000000000   0.000000000000   0.000000000000
  0.000000000000   0.000000000000   0.000000000000
  0.000000000000   0.000000000000   0.000000000000
  0.000000000000   0.000000000000   0.000000000000
  0.000000000000   0.000000000000   0.000000000000
  0.000000000000   0.000000000000   0.000000000000
  0.000000000000   0.000000000000   0.000000000000
  0.000000000000   0.000000000000   0.000000000000
  0.000000000000   0.000000000000   0.000000000000
  0.000000000000   0.000000000000   0.000000000000
  0.000000000000   0.000000000000   0.000000000000
  0.000000000000   0.000000000000   0.000000000000
  0.000000000000   0.000000000000   0.000000000000
  0.000000000000   0.000000000000   0.000000000000
  0.000000000000   0.000000000000   0.000000000000
  0.000000000000   0.000000000000   0.000000000000
  0.000000000000   0.000000000000   0.000000000000
  0.000000000000   0.000000000000   0.000000000000
  0.000000000000   0.000000000000   0.000000000000
  0.000000000000   0.000000000000   0.000000000000
  0.000000000000   0.000000000000   0.000000000000
  0.000000000000   0.000000000000   0.000000000000
  0.000000000000   0.000000000000   0.000000000000
  0.000000000000   0.000000000000   0.000000000000
  0.000000000000   0.000000000000   0.000000000000
  0.000000000000   0.000000000000   0.000000000000
  0.000000000000   0.000000000000   0.000000000000
  0.000000000000   0.000000000000   0.000000000000
  0.000000000000   0.000000000000   0.000000000000
  0.000000000000   0.000000000000   0.000000000000
  0.000000000000   0.000000000000   0.000000000000
  0.000000000000   0.000000000000   0.000000000000
  0.000000000000   0.000000000000   0.000000000000
  0.000000000000   0.000000000000   0.000000000000
  0.000000000000   0.000000000000   0.000000000000
  0.000000000000   0.000000000000   0.000000000000
  0.000000000000   0.000000000000   0.000000000000
  0.000000000000   0.000000000000   0.000000000000
  0.000000000000   0.000000000000   0.000000000000
  0.000000000000   0.000000000000   0.000000000000
  0.000000000000   0.000000000000   0.000000000000
  0.000000000000   0.000000000000   0.000000000000
  0.000000000000   0.000000000000   0.000000000000
  0.000000000000   0.000000000000   0.000000000000
  0.000000000000   0.000000000000   0.000000000000
  0.000000000000   0.000000000000   0.000000000000
  0.000000000000   0.000000000000   0.000000000000
  0.000000000000   0.000000000000   0.000000000000
  0.000000000000   0.000000000000   0.000000000000
  0.000000000000   0.000000000000   0.000000000000
  0.000000000000   0.000000000000   0.000000000000
  0.000000000000   0.000000000000   0.000000000000
  0.000000000000   0.000000000000   0.000000000000
  0.000000000000   0.000000000000   0.000000000000
  0.000000000000   0.000000000000   0.000000000000
  0.000000000000   0.000000000000   0.000000000000
  0.000000000000   0.000000000000   0.000000000000
  0.000000000000   0.000000000000   0.000000000000
  0.000000000000   0.000000000000   0.000000000000
  0.000000000000   0.000000000000   0.000000000000
  0.000000000000   0.000000000000   0.000000000000
  0.000000000000   0.000000000000   0.000000000000
  0.000000000000   0.000000000000   0.000000000000
  0.000000000000   0.000000000000   0.000000000000
  0.000000000000   0.000000000000   0.000000000000
  0.000000000000   0.000000000000   0.000000000000
  0.000000000000   0.000000000000   0.000000000000
  0.000000000000   0.000000000000   0.000000000000
  0.000000000000   0.000000000000   0.000000000000
  0.000000000000   0.000000000000   0.000000000000
  0.000000000000   0.000000000000   0.000000000000
  0.000000000000   0.000000000000   0.000000000000
  0.000000000000   0.000000000000   0.000000000000
  0.000000000000   0.000000000000   0.000000000000
  0.000000000000   0.000000000000   0.000000000000
  0.000000000000   0.000000000000   0.000000000000
  0.000000000000   0.000000000000   0.000000000000
  0.000000000000   0.000000000000   0.000000000000
  0.000000000000   0.000000000000   0.000000000000
  0.000000000000   0.000000000000   0.000000000000
  0.000000000000   0.000000000000   0.000000000000
  0.000000000000   0.000000000000   0.000000000000
  0.000000000000   0.000000000000   0.000000000000
  0.000000000000   0.000000000000   0.000000000000
  0.000000000000   0.000000000000   0.000000000000
  0.000000000000   0.000000000000   0.000000000000
  0.000000000000   0.000000000000   0.000000000000
  0.000000000000   0.000000000000   0.000000000000
  0.000000000000   0.000000000000   0.000000000000
  0.000000000000   0.000000000000   0.000000000000
  0.000000000000   0.000000000000   0.000000000000
  0.000000000000   0.000000000000   0.000000000000
  0.000000000000   0.000000000000   0.000000000000
  0.000000000000   0.000000000000   0.000000000000
  0.000000000000   0.000000000000   0.000000000000
  0.000000000000   0.000000000000   0.000000000000
  0.000000000000   0.000000000000   0.000000000000
  0.000000000000   0.000000000000   0.000000000000
  0.000000000000   0.000000000000   0.000000000000
  0.000000000000   0.000000000000   0.000000000000
  0.000000000000   0.000000000000   0.000000000000
  0.000000000000   0.000000000000   0.000000000000
  0.000000000000   0.000000000000   0.000000000000
  0.000000000000   0.000000000000   0.000000000000
  0.000000000000   0.000000000000   0.000000000000
  0.000000000000   0.000000000000   0.000000000000
  0.000000000000   0.000000000000   0.000000000000
  0.000000000000   0.000000000000   0.000000000000
  0.000000000000   0.000000000000   0.000000000000
  0.000000000000   0.000000000000   0.000000000000
  0.000000000000   0.000000000000   0.000000000000
  0.000000000000   0.000000000000   0.000000000000
  0.000000000000   0.000000000000   0.000000000000
  0.000000000000   0.000000000000   0.000000000000
  0.000000000000   0.000000000000   0.000000000000
  0.000000000000   0.000000000000   0.000000000000
  0.000000000000   0.000000000000   0.000000000000
  0.000000000000   0.000000000000   0.000000000000
  0.000000000000   0.000000000000   0.000000000000
  0.000000000000   0.000000000000   0.000000000000
  0.000000000000   0.000000000000   0.000000000000
  0.000000000000   0.000000000000   0.000000000000
  0.000000000000   0.000000000000   0.000000000000
  0.000000000000   0.000000000000   0.000000000000
  0.000000000000   0.000000000000   0.000000000000
  0.000000000000   0.000000000000   0.000000000000
  0.000000000000   0.000000000000   0.000000000000
  0.000000000000   0.000000000000   0.000000000000
  0.000000000000   0.000000000000   0.000000000000
  0.000000000000   0.000000000000   0.000000000000
  0.000000000000   0.000000000000   0.000000000000
  0.000000000000   0.000000000000   0.000000000000
  0.000000000000   0.000000000000   0.000000000000
  0.000000000000   0.000000000000   0.000000000000
  0.000000000000   0.000000000000   0.000000000000
  0.000000000000   0.000000000000   0.000000000000
  0.000000000000   0.000000000000   0.000000000000
  0.000000000000   0.000000000000   0.000000000000
  0.000000000000   0.000000000000   0.000000000000
  0.000000000000   0.000000000000   0.000000000000
  0.000000000000   0.000000000000   0.000000000000
  0.000000000000   0.000000000000   0.000000000000
  0.000000000000   0.000000000000   0.000000000000
  0.000000000000   0.000000000000   0.000000000000
  0.000000000000   0.000000000000   0.000000000000
  115    2  0.0000  0.0150  0.0000
  0.000000000000   0.000000000000   0.000000000000
  0.000000000000   0.000000000000   0.000000000000
  0.000000000000   0.000000000000   0.000000000000
  0.000000000000   0.000000000000   0.000000000000
  0.000000000000   0.000000000000   0.000000000000
  0.000000000000   0.000000000000   0.000000000000
  0.000000000000   0.000000000000   0.000000000000
  0.000000000000   0.000000000000   0.000000000000
  0.000000000000   0.000000000000   0.000000000000
  0.000000000000   0.000000000000   0.000000000000
  0.000000000000   0.000000000000   0.000000000000
  0.000000000000   0.000000000000   0.000000000000
  0.000000000000   0.000000000000   0.000000000000
  0.000000000000   0.000000000000   0.000000000000
  0.000000000000   0.000000000000   0.000000000000
  0.000000000000   0.000000000000   0.000000000000
  0.000000000000   0.000000000000   0.000000000000
  0.000000000000   0.000000000000   0.000000000000
  0.000000000000   0.000000000000   0.000000000000
  0.000000000000   0.000000000000   0.000000000000
  0.000000000000   0.000000000000   0.000000000000
  0.000000000000   0.000000000000   0.000000000000
  0.000000000000   0.000000000000   0.000000000000
  0.000000000000   0.000000000000   0.000000000000
  0.000000000000   0.000000000000   0.000000000000
  0.000000000000   0.000000000000   0.000000000000
  0.000000000000   0.000000000000   0.000000000000
  0.000000000000   0.000000000000   0.000000000000
  0.000000000000   0.000000000000   0.000000000000
  0.000000000000   0.000000000000   0.000000000000
  0.000000000000   0.000000000000   0.000000000000
  0.000000000000   0.000000000000   0.000000000000
  0.000000000000   0.000000000000   0.000000000000
  0.000000000000   0.000000000000   0.000000000000
  0.000000000000   0.000000000000   0.000000000000
  0.000000000000   0.000000000000   0.000000000000
  0.000000000000   0.000000000000   0.000000000000
  0.000000000000   0.000000000000   0.000000000000
  0.000000000000   0.000000000000   0.000000000000
  0.000000000000   0.000000000000   0.000000000000
  0.000000000000   0.000000000000   0.000000000000
  0.000000000000   0.000000000000   0.000000000000
  0.000000000000   0.000000000000   0.000000000000
  0.000000000000   0.000000000000   0.000000000000
  0.000000000000   0.000000000000   0.000000000000
  0.000000000000   0.000000000000   0.000000000000
  0.000000000000   0.000000000000   0.000000000000
  0.000000000000   0.000000000000   0.000000000000
  0.000000000000   0.000000000000   0.000000000000
  0.000000000000   0.000000000000   0.000000000000
  0.000000000000   0.000000000000   0.000000000000
  0.000000000000   0.000000000000   0.000000000000
  0.000000000000   0.000000000000   0.000000000000
  0.000000000000   0.000000000000   0.000000000000
  0.000000000000   0.000000000000   0.000000000000
  0.000000000000   0.000000000000   0.000000000000
  0.000000000000   0.000000000000   0.000000000000
  0.000000000000   0.000000000000   0.000000000000
  0.000000000000   0.000000000000   0.000000000000
  0.000000000000   0.000000000000   0.000000000000
  0.000000000000   0.000000000000   0.000000000000
  0.000000000000   0.000000000000   0.000000000000
  0.000000000000   0.000000000000   0.000000000000
  0.000000000000   0.000000000000   0.000000000000
  0.000000000000   0.000000000000   0.000000000000
  0.000000000000   0.000000000000   0.000000000000
  0.000000000000   0.000000000000   0.000000000000
  0.000000000000   0.000000000000   0.000000000000
  0.000000000000   0.000000000000   0.000000000000
  0.000000000000   0.000000000000   0.000000000000
  0.000000000000   0.000000000000   0.000000000000
  0.000000000000   0.000000000000   0.000000000000
  0.000000000000   0.000000000000   0.000000000000
  0.000000000000   0.000000000000   0.000000000000
  0.000000000000   0.000000000000   0.000000000000
  0.000000000000   0.000000000000   0.000000000000
  0.000000000000   0.000000000000   0.000000000000
  0.000000000000   0.000000000000   0.000000000000
  0.000000000000   0.000000000000   0.000000000000
  0.000000000000   0.000000000000   0.000000000000
  0.000000000000   0.000000000000   0.000000000000
  0.000000000000   0.000000000000   0.000000000000
  0.000000000000   0.000000000000   0.000000000000
  0.000000000000   0.000000000000   0.000000000000
  0.000000000000   0.000000000000   0.000000000000
  0.000000000000   0.000000000000   0.000000000000
  0.000000000000   0.000000000000   0.000000000000
  0.000000000000   0.000000000000   0.000000000000
  0.000000000000   0.000000000000   0.000000000000
  0.000000000000   0.000000000000   0.000000000000
  0.000000000000   0.000000000000   0.000000000000
  0.000000000000   0.000000000000   0.000000000000
  0.000000000000   0.000000000000   0.000000000000
  0.000000000000   0.000000000000   0.000000000000
  0.000000000000   0.000000000000   0.000000000000
  0.000000000000   0.000000000000   0.000000000000
  0.000000000000   0.000000000000   0.000000000000
  0.000804326794   0.004517543543   0.001800680025
 -0.000604835557   0.000986230464  -0.002455777349
 -0.002698956957  -0.002669538293  -0.002458010932
  0.001600159685  -0.002271417452   0.001053203556
 -0.000119015223   0.001683743593  -0.000093991807
 -0.000146241184   0.001806781092  -0.000549514108
 -0.000350977877   0.000738108754   0.000199505466
  0.000105937901   0.000460141619  -0.000537060521
  0.011403099314   0.026865961018   0.015223257248
  0.005349106595   0.077961609655   0.004844234013
 -0.011682078015   0.045058162869  -0.011226192682
 -0.058483503667   0.364276710886  -0.057934531548
 -0.062942326505  -0.039977214622  -0.063903243200
 -0.003584235688   0.078649831823  -0.003623165460
  0.066594815327  -0.033846457776   0.068199274837
 -0.001871112159  -0.001737176919  -0.001219561904
  0.070363650423   0.392229781457   0.057554638928
 -0.009373720599  -0.913390404282  -0.005893716712
  0.000000000000   0.000000000000   0.000000000000
  0.000000000000   0.000000000000   0.000000000000
  0.000000000000   0.000000000000   0.000000000000
  0.000000000000   0.000000000000   0.000000000000
  0.000000000000   0.000000000000   0.000000000000
  0.000000000000   0.000000000000   0.000000000000
  0.000000000000   0.000000000000   0.000000000000
  0.000000000000   0.000000000000   0.000000000000
  0.000000000000   0.000000000000   0.000000000000
  0.000000000000   0.000000000000   0.000000000000
  0.000000000000   0.000000000000   0.000000000000
  0.000000000000   0.000000000000   0.000000000000
  0.000000000000   0.000000000000   0.000000000000
  0.000000000000   0.000000000000   0.000000000000
  0.000000000000   0.000000000000   0.000000000000
  0.000000000000   0.000000000000   0.000000000000
  0.000000000000   0.000000000000   0.000000000000
  0.000000000000   0.000000000000   0.000000000000
  0.000000000000   0.000000000000   0.000000000000
  0.000000000000   0.000000000000   0.000000000000
  0.000000000000   0.000000000000   0.000000000000
  0.000000000000   0.000000000000   0.000000000000
  0.000000000000   0.000000000000   0.000000000000
  0.000000000000   0.000000000000   0.000000000000
  0.000000000000   0.000000000000   0.000000000000
  0.000000000000   0.000000000000   0.000000000000
  0.000000000000   0.000000000000   0.000000000000
  0.000000000000   0.000000000000   0.000000000000
  0.000000000000   0.000000000000   0.000000000000
  0.000000000000   0.000000000000   0.000000000000
  0.000000000000   0.000000000000   0.000000000000
  0.000000000000   0.000000000000   0.000000000000
  0.000000000000   0.000000000000   0.000000000000
  0.000000000000   0.000000000000   0.000000000000
  0.000000000000   0.000000000000   0.000000000000
  0.000000000000   0.000000000000   0.000000000000
  0.000000000000   0.000000000000   0.000000000000
  0.000000000000   0.000000000000   0.000000000000
  0.000000000000   0.000000000000   0.000000000000
  0.000000000000   0.000000000000   0.000000000000
  0.000000000000   0.000000000000   0.000000000000
  0.000000000000   0.000000000000   0.000000000000
  0.000000000000   0.000000000000   0.000000000000
  0.000000000000   0.000000000000   0.000000000000
  0.000000000000   0.000000000000   0.000000000000
  0.000000000000   0.000000000000   0.000000000000
  0.000000000000   0.000000000000   0.000000000000
  0.000000000000   0.000000000000   0.000000000000
  0.000000000000   0.000000000000   0.000000000000
  0.000000000000   0.000000000000   0.000000000000
  0.000000000000   0.000000000000   0.000000000000
  0.000000000000   0.000000000000   0.000000000000
  0.000000000000   0.000000000000   0.000000000000
  0.000000000000   0.000000000000   0.000000000000
  0.000000000000   0.000000000000   0.000000000000
  0.000000000000   0.000000000000   0.000000000000
  0.000000000000   0.000000000000   0.000000000000
  0.000000000000   0.000000000000   0.000000000000
  0.000000000000   0.000000000000   0.000000000000
  0.000000000000   0.000000000000   0.000000000000
  0.000000000000   0.000000000000   0.000000000000
  0.000000000000   0.000000000000   0.000000000000
  0.000000000000   0.000000000000   0.000000000000
  0.000000000000   0.000000000000   0.000000000000
  0.000000000000   0.000000000000   0.000000000000
  0.000000000000   0.000000000000   0.000000000000
  0.000000000000   0.000000000000   0.000000000000
  0.000000000000   0.000000000000   0.000000000000
  0.000000000000   0.000000000000   0.000000000000
  0.000000000000   0.000000000000   0.000000000000
  0.000000000000   0.000000000000   0.000000000000
  0.000000000000   0.000000000000   0.000000000000
  0.000000000000   0.000000000000   0.000000000000
  0.000000000000   0.000000000000   0.000000000000
  0.000000000000   0.000000000000   0.000000000000
  0.000000000000   0.000000000000   0.000000000000
  0.000000000000   0.000000000000   0.000000000000
  0.000000000000   0.000000000000   0.000000000000
  0.000000000000   0.000000000000   0.000000000000
  0.000000000000   0.000000000000   0.000000000000
  0.000000000000   0.000000000000   0.000000000000
  0.000000000000   0.000000000000   0.000000000000
  0.000000000000   0.000000000000   0.000000000000
  0.000000000000   0.000000000000   0.000000000000
  0.000000000000   0.000000000000   0.000000000000
  0.000000000000   0.000000000000   0.000000000000
  0.000000000000   0.000000000000   0.000000000000
  0.000000000000   0.000000000000   0.000000000000
  0.000000000000   0.000000000000   0.000000000000
  0.000000000000   0.000000000000   0.000000000000
  0.000000000000   0.000000000000   0.000000000000
  0.000000000000   0.000000000000   0.000000000000
  0.000000000000   0.000000000000   0.000000000000
  0.000000000000   0.000000000000   0.000000000000
  0.000000000000   0.000000000000   0.000000000000
  0.000000000000   0.000000000000   0.000000000000
  0.000000000000   0.000000000000   0.000000000000
  0.000000000000   0.000000000000   0.000000000000
  0.000000000000   0.000000000000   0.000000000000
  0.000000000000   0.000000000000   0.000000000000
  0.000000000000   0.000000000000   0.000000000000
  0.000000000000   0.000000000000   0.000000000000
  0.000000000000   0.000000000000   0.000000000000
  0.000000000000   0.000000000000   0.000000000000
  0.000000000000   0.000000000000   0.000000000000
  0.000000000000   0.000000000000   0.000000000000
  0.000000000000   0.000000000000   0.000000000000
  0.000000000000   0.000000000000   0.000000000000
  0.000000000000   0.000000000000   0.000000000000
  0.000000000000   0.000000000000   0.000000000000
  0.000000000000   0.000000000000   0.000000000000
  0.000000000000   0.000000000000   0.000000000000
  0.000000000000   0.000000000000   0.000000000000
  0.000000000000   0.000000000000   0.000000000000
  0.000000000000   0.000000000000   0.000000000000
  0.000000000000   0.000000000000   0.000000000000
  0.000000000000   0.000000000000   0.000000000000
  0.000000000000   0.000000000000   0.000000000000
  0.000000000000   0.000000000000   0.000000000000
  0.000000000000   0.000000000000   0.000000000000
  0.000000000000   0.000000000000   0.000000000000
  0.000000000000   0.000000000000   0.000000000000
  0.000000000000   0.000000000000   0.000000000000
  0.000000000000   0.000000000000   0.000000000000
  0.000000000000   0.000000000000   0.000000000000
  0.000000000000   0.000000000000   0.000000000000
  0.000000000000   0.000000000000   0.000000000000
  0.000000000000   0.000000000000   0.000000000000
  0.000000000000   0.000000000000   0.000000000000
  0.000000000000   0.000000000000   0.000000000000
  0.000000000000   0.000000000000   0.000000000000
  0.000000000000   0.000000000000   0.000000000000
  0.000000000000   0.000000000000   0.000000000000
  0.000000000000   0.000000000000   0.000000000000
  0.000000000000   0.000000000000   0.000000000000
  0.000000000000   0.000000000000   0.000000000000
  0.000000000000   0.000000000000   0.000000000000
  0.000000000000   0.000000000000   0.000000000000
  0.000000000000   0.000000000000   0.000000000000
  0.000000000000   0.000000000000   0.000000000000
  0.000000000000   0.000000000000   0.000000000000
  0.000000000000   0.000000000000   0.000000000000
  0.000000000000   0.000000000000   0.000000000000
  0.000000000000   0.000000000000   0.000000000000
  0.000000000000   0.000000000000   0.000000000000
  0.000000000000   0.000000000000   0.000000000000
  0.000000000000   0.000000000000   0.000000000000
  0.000000000000   0.000000000000   0.000000000000
  0.000000000000   0.000000000000   0.000000000000
  0.000000000000   0.000000000000   0.000000000000
  0.000000000000   0.000000000000   0.000000000000
  0.000000000000   0.000000000000   0.000000000000
  0.000000000000   0.000000000000   0.000000000000
  0.000000000000   0.000000000000   0.000000000000
  0.000000000000   0.000000000000   0.000000000000
  0.000000000000   0.000000000000   0.000000000000
  0.000000000000   0.000000000000   0.000000000000
  0.000000000000   0.000000000000   0.000000000000
  0.000000000000   0.000000000000   0.000000000000
  0.000000000000   0.000000000000   0.000000000000
  0.000000000000   0.000000000000   0.000000000000
  0.000000000000   0.000000000000   0.000000000000
  0.000000000000   0.000000000000   0.000000000000
  0.000000000000   0.000000000000   0.000000000000
  0.000000000000   0.000000000000   0.000000000000
  0.000000000000   0.000000000000   0.000000000000
  0.000000000000   0.000000000000   0.000000000000
  0.000000000000   0.000000000000   0.000000000000
  0.000000000000   0.000000000000   0.000000000000
  0.000000000000   0.000000000000   0.000000000000
  0.000000000000   0.000000000000   0.000000000000
  0.000000000000   0.000000000000   0.000000000000
  0.000000000000   0.000000000000   0.000000000000
  0.000000000000   0.000000000000   0.000000000000
  0.000000000000   0.000000000000   0.000000000000
  0.000000000000   0.000000000000   0.000000000000
  0.000000000000   0.000000000000   0.000000000000
  0.000000000000   0.000000000000   0.000000000000
  0.000000000000   0.000000000000   0.000000000000
  0.000000000000   0.000000000000   0.000000000000
  0.000000000000   0.000000000000   0.000000000000
  0.000000000000   0.000000000000   0.000000000000
  0.000000000000   0.000000000000   0.000000000000
  0.000000000000   0.000000000000   0.000000000000
  0.000000000000   0.000000000000   0.000000000000
  0.000000000000   0.000000000000   0.000000000000
  0.000000000000   0.000000000000   0.000000000000
  0.000000000000   0.000000000000   0.000000000000
  0.000000000000   0.000000000000   0.000000000000
  0.000000000000   0.000000000000   0.000000000000
  0.000000000000   0.000000000000   0.000000000000
  0.000000000000   0.000000000000   0.000000000000
  115    3  0.0000  0.0000  0.0150
  0.000000000000   0.000000000000   0.000000000000
  0.000000000000   0.000000000000   0.000000000000
  0.000000000000   0.000000000000   0.000000000000
  0.000000000000   0.000000000000   0.000000000000
  0.000000000000   0.000000000000   0.000000000000
  0.000000000000   0.000000000000   0.000000000000
  0.000000000000   0.000000000000   0.000000000000
  0.000000000000   0.000000000000   0.000000000000
  0.000000000000   0.000000000000   0.000000000000
  0.000000000000   0.000000000000   0.000000000000
  0.000000000000   0.000000000000   0.000000000000
  0.000000000000   0.000000000000   0.000000000000
  0.000000000000   0.000000000000   0.000000000000
  0.000000000000   0.000000000000   0.000000000000
  0.000000000000   0.000000000000   0.000000000000
  0.000000000000   0.000000000000   0.000000000000
  0.000000000000   0.000000000000   0.000000000000
  0.000000000000   0.000000000000   0.000000000000
  0.000000000000   0.000000000000   0.000000000000
  0.000000000000   0.000000000000   0.000000000000
  0.000000000000   0.000000000000   0.000000000000
  0.000000000000   0.000000000000   0.000000000000
  0.000000000000   0.000000000000   0.000000000000
  0.000000000000   0.000000000000   0.000000000000
  0.000000000000   0.000000000000   0.000000000000
  0.000000000000   0.000000000000   0.000000000000
  0.000000000000   0.000000000000   0.000000000000
  0.000000000000   0.000000000000   0.000000000000
  0.000000000000   0.000000000000   0.000000000000
  0.000000000000   0.000000000000   0.000000000000
  0.000000000000   0.000000000000   0.000000000000
  0.000000000000   0.000000000000   0.000000000000
  0.000000000000   0.000000000000   0.000000000000
  0.000000000000   0.000000000000   0.000000000000
  0.000000000000   0.000000000000   0.000000000000
  0.000000000000   0.000000000000   0.000000000000
  0.000000000000   0.000000000000   0.000000000000
  0.000000000000   0.000000000000   0.000000000000
  0.000000000000   0.000000000000   0.000000000000
  0.000000000000   0.000000000000   0.000000000000
  0.000000000000   0.000000000000   0.000000000000
  0.000000000000   0.000000000000   0.000000000000
  0.000000000000   0.000000000000   0.000000000000
  0.000000000000   0.000000000000   0.000000000000
  0.000000000000   0.000000000000   0.000000000000
  0.000000000000   0.000000000000   0.000000000000
  0.000000000000   0.000000000000   0.000000000000
  0.000000000000   0.000000000000   0.000000000000
  0.000000000000   0.000000000000   0.000000000000
  0.000000000000   0.000000000000   0.000000000000
  0.000000000000   0.000000000000   0.000000000000
  0.000000000000   0.000000000000   0.000000000000
  0.000000000000   0.000000000000   0.000000000000
  0.000000000000   0.000000000000   0.000000000000
  0.000000000000   0.000000000000   0.000000000000
  0.000000000000   0.000000000000   0.000000000000
  0.000000000000   0.000000000000   0.000000000000
  0.000000000000   0.000000000000   0.000000000000
  0.000000000000   0.000000000000   0.000000000000
  0.000000000000   0.000000000000   0.000000000000
  0.000000000000   0.000000000000   0.000000000000
  0.000000000000   0.000000000000   0.000000000000
  0.000000000000   0.000000000000   0.000000000000
  0.000000000000   0.000000000000   0.000000000000
  0.000000000000   0.000000000000   0.000000000000
  0.000000000000   0.000000000000   0.000000000000
  0.000000000000   0.000000000000   0.000000000000
  0.000000000000   0.000000000000   0.000000000000
  0.000000000000   0.000000000000   0.000000000000
  0.000000000000   0.000000000000   0.000000000000
  0.000000000000   0.000000000000   0.000000000000
  0.000000000000   0.000000000000   0.000000000000
  0.000000000000   0.000000000000   0.000000000000
  0.000000000000   0.000000000000   0.000000000000
  0.000000000000   0.000000000000   0.000000000000
  0.000000000000   0.000000000000   0.000000000000
  0.000000000000   0.000000000000   0.000000000000
  0.000000000000   0.000000000000   0.000000000000
  0.000000000000   0.000000000000   0.000000000000
  0.000000000000   0.000000000000   0.000000000000
  0.000000000000   0.000000000000   0.000000000000
  0.000000000000   0.000000000000   0.000000000000
  0.000000000000   0.000000000000   0.000000000000
  0.000000000000   0.000000000000   0.000000000000
  0.000000000000   0.000000000000   0.000000000000
  0.000000000000   0.000000000000   0.000000000000
  0.000000000000   0.000000000000   0.000000000000
  0.000000000000   0.000000000000   0.000000000000
  0.000000000000   0.000000000000   0.000000000000
  0.000000000000   0.000000000000   0.000000000000
  0.000000000000   0.000000000000   0.000000000000
  0.000000000000   0.000000000000   0.000000000000
  0.000000000000   0.000000000000   0.000000000000
  0.000000000000   0.000000000000   0.000000000000
  0.000000000000   0.000000000000   0.000000000000
  0.000000000000   0.000000000000   0.000000000000
  0.000000000000   0.000000000000   0.000000000000
  0.001173754308   0.003166023949   0.001001179871
  0.000244788132   0.001470192065   0.000514513970
 -0.000136531060   0.001851520748  -0.000617173389
  0.008797652767   0.000741995226  -0.000180554431
 -0.001275859823   0.000026143418   0.000308927997
  0.000942080206   0.001385696072   0.001107325741
 -0.000211374593  -0.000052895144   0.000239719047
  0.000137717678   0.000138235476  -0.000064453174
 -0.007208440418  -0.018314653565  -0.009968307810
  0.201499634337   0.006181879902   0.272536138167
 -0.005236002754   0.014652403760  -0.011633386647
  0.074290625096  -0.119076974065   0.171437500530
  0.029036513808  -0.029695953438   0.019217908766
 -0.003988307955  -0.000363340249   0.002727763085
  0.023080854561   0.031554697468   0.014113537176
  0.006854704830  -0.001087104451  -0.002054814615
  0.079252494198   0.112810742003   0.161383507451
 -0.402356919391  -0.005189960643  -0.622896626670
  0.000000000000   0.000000000000   0.000000000000
  0.000000000000   0.000000000000   0.000000000000
  0.000000000000   0.000000000000   0.000000000000
  0.000000000000   0.000000000000   0.000000000000
  0.000000000000   0.000000000000   0.000000000000
  0.000000000000   0.000000000000   0.000000000000
  0.000000000000   0.000000000000   0.000000000000
  0.000000000000   0.000000000000   0.000000000000
  0.000000000000   0.000000000000   0.000000000000
  0.000000000000   0.000000000000   0.000000000000
  0.000000000000   0.000000000000   0.000000000000
  0.000000000000   0.000000000000   0.000000000000
  0.000000000000   0.000000000000   0.000000000000
  0.000000000000   0.000000000000   0.000000000000
  0.000000000000   0.000000000000   0.000000000000
  0.000000000000   0.000000000000   0.000000000000
  0.000000000000   0.000000000000   0.000000000000
  0.000000000000   0.000000000000   0.000000000000
  0.000000000000   0.000000000000   0.000000000000
  0.000000000000   0.000000000000   0.000000000000
  0.000000000000   0.000000000000   0.000000000000
  0.000000000000   0.000000000000   0.000000000000
  0.000000000000   0.000000000000   0.000000000000
  0.000000000000   0.000000000000   0.000000000000
  0.000000000000   0.000000000000   0.000000000000
  0.000000000000   0.000000000000   0.000000000000
  0.000000000000   0.000000000000   0.000000000000
  0.000000000000   0.000000000000   0.000000000000
  0.000000000000   0.000000000000   0.000000000000
  0.000000000000   0.000000000000   0.000000000000
  0.000000000000   0.000000000000   0.000000000000
  0.000000000000   0.000000000000   0.000000000000
  0.000000000000   0.000000000000   0.000000000000
  0.000000000000   0.000000000000   0.000000000000
  0.000000000000   0.000000000000   0.000000000000
  0.000000000000   0.000000000000   0.000000000000
  0.000000000000   0.000000000000   0.000000000000
  0.000000000000   0.000000000000   0.000000000000
  0.000000000000   0.000000000000   0.000000000000
  0.000000000000   0.000000000000   0.000000000000
  0.000000000000   0.000000000000   0.000000000000
  0.000000000000   0.000000000000   0.000000000000
  0.000000000000   0.000000000000   0.000000000000
  0.000000000000   0.000000000000   0.000000000000
  0.000000000000   0.000000000000   0.000000000000
  0.000000000000   0.000000000000   0.000000000000
  0.000000000000   0.000000000000   0.000000000000
  0.000000000000   0.000000000000   0.000000000000
  0.000000000000   0.000000000000   0.000000000000
  0.000000000000   0.000000000000   0.000000000000
  0.000000000000   0.000000000000   0.000000000000
  0.000000000000   0.000000000000   0.000000000000
  0.000000000000   0.000000000000   0.000000000000
  0.000000000000   0.000000000000   0.000000000000
  0.000000000000   0.000000000000   0.000000000000
  0.000000000000   0.000000000000   0.000000000000
  0.000000000000   0.000000000000   0.000000000000
  0.000000000000   0.000000000000   0.000000000000
  0.000000000000   0.000000000000   0.000000000000
  0.000000000000   0.000000000000   0.000000000000
  0.000000000000   0.000000000000   0.000000000000
  0.000000000000   0.000000000000   0.000000000000
  0.000000000000   0.000000000000   0.000000000000
  0.000000000000   0.000000000000   0.000000000000
  0.000000000000   0.000000000000   0.000000000000
  0.000000000000   0.000000000000   0.000000000000
  0.000000000000   0.000000000000   0.000000000000
  0.000000000000   0.000000000000   0.000000000000
  0.000000000000   0.000000000000   0.000000000000
  0.000000000000   0.000000000000   0.000000000000
  0.000000000000   0.000000000000   0.000000000000
  0.000000000000   0.000000000000   0.000000000000
  0.000000000000   0.000000000000   0.000000000000
  0.000000000000   0.000000000000   0.000000000000
  0.000000000000   0.000000000000   0.000000000000
  0.000000000000   0.000000000000   0.000000000000
  0.000000000000   0.000000000000   0.000000000000
  0.000000000000   0.000000000000   0.000000000000
  0.000000000000   0.000000000000   0.000000000000
  0.000000000000   0.000000000000   0.000000000000
  0.000000000000   0.000000000000   0.000000000000
  0.000000000000   0.000000000000   0.000000000000
  0.000000000000   0.000000000000   0.000000000000
  0.000000000000   0.000000000000   0.000000000000
  0.000000000000   0.000000000000   0.000000000000
  0.000000000000   0.000000000000   0.000000000000
  0.000000000000   0.000000000000   0.000000000000
  0.000000000000   0.000000000000   0.000000000000
  0.000000000000   0.000000000000   0.000000000000
  0.000000000000   0.000000000000   0.000000000000
  0.000000000000   0.000000000000   0.000000000000
  0.000000000000   0.000000000000   0.000000000000
  0.000000000000   0.000000000000   0.000000000000
  0.000000000000   0.000000000000   0.000000000000
  0.000000000000   0.000000000000   0.000000000000
  0.000000000000   0.000000000000   0.000000000000
  0.000000000000   0.000000000000   0.000000000000
  0.000000000000   0.000000000000   0.000000000000
  0.000000000000   0.000000000000   0.000000000000
  0.000000000000   0.000000000000   0.000000000000
  0.000000000000   0.000000000000   0.000000000000
  0.000000000000   0.000000000000   0.000000000000
  0.000000000000   0.000000000000   0.000000000000
  0.000000000000   0.000000000000   0.000000000000
  0.000000000000   0.000000000000   0.000000000000
  0.000000000000   0.000000000000   0.000000000000
  0.000000000000   0.000000000000   0.000000000000
  0.000000000000   0.000000000000   0.000000000000
  0.000000000000   0.000000000000   0.000000000000
  0.000000000000   0.000000000000   0.000000000000
  0.000000000000   0.000000000000   0.000000000000
  0.000000000000   0.000000000000   0.000000000000
  0.000000000000   0.000000000000   0.000000000000
  0.000000000000   0.000000000000   0.000000000000
  0.000000000000   0.000000000000   0.000000000000
  0.000000000000   0.000000000000   0.000000000000
  0.000000000000   0.000000000000   0.000000000000
  0.000000000000   0.000000000000   0.000000000000
  0.000000000000   0.000000000000   0.000000000000
  0.000000000000   0.000000000000   0.000000000000
  0.000000000000   0.000000000000   0.000000000000
  0.000000000000   0.000000000000   0.000000000000
  0.000000000000   0.000000000000   0.000000000000
  0.000000000000   0.000000000000   0.000000000000
  0.000000000000   0.000000000000   0.000000000000
  0.000000000000   0.000000000000   0.000000000000
  0.000000000000   0.000000000000   0.000000000000
  0.000000000000   0.000000000000   0.000000000000
  0.000000000000   0.000000000000   0.000000000000
  0.000000000000   0.000000000000   0.000000000000
  0.000000000000   0.000000000000   0.000000000000
  0.000000000000   0.000000000000   0.000000000000
  0.000000000000   0.000000000000   0.000000000000
  0.000000000000   0.000000000000   0.000000000000
  0.000000000000   0.000000000000   0.000000000000
  0.000000000000   0.000000000000   0.000000000000
  0.000000000000   0.000000000000   0.000000000000
  0.000000000000   0.000000000000   0.000000000000
  0.000000000000   0.000000000000   0.000000000000
  0.000000000000   0.000000000000   0.000000000000
  0.000000000000   0.000000000000   0.000000000000
  0.000000000000   0.000000000000   0.000000000000
  0.000000000000   0.000000000000   0.000000000000
  0.000000000000   0.000000000000   0.000000000000
  0.000000000000   0.000000000000   0.000000000000
  0.000000000000   0.000000000000   0.000000000000
  0.000000000000   0.000000000000   0.000000000000
  0.000000000000   0.000000000000   0.000000000000
  0.000000000000   0.000000000000   0.000000000000
  0.000000000000   0.000000000000   0.000000000000
  0.000000000000   0.000000000000   0.000000000000
  0.000000000000   0.000000000000   0.000000000000
  0.000000000000   0.000000000000   0.000000000000
  0.000000000000   0.000000000000   0.000000000000
  0.000000000000   0.000000000000   0.000000000000
  0.000000000000   0.000000000000   0.000000000000
  0.000000000000   0.000000000000   0.000000000000
  0.000000000000   0.000000000000   0.000000000000
  0.000000000000   0.000000000000   0.000000000000
  0.000000000000   0.000000000000   0.000000000000
  0.000000000000   0.000000000000   0.000000000000
  0.000000000000   0.000000000000   0.000000000000
  0.000000000000   0.000000000000   0.000000000000
  0.000000000000   0.000000000000   0.000000000000
  0.000000000000   0.000000000000   0.000000000000
  0.000000000000   0.000000000000   0.000000000000
  0.000000000000   0.000000000000   0.000000000000
  0.000000000000   0.000000000000   0.000000000000
  0.000000000000   0.000000000000   0.000000000000
  0.000000000000   0.000000000000   0.000000000000
  0.000000000000   0.000000000000   0.000000000000
  0.000000000000   0.000000000000   0.000000000000
  0.000000000000   0.000000000000   0.000000000000
  0.000000000000   0.000000000000   0.000000000000
  0.000000000000   0.000000000000   0.000000000000
  0.000000000000   0.000000000000   0.000000000000
  0.000000000000   0.000000000000   0.000000000000
  0.000000000000   0.000000000000   0.000000000000
  0.000000000000   0.000000000000   0.000000000000
  0.000000000000   0.000000000000   0.000000000000
  0.000000000000   0.000000000000   0.000000000000
  0.000000000000   0.000000000000   0.000000000000
  0.000000000000   0.000000000000   0.000000000000
  0.000000000000   0.000000000000   0.000000000000
  0.000000000000   0.000000000000   0.000000000000
  0.000000000000   0.000000000000   0.000000000000
  0.000000000000   0.000000000000   0.000000000000
  0.000000000000   0.000000000000   0.000000000000
  0.000000000000   0.000000000000   0.000000000000
  0.000000000000   0.000000000000   0.000000000000
  0.000000000000   0.000000000000   0.000000000000
  0.000000000000   0.000000000000   0.000000000000
