{
  "eos_name": "birch_murnaghan",
  "input": {
    "volume_unit": "Ang^3/atom",
    "energy_unit": "eV/atom",
    "npoints": 41
  },
  "fit_parameters": {
    "V0_Ang3_per_atom": 11.413775783450511,
    "E0_eV_per_atom": -8.267484265362867,
    "B0_eV_per_Ang3": 1.098075976075177,
    "B0_GPa": 175.93116712243912,
    "B1_dimensionless": 5.087611026270732
  },
  "data": {
    "volumes_Ang3_per_atom": [
      8.0,
      8.2,
      8.4,
      8.6,
      8.8,
      9.0,
      9.2,
      9.4,
      9.6,
      9.8,
      10.0,
      10.2,
      10.4,
      10.6,
      10.8,
      11.0,
      11.2,
      11.4,
      11.6,
      11.8,
      12.0,
      12.2,
      12.4,
      12.6,
      12.8,
      13.0,
      13.2,
      13.4,
      13.6,
      13.8,
      14.0,
      14.2,
      14.4,
      14.6,
      14.8,
      15.0,
      15.2,
      15.4,
      15.6,
      15.8,
      16.0
    ],
    "energies_eV_per_atom": [
      -7.11475773,
      -7.29437546,
      -7.45198685,
      -7.589496115,
      -7.708986395,
      -7.811870545,
      -7.901372415,
      -7.97836063,
      -8.04372911,
      -8.098309515,
      -8.143212695,
      -8.179603765,
      -8.20885444,
      -8.23201019,
      -8.249385475,
      -8.26111169,
      -8.267436185,
      -8.26878316,
      -8.26576696,
      -8.258941675,
      -8.24897923,
      -8.23642831,
      -8.221943045,
      -8.206468495,
      -8.19018173,
      -8.17235136,
      -8.15267455,
      -8.13124362,
      -8.10826441,
      -8.08395098,
      -8.058424595,
      -8.031713555,
      -8.00385612,
      -7.97488574,
      -7.9449307,
      -7.914097785,
      -7.88254782,
      -7.85042652,
      -7.817898785,
      -7.784874205,
      -7.752593105
    ]
  }
}
